crime_id,month,crime_type,longitude,latitude,cell250,is_hotspot
8476f32b188fae2d0d14b7db79e872fd7688f064e8ced34368d266803c19ea75,2025-01-01,Drugs,-0.097078,51.519045,64,0
92b8de6e45c3b711e802fb9d99e2a030c3f56b1c589e551e18f2070d0396c13a,2025-01-01,Other theft,-0.09729,51.521575,76,0
023587ed2c674a28bd52d6e03d505c3b0dba6d25e8b95b0966f826ca5837d645,2025-01-01,Other theft,-0.098519,51.517332,52,0
dffad61ad3005e323af26fbb3f3226c7ac2bddf8ccb252911a18c80fb071988c,2025-01-01,Public order,-0.098519,51.517332,52,0
41f83f2d4d5a7f323f6b97e9274013a9c7c1c8d46d80368b34b8d99de8c3fddc,2025-01-01,Shoplifting,-0.097245,51.515387,40,1
e94f3cd0c64e59f43fc0556ce0a61ecb40805062e0517b874909b2daacab3ad7,2025-01-01,Shoplifting,-0.097245,51.515387,40,1
22874f5347d449c29240f4abeaa6a2aa4375a7b9bda4446ff9a0c1dde3bbc529,2025-01-01,Theft from the person,-0.097144,51.515062,40,1
81c1bc412d5d6b77e9d926356155d0f649718d9d7f505886b9719a15c97788c6,2025-01-01,Theft from the person,-0.098519,51.517332,52,0
4e145e5a291fb94302062cbae8711463fb17180f2150b31c9ddf5a4d0eebb78c,2025-01-01,Other crime,-0.097078,51.519045,64,0
f39615e054dd6ced4e7cac76acaaf0312429b67d1c944fddc6a165330c691de2,2025-01-01,Bicycle theft,-0.092488,51.520598,66,0
342ec0e118067e0a88fc7c5fdf4b80520a3793ea625d0ab44ff5d87522d27025,2025-01-01,Bicycle theft,-0.090105,51.520001,66,0
5afc2bdd57cdae5c008e0c804126ca998a0859278f04b4e06bea6af37b5ff206,2025-01-01,Drugs,-0.095704,51.516747,41,0
7aadd8255c029102ec5d3756e1883c35d11a58a4aba1ae732a320a6ab61e9132,2025-01-01,Drugs,-0.092488,51.520598,66,0
5ea75c3cdeb9155373e98e2e34edaf03d36ec6d2fa6ff17d2994b63aa0d4bc70,2025-01-01,Drugs,-0.095704,51.516747,41,0
26a3493a7bf0665709c39892122481493f096ba5714f959291e2fee1bc06fc2c,2025-01-01,Other theft,-0.090105,51.520001,66,0
f6630df97042db3d397064a9b7fc35388c7ca3e5fdcb77325a88c47e78e9d756,2025-01-01,Other theft,-0.093845,51.518462,53,0
056a6c11cbce88ce4766647633bbd3c5f2eacebfe134a7f0b2a74e469fdff37e,2025-01-01,Other theft,-0.092488,51.520598,66,0
6da15dad29b0ddc88059f170e3982f55cb63bb0b02f1cbaf29207048f066d0d1,2025-01-01,Other theft,-0.090105,51.520001,66,0
f1b1c4103ef2367b4655c8a9b3bb04d1cd3716d4f745e025036a53c4f5161c8f,2025-01-01,Other theft,-0.092488,51.520598,66,0
11a49f4186955043ddf34dd5e018130c7a1c5f3d23e434a764c6d5b0281cf85f,2025-01-01,Other theft,-0.093886,51.518166,53,0
5bf165fafda5c615e09c34279e9ef207ff9fdb1d9fe5a5bda603b30f95aaea6f,2025-01-01,Other theft,-0.093969,51.5193,65,0
77d064f14def0106ee36d96a72c11f108fe5b5e71e6aa4b9ce834e37adc10901,2025-01-01,Other theft,-0.092488,51.520598,66,0
b4c7649d9fdee313848c638a1bd070417e1bccb2ca390b5ecc4cd156c7d61815,2025-01-01,Other theft,-0.092488,51.520598,66,0
27eaeb36ce8dd0c1fc5c46cadfed244631b3cf5d5fd04c77de5835bf3af943a1,2025-01-01,Public order,-0.09413,51.519961,65,0
1e1f5897047d5719a5ef5e091244a3213a002ed97401c1c7997d79d23a7b6be8,2025-01-01,Public order,-0.093969,51.5193,65,0
3b8cc9cab575ba9b244c09b1ecfcb7b484c17bffa57137a642d7610b4eaa65bd,2025-01-01,Shoplifting,-0.090553,51.518948,54,0
9da0d458e233fdc59d6aa7a09619c9eefe0d5ef80b8d2a216f83b50c567a7d1f,2025-01-01,Shoplifting,-0.090553,51.518948,54,0
5bec5e237c35df74346c831f7ffa554a14691e5b8252e009692af8ada2ddec7f,2025-01-01,Theft from the person,-0.091498,51.520483,66,0
989498d0c91c876d7c1f8d9bc109e16de84763077264bd15e35282c7bf99f0b1,2025-01-01,Theft from the person,-0.092971,51.516271,41,0
f1348f2baab6920f43189d3be352213deeb2257a7d254cb8e596f593bf62d512,2025-01-01,Theft from the person,-0.092488,51.520598,66,0
e67c54c5aa2a621b3bc53209205c59a246a2bef0f5274ca7bceb207f476643ca,2025-01-01,Theft from the person,-0.091495,51.518145,54,0
c1ea53e1b05684a8a07d6dceebd41c2345edea88cdcfd3b2a7c9354cc718bc50,2025-01-01,Theft from the person,-0.091498,51.520483,66,0
1ac448977b868341af04f9c7d2e983fe6e228a2f38005ce75f35c1d4ea4ec7c1,2025-01-01,Violence and sexual offences,-0.093845,51.518462,53,0
d8effa3e9079f10843747da4a483ca9e75a5dc44fd247767bf0126569b0f47f5,2025-01-01,Violence and sexual offences,-0.094655,51.517369,53,0
eecfeee629869050aeec734f1ecfec923d8831754807caf6032e70391b4f3e3d,2025-01-01,Violence and sexual offences,-0.092374,51.519517,66,0
c3ec749348fd0d5630a3d1bd6bff793cb531503d33b2733d4feb28c8ed8c7b7b,2025-01-01,Other theft,-0.095758,51.521667,77,0
c7273bef7dd28e18bd776eb7dcfe96611dfcfc5ccca816aa6e9909794c11d811,2025-01-01,Public order,-0.095258,51.520526,65,0
4fc4e368921aac95570e3b3729b9169af3c47a6d355329a0a04d5151b49f30d4,2025-01-01,Robbery,-0.096984,51.522426,76,0
ae59975f5797dfab73a296e9b339c4d689d46fd93ba9c05205931265e77769a8,2025-01-01,Robbery,-0.096984,51.522426,76,0
57c3769d88b2cdc568699c0ab3340fb7a1f31cf7d4aec5ec1a7165aca0a68b61,2025-01-01,Theft from the person,-0.096114,51.520747,65,0
2edc0297881df5e9ef893e9fdb83c33dc19328c0addbd38114015234e33b646d,2025-01-01,Violence and sexual offences,-0.095758,51.521667,77,0
52983bbb3fa5f2c0faec4fa45ed12581bb5236aedad0553923d76b79290c8243,2025-01-01,Bicycle theft,-0.078783,51.515383,45,0
771798449bbaeb698c52c804b67a1b122fd13e36d5e0f009b2beacffad2b4ebe,2025-01-01,Criminal damage and arson,-0.076038,51.511759,22,1
0ea7b4a5a8818ba642fcd8e0cc0699f8fa6fbfc8eb47a07512816eb62d13a1b4,2025-01-01,Drugs,-0.07433,51.513647,35,0
fc0b9c41acb937dc202a4ce0c593ea347f68cc7e623dda4dfb77d025c07b244f,2025-01-01,Drugs,-0.07433,51.513647,35,0
fe97d56c055bb3938c0770ccadfc87a7099783376a65a123d1177a7340d927ed,2025-01-01,Drugs,-0.07433,51.513647,35,0
19f8a46581d7c6665c7b45010dedaef9c88377539705bbb014991f8c992efdeb,2025-01-01,Drugs,-0.07433,51.513647,35,0
fc0505ae382f12655824d6191f21ea6723abc0507f5719beda6fd8f207c11676,2025-01-01,Drugs,-0.073717,51.510084,23,0
ef2f6c32afb889df3f9b5bb25d8b9ecbddccf27456e810e9ce6f6e19f3c69bee,2025-01-01,Other theft,-0.076716,51.515178,46,0
0c2b339be61b251b805f41aa5e98f9e15eeea7561a0fd36cbdea065b1e51cccf,2025-01-01,Other theft,-0.077407,51.516215,46,0
25604b979fd4f171b934c7f5597438064ec6c8cd2cd3f0e8183d4566b8440481,2025-01-01,Other theft,-0.07433,51.513647,35,0
aa5aa4b86244d7a877fceef1b6ce21ecc8a57485ca328cd52bef30d3ed5c98d0,2025-01-01,Other theft,-0.076038,51.511759,22,1
91a514b4950984cb005621b69219264c972339f56b988b2984140f4ff2a33374,2025-01-01,Other theft,-0.073456,51.513542,35,0
eed030b04393d58d8c4a6c1305449449454e67a549b256fac91eb601c135f399,2025-01-01,Public order,-0.075401,51.511164,22,1
57a3aefcd720bf6330e9c387cc4e13fa13984aa53c911dacf9f2dc5ac53b9929,2025-01-01,Public order,-0.076145,51.512642,34,1
2da123592eb45776adfb7f1a92f7f9667c620dc8d38aafa88b661eda5503fe3f,2025-01-01,Public order,-0.075922,51.515894,46,0
314c0006a6ff259c9226ffaceeab5094667e14a373a3d56e19384f079c272ca5,2025-01-01,Public order,-0.075401,51.511164,22,1
8b6173504cef0890df472b02fcea77f89ebd833daa32d3f020941761c6b4eb42,2025-01-01,Public order,-0.078783,51.515383,45,0
ac5e796309277d7c62003fcbdea38db74d30a17d59c634b6f505c6cba89579dc,2025-01-01,Public order,-0.076145,51.512642,34,1
7a72a865f7d353299f38d2cf8c6476cf58d596f39f6f95dec6ea58046ea5666d,2025-01-01,Robbery,-0.075453,51.511965,22,1
da2ddf26164776b958a78df481090270e6daf32232d34fa66e6e29b9bc6fcd33,2025-01-01,Shoplifting,-0.07433,51.513647,35,0
8839fc3ca281b553af69ad1f7df7be74c11b177006d22c9960eca2f69c2bae94,2025-01-01,Shoplifting,-0.075401,51.511164,22,1
94fc4d56e69b2cbdbc6b0b087ab74884c355f8aba54764840bdd5c1274bdb51f,2025-01-01,Shoplifting,-0.076145,51.512642,34,1
33766d81d5333a13f5ef56edef60a2e64186454791d296156b9a5c1646b342f9,2025-01-01,Shoplifting,-0.075401,51.511164,22,1
c467032dd2769adb1ba83b986c08b5fbf265ae749a8e55572ddc8ac76190cd25,2025-01-01,Shoplifting,-0.075401,51.511164,22,1
f87d98451fa9a89e7d08a31bc19024e3e59abac78af44268412a8355c4aa919c,2025-01-01,Shoplifting,-0.075401,51.511164,22,1
aa52d7cc90185960de211e4070dfff564fab5172e98c5ef3d94f51dd9fa87ab3,2025-01-01,Shoplifting,-0.075401,51.511164,22,1
43232f134a7e80a010b3382cf6643f806123601062798d4bfb4c964930245646,2025-01-01,Theft from the person,-0.074925,51.514924,46,0
af99305423148c45677a7d2aee44a94201d7857f0e5974544ca000a27e47874b,2025-01-01,Theft from the person,-0.076716,51.515178,46,0
a67c46a26e170202a486bc5c8946c1a7b57cd01b08ea5f172ca8b1202dcba1fd,2025-01-01,Theft from the person,-0.07433,51.513647,35,0
ea2b6b9768439f3935ff4403af5715057ce05ff01b0836b04aea852724adf08b,2025-01-01,Theft from the person,-0.073727,51.511218,23,0
b644fb76cf6fcef18e9d29e5a84508aee5cdf26e9a7e1cad225395feb41c3f24,2025-01-01,Vehicle crime,-0.073456,51.513542,35,0
718d2a483d73915eccf09b36dacf2e1765243b079229983ae449afed2d3fb791,2025-01-01,Violence and sexual offences,-0.075453,51.511965,22,1
4ffe91841e99cab3bab2cb1bde34cd0d912e5c9353f25b1f80ed25292ee0a77f,2025-01-01,Violence and sexual offences,-0.073704,51.511748,23,0
d3035c9a85b98dfc42a7a4ec096d855a2587e1ec63df872dcbdc73410ca30b8c,2025-01-01,Violence and sexual offences,-0.076145,51.512642,34,1
4419618da38f85c40d3735f92fd22a4920c020f780299e93ae8d35d04abb7c77,2025-01-01,Violence and sexual offences,-0.073456,51.513542,35,0
6e9b4c0b8bc3546f604c9574c6d684d8a3c5aa62dafb861925d10f9e8256440e,2025-01-01,Violence and sexual offences,-0.076145,51.512642,34,1
d739078addc25d6cc3682caefc55ec496d5fe3b6bef8de0238bba920374859d4,2025-01-01,Violence and sexual offences,-0.073456,51.513542,35,0
9467705f1d0789916b0243eae48c15f16f3aefa49d662db5593ffc65cd314a69,2025-01-01,Violence and sexual offences,-0.075401,51.511164,22,1
2eeebeda7acd95c016623b40e36bb2407e621375bfd7cf46e2b9937379afae69,2025-01-01,Violence and sexual offences,-0.077511,51.515812,46,0
60e120288315876849b8557e604e8ff9308cfda93579571fbf23679499f6373a,2025-01-01,Violence and sexual offences,-0.075401,51.511164,22,1
b0de6b48cbd276a48ca2a41683c1fcf3cfbb6baf15289234ecf420b9e1e9112f,2025-01-01,Bicycle theft,-0.081808,51.520567,69,0
0992e08fa4e37dc9ffea6905f6ec88b32a2f03ac5bac1a6d366a1b59bd9aea07,2025-01-01,Bicycle theft,-0.096501,51.513874,28,0
93611647e6ea48308dcbb9f0ad59adc13661e66f301240d85c3806a660989ecf,2025-01-01,Bicycle theft,-0.101292,51.51477,39,0
0bb6d141ee9fe9d0475adadae0d5a3ed21b695655d4e6645156042912f88c6a6,2025-01-01,Burglary,-0.104276,51.513712,26,0
0e4f4a7a546a3934d55fe39335416e69cb63b45ecbd5daf24adc240bb862790b,2025-01-01,Burglary,-0.087772,51.510665,19,0
f0d2611acd1a87087d8024439f764e154ebf10c02580c7bb881d4d86c91fb825,2025-01-01,Burglary,-0.091947,51.513188,30,1
e0fbc8fdf3cf35ac56c7dc97572148420151ccf0f4507a22d600475bbde5150f,2025-01-01,Burglary,-0.084844,51.5097,8,0
8533de137da6552be697e5396f78ee89b55450b517b9765458c0f42555ed3501,2025-01-01,Burglary,-0.081113,51.516869,57,1
3593d6961df675617c24cac942dde02c14868ca6c29670cddce9b06c14a7a15f,2025-01-01,Burglary,-0.09446,51.512024,17,0
a17938f17b5d87483aa7547b86064d7f2972060a5157d518763da46b5ec12889,2025-01-01,Burglary,-0.09407,51.513079,29,1
3b4847290200e1e436b02e4a439f14808a04fd097a532332e264abdaa397dc64,2025-01-01,Burglary,-0.078937,51.514109,33,0
570dd44f0acb8e8ccdc67dab3a7040e70f02f6ac27a0c83617362e35eecb9243,2025-01-01,Burglary,-0.078278,51.513666,34,1
cd5dc07c684f47cd1c95efb0d8cc385f00c3d41b3dd94dd7c61c6687d7155ef9,2025-01-01,Burglary,-0.101393,51.512685,27,1
b837c0dc0f24c3ff830d3943fe6f5db49c4d209439760a17ce77302cc87dd82d,2025-01-01,Burglary,-0.079196,51.513789,33,0
347298c1262f622e5dd5a091808db8569f84f74ef5f4df649fed32cacb18a5f2,2025-01-01,Burglary,-0.079196,51.513789,33,0
46257ddd63a7b14e9d314308982025cc9d0084b32438e0bea5000bc71cbe59f7,2025-01-01,Burglary,-0.078755,51.51844,57,1
b34396a67f49ca82f68286a0fefa138027d5fd28fbd3d71a3619195c0f4480ad,2025-01-01,Burglary,-0.081113,51.516869,57,1
06a1a94909b1b6b7cc4e65b7b166aab5debcad443da68748596a3492c79e17a0,2025-01-01,Criminal damage and arson,-0.091947,51.513188,30,1
d0753371e0d3d5846501879ec30fe1205be29c2fa087183a8243562e50f3dba5,2025-01-01,Criminal damage and arson,-0.079883,51.517326,57,1
7c57182f792f40917ff12f87cfc4d008e98cc6b3cc73dce2b100ca6e67388d59,2025-01-01,Criminal damage and arson,-0.086019,51.513631,31,0
5725e8fb727c8e27e49f6f200c2311b9146bcaa8a1ffea48055a7a4e6edf078e,2025-01-01,Criminal damage and arson,-0.084754,51.512882,32,1
1b1ec92e299781a56c06a3cf32973e551c993d7175575060f0bae66b75b86849,2025-01-01,Criminal damage and arson,-0.08491,51.512588,32,1
b447b6e18e2bd56ddac9ed9a7d1f9b09c562263f9aaf2e7dbe6af63850c10246,2025-01-01,Criminal damage and arson,-0.095224,51.513736,29,1
156977d2bd9fb90d18e2b4053856716fbe3e923e3475d280358af4efde731e41,2025-01-01,Criminal damage and arson,-0.083977,51.510441,20,1
f2e240d69906df0cfd979d1e06119e08eaeec3a7cebc894818ce9d3d7f6808ee,2025-01-01,Criminal damage and arson,-0.082993,51.51636,44,1
bd2bc090269cbb2a8d427d4853e61e1f3d7e8719411a2616d451ae3a3c722ac5,2025-01-01,Criminal damage and arson,-0.09154,51.511896,18,0
10be09f12d6364a1da15e2e74538131d5df508ce4bd4e4e8b0b3b2928704c2f7,2025-01-01,Criminal damage and arson,-0.086815,51.517007,55,1
b31b25c402cf098fb545203ef01f56313e1faf243c93e106e75739b9791ee89f,2025-01-01,Criminal damage and arson,-0.088456,51.514975,43,0
9c099d9da8c596909dad27799da8686653bc397cbdd48dd9347c2f86f7cf1eb8,2025-01-01,Criminal damage and arson,-0.101292,51.51477,39,0
dce15570fe1c92e7f525503929694f4a2b766d64775d4724d8a0aab344bd8bca,2025-01-01,Criminal damage and arson,-0.087157,51.512624,31,0
ca7e42d105482d4c11f2ce6ab495e2095fbaa7a3d5e3aa7359ca41fec90700fe,2025-01-01,Criminal damage and arson,-0.089808,51.517461,54,0
6c6c7402ee029c435214274675b7cb1d7a62f2a090408dc69d7a5be18ba01010,2025-01-01,Criminal damage and arson,-0.079838,51.514267,33,0
bd363776caf727c1e24b21d0226f94fdf9c21048bffe02872000e579fa4349c1,2025-01-01,Criminal damage and arson,-0.100201,51.513286,27,1
fa7c4b0a02fc4fc7ed94e48c8fa1f7f4ae0e58a86ae4823a66f2883c300eac54,2025-01-01,Criminal damage and arson,-0.079838,51.514267,33,0
ae7fb7c7b9977a8e26d61d24f999fdfb16dd135a2bd1e05f20c3381c1bd514e6,2025-01-01,Criminal damage and arson,-0.084754,51.512882,32,1
2ef6ea61a2c6761261d5b892bcbb885b031382c1bebe17fe1c7917ba7dc6f78d,2025-01-01,Criminal damage and arson,-0.101393,51.512685,27,1
54152d3bd45e09a51de659548c030c8d23ed7f3797c6b07593ef6d46dc498275,2025-01-01,Criminal damage and arson,-0.095924,51.513882,29,1
aaf94a2051bd441fb428b1793f6253d9ae061e0c3fd88550bbeb1a4cca2d8dfd,2025-01-01,Drugs,-0.084844,51.510725,20,1
ca6b20ff3d403f4226052e4a78f9ca24434ac810933ad767efd8cb704c424eca,2025-01-01,Drugs,-0.081113,51.516869,57,1
8db71c17d7a44349d490a562cd8f11f8df5a15beff19c6c6df9fc478bcb4a6c6,2025-01-01,Drugs,-0.088456,51.514975,43,0
86c204ad4f0dbdc8dd88c746e05784a873552ff4420bb3f28ecbdecfc5efba84,2025-01-01,Drugs,-0.079907,51.517785,57,1
42b712df866776464f0ebf684ff9f187d3c96a5bbc15aa897d61cff845720282,2025-01-01,Drugs,-0.101963,51.510761,15,0
61a4f0b67d407a35caab1c79ece7f364a858fd0c4c1cd23cd256d42e7f0947cc,2025-01-01,Drugs,-0.080769,51.520236,69,0
aabcf48cdb0ea36502c0fafc97bc53fb04b1e6449beb2efac752f69f2ee5296d,2025-01-01,Drugs,-0.080769,51.520236,69,0
99da361ef9736831187d9cd7cdcddffaacf3ce38d98907f778b15be797eb34fa,2025-01-01,Drugs,-0.084844,51.510725,20,1
a674ebe6fdf145cd5ab29c5991c6786eddc4cd2a79415646c40d7b5e400f65fa,2025-01-01,Drugs,-0.084844,51.510725,20,1
b7c492457e158025db31e79447cd05b901abd2372d96908dc26840b74c50824b,2025-01-01,Drugs,-0.104276,51.513712,26,0
ea4df2bad60f225565e634b27abb33f2719b1e7cf1adaffc8a44e56792a5b03b,2025-01-01,Drugs,-0.079838,51.514267,33,0
a2d7a5d1b8abe526a9f2292bcd6a2b6a0ed524f1298a5c6cb5b6ed0a082ab23e,2025-01-01,Drugs,-0.09154,51.511896,18,0
342edb0e557302c7410b2ca3495b6bb1324b28ae8b012a31be2fe52df77f0157,2025-01-01,Drugs,-0.079907,51.517785,57,1
da48dd0a8e8e97c69cb109884b08990ab76ccf714cd864240ed7263c1b074dee,2025-01-01,Drugs,-0.095764,51.512549,29,1
2281e8eccf54f858dce01d10a7041d8e49f3e12935d625b711a7a86ad20a82f1,2025-01-01,Drugs,-0.078495,51.51777,57,1
e16985fddd860de1d38b42a6f3b407f63934f5a06ddd09981d096e63f8a360d1,2025-01-01,Drugs,-0.104276,51.513712,26,0
e611a1d45e6e47219974bcaa2611bd0d91a57a2cd495f898121df5270d082257,2025-01-01,Drugs,-0.097291,51.514626,40,1
cb60ddd6ff925f9007b439d950fbd85a3d675e6bfb862e951db713552b626d69,2025-01-01,Drugs,-0.079883,51.517326,57,1
07302c2e113991da15db988ed38dfd216c0954374966114dc19aa0173939cf40,2025-01-01,Drugs,-0.095764,51.512549,29,1
7d77a25783b0b6cb5908316d34d444d8e186d85c2edc6424c779ed3600fe0712,2025-01-01,Drugs,-0.095764,51.512549,29,1
6f82340ba6f130aa02dcb89f032a7cbaaf67bb29cab6e17b96c70fd43d867dba,2025-01-01,Drugs,-0.085089,51.512105,20,1
2a13cefdf1a417b0ff62440161d260b3066505fb2a14e007907d176bdd12a1f3,2025-01-01,Other theft,-0.079127,51.509607,9,0
cdaacee086babf4356f29be1bab65bbb8e326d8500ce2decd5958102e58ebafa,2025-01-01,Other theft,-0.079138,51.508312,9,0
4f215e8e377e9e2b953a3eec1b9850685e223e0618fdcc4ad20706e995ea4687,2025-01-01,Other theft,-0.079138,51.508312,9,0
8842fe8706a014218b64b696da72974a236094469f701c6b0df766666b35224f,2025-01-01,Other theft,-0.092531,51.512658,30,1
cee520592fd9011d23ed95b6ab8478da166ca5fdeb03a0c6e3b5f99a2976b8b0,2025-01-01,Other theft,-0.085228,51.51119,20,1
3c1f982a6593eb4e309c751fdf9ac359b7fb5e9be97ae412c70051fbd0b51237,2025-01-01,Other theft,-0.088785,51.517102,55,1
b03a2885d954805081f5c6f0b0fc0afac72ec7e082245b5a2fd22d8b3a224ecb,2025-01-01,Other theft,-0.079138,51.508312,9,0
2666ff5b79da36c670458249e155c369ab3f00e5b2c07bbda29c008222a7947d,2025-01-01,Other theft,-0.084844,51.5097,8,0
4acc163a8956c1914f84029ecddd6391987744f37c4a6c4f0d92d9b6d811aff7,2025-01-01,Other theft,-0.087873,51.516503,43,0
64546dc221765870dc42fad08077ea5be472e53cd1f1219916358e7e7993bc73,2025-01-01,Other theft,-0.085089,51.512105,20,1
09b342420ea40f6891563678b60be860f3ab51a736f58a94e6767097a5ca8f95,2025-01-01,Other theft,-0.084836,51.511939,20,1
6e6b927a1447157cb742cd9425878172e3b9b1063fff15f3ece840ae0e081e7a,2025-01-01,Other theft,-0.089208,51.509744,6,0
66ea0fdda1055e5d77f3379c21afc0f02c442d65db33fde798c091bc07665bf2,2025-01-01,Other theft,-0.082993,51.51636,44,1
e2274e9930e25a530d287975f0c5486a251114db9f5882c87e23c62bcfd39249,2025-01-01,Other theft,-0.088785,51.517102,55,1
b15be491725ce167b21b7009c4513d95180a3fbb299cda2d16f3b884703c897f,2025-01-01,Other theft,-0.081902,51.517296,57,1
83c1aac1362724c43dab41063216c3857969b8ddb5056269a5c03326ce26999f,2025-01-01,Other theft,-0.079521,51.511196,21,0
a9b02e93278a05ba36b688ce2142bf0e374228dcbad9f41157fb224f40e94dba,2025-01-01,Other theft,-0.083977,51.510441,20,1
c71ce57a36a2a7bd07b9c229d288c159f93592957b92a4bbebc8f3d9b73fa423,2025-01-01,Other theft,-0.078755,51.51844,57,1
9b80a94ef4329a98845cc26a3a8351e93bc6ece816907469c932e02fb947f867,2025-01-01,Other theft,-0.088456,51.514975,43,0
b039302c9e289671bfbe60af9d6effb4a39f7d221c451e7a501e09e40b906ed5,2025-01-01,Other theft,-0.095924,51.513882,29,1
f49f05cec9dab11859496dc3667e875b7f097197952ab04644976ba6b0e714b6,2025-01-01,Other theft,-0.090578,51.509722,6,0
2134364dff722040247fd7dbfc88c6f79d1f1b00783cfb9c89b64acab4c3e607,2025-01-01,Other theft,-0.087157,51.512624,31,0
740725a792939ad8dafadd75204f2436da459e09e3378b1b87b794d9f1084573,2025-01-01,Other theft,-0.084836,51.511939,20,1
4fe8c242599e51327097ae296980bd1425d7fdc7e464463ece7fcf001494a5f2,2025-01-01,Other theft,-0.084844,51.510725,20,1
af1dc4eb86404877205dc6492f36d887c3d0cd2f560dd2996ffb0d7a05b20646,2025-01-01,Other theft,-0.081902,51.517296,57,1
abe452d5a3cef7816be296ca11c423ef17d73dcb2a5c5aa2b7dd46c7bc813310,2025-01-01,Other theft,-0.078755,51.51844,57,1
d7e5436438e90d395f47a2c496692b475bcb69d8b742d42d9632066b7c4b10ca,2025-01-01,Other theft,-0.081113,51.516869,57,1
5ac847c27a3add38e69700822acd8cb20776dfe38e36d5f04954a564c4b7d1e1,2025-01-01,Other theft,-0.084844,51.510725,20,1
d517b471ea5cee08469b42727172ed8480827acdfbb2b815e41ff6106d92e043,2025-01-01,Other theft,-0.084754,51.512882,32,1
6b205c7b60ef8544421d4dac922e75c8cc872196df205cdb2555fb665043a5a7,2025-01-01,Other theft,-0.082993,51.51636,44,1
91c4750c92e44e29e7d3ad2183f803000cadfef798cfbd9441045f9acd57fba7,2025-01-01,Other theft,-0.086019,51.513631,31,0
b5dbfb0c9138ca72d73d397a26e3d416fdf0bc32a5027e4c0fc4422d48154011,2025-01-01,Other theft,-0.081902,51.517296,57,1
fff11bf616ce2e692977008fd1163d19cdc33b468fce24df2a7d0269caab568e,2025-01-01,Other theft,-0.081973,51.515948,45,0
f40e5e3ecd331b3d0b4d52edacb45430a044ae78a860e8d30bb84af30957b04e,2025-01-01,Other theft,-0.081643,51.51007,21,0
1ac97c481121c32afce65fdc86068fa58eb32bcffe268e7fe3df673cf6e32e42,2025-01-01,Other theft,-0.083977,51.510441,20,1
5735728e0660c168730c27965566ef7a75009ab2de30b71b117d1ca39f042c7f,2025-01-01,Other theft,-0.085228,51.51119,20,1
1a7981c469f46b881bbac2d362b3d45501bdc8df6bb01a17931267fa37a70d88,2025-01-01,Other theft,-0.081643,51.51007,21,0
c6f1f6613154352d1d8824109ad073250e7ddaae0dfcae7a2f5438039965eb1e,2025-01-01,Other theft,-0.095924,51.513882,29,1
78411814c215ca33ef285b7fa4f6cb8c0228a7ce03724aed37385e4cdf8dbec8,2025-01-01,Other theft,-0.092531,51.512658,30,1
cf54bd08b2b090e89f3d1125dbe1a95bb3340f56c17e8a230ba4bbaac06215ea,2025-01-01,Other theft,-0.078755,51.51844,57,1
6b6239a294f8dcf591206601c575e546aa3a849458e64bba00e17fcdc43bff1b,2025-01-01,Other theft,-0.091823,51.514427,30,1
b260e83c3275355db00596293cdab36e3e363691ed8bc4f9867648997d0e7f60,2025-01-01,Other theft,-0.078424,51.518093,57,1
38a17746e497cf334a644fe06f39de271e2eb3d5c202d308843ca5e688ea4d6d,2025-01-01,Other theft,-0.100888,51.514448,27,1
3d9323b1b901fdfb92722cf2edc7697c263af44562dce9cb683d9166885d16a2,2025-01-01,Other theft,-0.092531,51.512658,30,1
1f47a0c9d1932809892a6bbfb69d207529537f3aaa392ea61ea73a2cadb69426,2025-01-01,Other theft,-0.079196,51.513789,33,0
e66c28cec7a65f326047a4e86a04bab6d42a1bf97e825afc0ece89f62e9961d5,2025-01-01,Other theft,-0.07912,51.514912,45,0
66a14b5ecd1f9fb3b37cac3089c7239a5c8575e014e38e83dd02ac66baa2d36d,2025-01-01,Other theft,-0.089208,51.509744,6,0
2bac97d8917314d76cd61b439fdb151bfbbdb34485319c5ec8b3871c4579decd,2025-01-01,Other theft,-0.079127,51.509607,9,0
35580db5139e0c453cc77d513583d67c6713bbc559cd8b4c922ba322a37f964b,2025-01-01,Other theft,-0.085089,51.512105,20,1
c96523ad1238060f449f2c12e1150e213a7f7b334f666e23855f2cd163929356,2025-01-01,Other theft,-0.100201,51.513286,27,1
fe4883f59b6a930f5db7317bdfc45709203aed0adc6f62740f84a8ab5f713401,2025-01-01,Other theft,-0.087772,51.510665,19,0
f12f1b073c09882ee9e1ad2ab8ceb0c3f7f0694574ca6304c41f863b41ea8bbc,2025-01-01,Other theft,-0.08491,51.512588,32,1
ab5ed191a35842b8b54ee96699b40f1a3e0d788fbbec9befcf5037dbbcbb4ecf,2025-01-01,Other theft,-0.084836,51.511939,20,1
39d4a451c35c36453765b345d3dd239b401c833a59b618c9d543c0cd173c0699,2025-01-01,Other theft,-0.101292,51.51477,39,0
b1ca78f3ad6f62e87e11bed7d156e4ff68927953ca4511d572985aaa32e49f95,2025-01-01,Other theft,-0.084754,51.512882,32,1
ac9da7efd045c307f1f54a2fb19cc325cce2627e1872aee492812c29f00f57e1,2025-01-01,Other theft,-0.081113,51.516869,57,1
614e54a0512e0bfa633a3482c847ac57093594a037d3e625e616fbc4b936b77d,2025-01-01,Other theft,-0.087157,51.512624,31,0
34966006238da04d0e8a518d2dd664171e225f7e94ddf248cba1b043df3e5176,2025-01-01,Other theft,-0.097291,51.514626,40,1
c809c940a9e1c302f6ac76085b498f22f8ec1de8578458164fe0604bc333acf2,2025-01-01,Other theft,-0.100201,51.513286,27,1
9df75602e01341aaa43eab0c13fb219e915eca73f0e4566071e44b13f76707a5,2025-01-01,Other theft,-0.088785,51.517102,55,1
1c8ff84ea2eb26fabc7f0d81bb2725702d960c7e0226479dc25adb63ed6b13be,2025-01-01,Other theft,-0.082133,51.515222,44,1
08ecadef5203fd42f78c34d0b275a9ca6b0b47f57a3cc0a44a520b541eb7deac,2025-01-01,Other theft,-0.079521,51.511196,21,0
adbef6298e1fe82aac66608d1302ad70d87e2b741797840803da14d4c76b5761,2025-01-01,Other theft,-0.078477,51.509965,9,0
87545473459cff81c65cb1a71cf7366db257fae2a2829f3ed7cab0cb5caf5c08,2025-01-01,Other theft,-0.079138,51.508312,9,0
517eb7d32d5d72021a202a72034743f702930763b3d08d2413418359645efa04,2025-01-01,Other theft,-0.095924,51.513882,29,1
4578e427c4bd6097aa2778d985eca1b09ec23d8ed864011d8fe35ff789c8a858,2025-01-01,Other theft,-0.088456,51.514975,43,0
ae53dd09d5e7e4b60560c21f5b5f57cab3e1ca97259084176a60decb5fc0f053,2025-01-01,Other theft,-0.082993,51.51636,44,1
3bdfca6868dd74cd0e12e14ecef7ebf2f99eae5094be151c149d935b3d891a45,2025-01-01,Other theft,-0.088785,51.517102,55,1
3edf4a1f676b60f00cd685143ac94da63422437463696c2235aad2c0e7368024,2025-01-01,Other theft,-0.081902,51.517296,57,1
f2e4939293bafb51b39f515853b126857788956499dd8f1ecfa4e8e2baeb5fe4,2025-01-01,Other theft,-0.087772,51.510665,19,0
7fda384a4efed56423012313263eeed94f241f1c81e3d5a4056094ba28ab5b0b,2025-01-01,Other theft,-0.088785,51.517102,55,1
8147e262f0b4d6bc3f67bd77ebf00c2bdd56f2d425bf8b66bef1d39fcc154d6f,2025-01-01,Other theft,-0.085228,51.51119,20,1
e3dc60c8389ee4c1a611c6b5eefda9a7598b7fc75e4bc42fbee859da487bce70,2025-01-01,Other theft,-0.081902,51.517296,57,1
a0d2986076e201f241ad8447e5e192a6de3028447bf1d6acbf5d466c0c218301,2025-01-01,Other theft,-0.095224,51.513736,29,1
3b6551771e727987c8b8ba35039d8bfb9e34e6f52fbae785949444079975b15c,2025-01-01,Other theft,-0.082993,51.51636,44,1
33c389b828d018b6c3ab53c60c7a70e11c5cf356cd2ab9170a7c44cce5cb80fc,2025-01-01,Other theft,-0.092036,51.511049,18,0
1acace3e8a59b531bbb1d4820ec2014c1f6e9087ad900f2454356c5a923f0c0c,2025-01-01,Other theft,-0.088785,51.517102,55,1
95026eb7dbbfd6f4b17f6026914c88da7d2ed3f6b9191d86362881e8af0ef2df,2025-01-01,Other theft,-0.078059,51.509967,10,0
71b0f23f6304c861ec656237b06ccf27753cc59753dd3b7a02b3fcfbc9a30d30,2025-01-01,Other theft,-0.086019,51.513631,31,0
6a1d175b37ee62ee536e8b4ee433a1fab025dde27abcf21b5f85bc0b0469748b,2025-01-01,Other theft,-0.102134,51.513929,27,1
9473b9b99eb6b62ab5935d83c2f402aea50a76ee96cd5e2b3bdedf0c6708d84b,2025-01-01,Other theft,-0.083977,51.510441,20,1
c2a4835ad24e1dd6a1dc55f1b84c4904fc0b320328ec08e2488ca0e243fcbc8d,2025-01-01,Other theft,-0.088785,51.517102,55,1
0f29cdac0535930c9aad4e7285731cd5874e047bcaa17fa9621a2ec41d301623,2025-01-01,Other theft,-0.084844,51.510725,20,1
0cf8c2dcc7b6b883293a1c9dbfaa02c560467bc0d2d7951a1f49c0a63ccb541b,2025-01-01,Other theft,-0.100888,51.514448,27,1
e173787b88a3d164c993eeaf877d2ae719c3a53757edc00ca616a7056bcc21ad,2025-01-01,Other theft,-0.09141,51.510167,18,0
d6fae5544eaffb5a981b83bb386d1ab2f1116e4b2a45fd4bfa39b3f116fef21c,2025-01-01,Other theft,-0.08491,51.512588,32,1
7162f148a750849edba44406bd4f2a1535d3636ecce185dcab98f3cf783d973c,2025-01-01,Other theft,-0.084754,51.512882,32,1
058b6829c7dc057b41cad4c360cb2e8a3553cfc7d4d8c252f5fabdb959d3e8a3,2025-01-01,Other theft,-0.078059,51.509967,10,0
d7aaf872d47bd957da5e6fe6edf337877b57a93cb05eb4b745cc4411c53fdffe,2025-01-01,Other theft,-0.092531,51.512658,30,1
3658b7a311e041bffd62c65a28ffc25a855f2c363f6333365e7d9e059d000920,2025-01-01,Other theft,-0.085228,51.51119,20,1
7863fb639ca6b22d0d13b7ee8e74ee505dfda2c4fea8ba70f8b8095ca2033dcc,2025-01-01,Other theft,-0.084844,51.5097,8,0
235e9533b93de9e071118d17d82061294310da504a2512921bd8fd6bb4d41a25,2025-01-01,Other theft,-0.079127,51.509607,9,0
5af1d3edbb9020ddd5da4ae4c416487c2491d85de20b12797dc8b299e6b470a0,2025-01-01,Other theft,-0.101589,51.513515,27,1
e384e1ad04f2ab8a194ea47dd59ecbf3f03e4398c3e7a23029e13368d1f8ee06,2025-01-01,Other theft,-0.092531,51.512658,30,1
7529ef6d54d19304c8a8a5cdbf1ca122c8c2432350a06081445dcaf413ecbb4a,2025-01-01,Other theft,-0.084844,51.510725,20,1
3ed650e7917012e06b2528e07c4ecb1b03da2e784f07afbcd8d18fedc276b93c,2025-01-01,Other theft,-0.083977,51.510441,20,1
5f2faca00ed0f8da629e7791cc92d4a8063f82a91059014e1343b5529110ec1b,2025-01-01,Other theft,-0.079907,51.517785,57,1
c8098544d82213b1011e9de27752f442740dd9ca393532a76ec331a97401a3de,2025-01-01,Other theft,-0.095924,51.513882,29,1
fdab6eb8d07810a140535e8355cbe3cebaa8b3c60257c32ace8e71c4d3518cf7,2025-01-01,Other theft,-0.08491,51.512588,32,1
3f033aeea43be10ba9720e35a295b41078bf2f437f9a124249f1a2a02261ca07,2025-01-01,Other theft,-0.101589,51.513515,27,1
db6404d2eb8391bc066471c5f6a2b27dbd0579f5346f22226df3a74e463aa887,2025-01-01,Possession of weapons,-0.101906,51.511794,15,0
0e52ef685b177dccad8017f5a035c35dca2d19afa9a477c70f93650e16e883db,2025-01-01,Public order,-0.081113,51.516869,57,1
99cb57b261b3bc6e1bd9615b230da671807707a5fbf655b991f3a28d24c28c9b,2025-01-01,Public order,-0.081512,51.518692,57,1
9bcc5adb84403342e5161af5ec2156686240c9651bbfcfc2820c6c0cd0c297d5,2025-01-01,Public order,-0.09446,51.512024,17,0
5a6f04ca42ff761f3c2eb84f548e22d38c17269689f699ba259c5bceff57458a,2025-01-01,Public order,-0.087157,51.512624,31,0
4e0887b9e6d1271c09722904f19f38008afe18ad723f3afe0346d6ba8fdf8225,2025-01-01,Public order,-0.081113,51.516869,57,1
03e1658d8796ed998b9faf8d11abfc6c4567b6585e5e8b1c881acad689bfeeae,2025-01-01,Public order,-0.081113,51.516869,57,1
cfc5a9db9ac364a90bfc527f3580a049859ed649cde74e06dad808e0fcd5264e,2025-01-01,Public order,-0.091823,51.514427,30,1
aa2aad94b563886856884fd37ae6ac035b55b586f49fc2d0a0c804d0af27b792,2025-01-01,Public order,-0.078937,51.514109,33,0
5045d5a3a484250ba1555df6402f0172fee23194c00106db30697c4574bc476f,2025-01-01,Public order,-0.101292,51.51477,39,0
1a173c06c369f0a82488e5b20b293d06785d7989e53236f195052424d8e32fc5,2025-01-01,Public order,-0.096917,51.510823,16,0
440150976d6f8b921df0203faa6e32daaa4cb0002abab5e25b0a92954f80d9d9,2025-01-01,Public order,-0.102134,51.513929,27,1
0fab2cd273733a54f762823291b6249fbfc13a3428b8d91240fcafb1bdb08f70,2025-01-01,Public order,-0.101906,51.511794,15,0
25180980c43fbd438fc82ca3a3b7c17403969a7e056f53b20e9265097ad8d05b,2025-01-01,Public order,-0.101906,51.511794,15,0
e78bd66c6c12966b12e07a1639fac492bc49a148971f9b0150022e996e81c5c4,2025-01-01,Public order,-0.101906,51.511794,15,0
c9b5bbfe206aee035e5cc8570a271335256469f10573100a90afe733b835cf7c,2025-01-01,Public order,-0.087772,51.510665,19,0
795ac16822d972ea10bc0a865f297e5ff061428406c1d79a80434e10727aa374,2025-01-01,Public order,-0.084836,51.511939,20,1
661d3b09f3ce890d2dc1b7917c53d62b04ebdfe4658619cb6125c96dc55b1c7f,2025-01-01,Public order,-0.089822,51.516103,42,0
c8dfa6ce0f926279e7d932e3e9ba3d712055db11aa0e4de3acb85a9d611a3302,2025-01-01,Public order,-0.078755,51.51844,57,1
43d7abbce8630fe5f8651d117f816a8389f2d6624b988cf6c83ca3343f35b903,2025-01-01,Public order,-0.078755,51.51844,57,1
e609834c946d569c936acc7000bf79197604809126d7e5262ccd7ae8a683a65a,2025-01-01,Public order,-0.089822,51.516103,42,0
270d79365160959c67d79a09fffee5adb02d1f4d66b8fd1a27b3c94a6807fb9d,2025-01-01,Public order,-0.078424,51.518093,57,1
a99a2451bfc67c37dc5da93a7ad18c727efb9ff740e010b8c0e2bf1775ae1cee,2025-01-01,Public order,-0.07707,51.510877,22,1
7031594b723cff546c8d608863b83206c7f646b05ba25d4219374639a66ff640,2025-01-01,Public order,-0.083349,51.51483,44,1
53d38d8f7213bc51ff64852f7899ec956138da8cc8c95a40f069381862e2e713,2025-01-01,Public order,-0.089808,51.517461,54,0
6e57adff758638a812ba572168bc1a52446b73b9868a5aeabe8f118546b7329a,2025-01-01,Public order,-0.081113,51.516869,57,1
bf538d2a622b6530587bac022651638ff6138c64df86985f609047598d8ed134,2025-01-01,Public order,-0.096917,51.510823,16,0
dfc762b46f8c2a9b3b32ad9682778e55ef269c3c876c01c04c616bf8d8a52e74,2025-01-01,Public order,-0.07707,51.510877,22,1
f9f4bd580a7122e081271a40404a4e5828a241e9cc193df8d46a3ddb9755e3bc,2025-01-01,Robbery,-0.079907,51.517785,57,1
2645ef9c7e23e4fa1d703c6d8a47215c09689022065eb1ab287a2854e99048a1,2025-01-01,Robbery,-0.097291,51.514626,40,1
df26aed9d0cf31baadbf8c61778f18b1d5a8a8b9970a9380b91eac6b90784ad7,2025-01-01,Robbery,-0.084844,51.5097,8,0
0019233542221919fd725a4cf87e78c64caff257b0caee5e01d5df9adf798259,2025-01-01,Robbery,-0.082993,51.51636,44,1
16bb3313780efd0b2bade3597c055f4468cdd0964a92e0191668b7de5f471433,2025-01-01,Robbery,-0.095764,51.512549,29,1
8e88e91b07aa5626c3c18ec1cb5caf5213ac5b7b58949db00bf5a0218b6d7329,2025-01-01,Robbery,-0.104276,51.513712,26,0
54f6a9d8ffc0035f7c2bc6ca3a5b645b33f06f14fa2220cae4b88061c0a24660,2025-01-01,Robbery,-0.081091,51.50882,9,0
3ccb92d2f0b42cc6c85fcc7103f97b4a3e4a5a4341aa9caad91d568522efa760,2025-01-01,Robbery,-0.081113,51.516869,57,1
38ca13429430a106480dc531d2e0ac409191b70d94c1b7742507bf8737a1d982,2025-01-01,Shoplifting,-0.081902,51.517296,57,1
a158e60f282ba5ae3ce4c0d1396ffbc47590b882c72398935644eee111192198,2025-01-01,Shoplifting,-0.079907,51.517785,57,1
09119389b9d65b1bad4b9e48a4cd51cfab6755d1fe9a6ad9d3886b410a41058a,2025-01-01,Shoplifting,-0.081902,51.517296,57,1
0af3959497f1afc8e82d57d4ea57cec0707d6a2e8badcd658ccf3016c47ad4ed,2025-01-01,Shoplifting,-0.095224,51.513736,29,1
7e550ffeb6d2e50de8f5c9d2fb087a9eab6d9706f9019bfa1c181fc2cc87a3be,2025-01-01,Shoplifting,-0.095224,51.513736,29,1
f8460f1a237ca67039cf2b3524940d5296474ecf43337d492c1b3ef0a01de34c,2025-01-01,Shoplifting,-0.081512,51.518692,57,1
2321f1411e7c45f753a302cf5c93a95caefe1e257b3849792f6c6693c5850196,2025-01-01,Shoplifting,-0.081512,51.518692,57,1
7062ff1a928c58a8bf9d91d175d74f8e2ec75ea501057adc63aab1b67b3e9072,2025-01-01,Shoplifting,-0.081512,51.518692,57,1
e5a9d726fe26843af5e636a244a523db18d80f9e5dfb0da46d8fdf20db6e96ec,2025-01-01,Shoplifting,-0.084836,51.511939,20,1
2b358ba5b0f283ffeed4398a1fbb6cda2f3d1a054e971741563fa46622a051bc,2025-01-01,Shoplifting,-0.095924,51.513882,29,1
44c62dfe7959855506f60c652a136a50876a05b1f23aa62a504232985ae34987,2025-01-01,Shoplifting,-0.083349,51.51483,44,1
4376796889f9755f55e4034bf6306fb6cc20bf947c221eb81bfc2a51421a6b4b,2025-01-01,Shoplifting,-0.079907,51.517785,57,1
d58fe5a5a9e9b68c417925563c54f0c7836ed8fb4304e8321e41dbe7b29596c1,2025-01-01,Shoplifting,-0.095224,51.513736,29,1
35fceb97fc5e8c7483b066a7a130b37b3193e5958ad74d7f205fcf4b106cd4b2,2025-01-01,Shoplifting,-0.081512,51.518692,57,1
1569427dc0102873171ec03aa0011dcb8fac119dc5269a753355ab2453eb8853,2025-01-01,Shoplifting,-0.086815,51.517007,55,1
7fa8e22d7fd72d804563d12d6d31aebc4427f983fa951639293f690b132b52d9,2025-01-01,Shoplifting,-0.095924,51.513882,29,1
46f4aaabe32c753d9d8e0e33fc7147b25d6cdef11140f76dfe15f7dca8e7093d,2025-01-01,Shoplifting,-0.087772,51.510665,19,0
616d54ed37847e9280a0d3a18cd8b85eb0d0e039d97cc34cb2808213fe2963d8,2025-01-01,Shoplifting,-0.097291,51.514626,40,1
2ce4e8c07572f252a19c8cf0c6d682aa0ec82766c54189fe123a522afa1c665c,2025-01-01,Shoplifting,-0.095224,51.513736,29,1
a8123cf3fcb552661c8b3512547667630acc95d2b8790dff3089b11e4f82439a,2025-01-01,Shoplifting,-0.081113,51.516869,57,1
1477225dea25e0ab70184fb844ca85cd9adb6c9a845cb5680631aad12621d14e,2025-01-01,Shoplifting,-0.081113,51.516869,57,1
0763ce3f0800951b7d9a7591d14844d8a9736b586d28803cc1ccd2ed49f9b37a,2025-01-01,Shoplifting,-0.095224,51.513736,29,1
f58ef712827af9d545c5aee911b9f185be4f2d192d24bf84990758a84fdf1168,2025-01-01,Shoplifting,-0.079883,51.517326,57,1
807ab498811486a3fdf0b72cc4914f3c092ee25861c806e5622bb80d350a33ee,2025-01-01,Shoplifting,-0.095224,51.513736,29,1
8ca0f2bfbddf8b8e689a12b46d316fa7d519f97eb7a90304996b8160111c7211,2025-01-01,Shoplifting,-0.095224,51.513736,29,1
5b6e94157cd245828365b6b623f9e3db26115fcc958c1b04d44b4bb5fa910676,2025-01-01,Shoplifting,-0.096501,51.513874,28,0
3709a1b1e326b2a5297e81b1543ac3f5a691658573ce5bb0e0aaca053a3dc264,2025-01-01,Shoplifting,-0.084754,51.512882,32,1
decafb7255fd3a027cae3148953558291da366c071910aaa8c116fcfae0fe1a4,2025-01-01,Shoplifting,-0.084836,51.511939,20,1
f34cf1c831a130c8e66340f5504e6b6695e31dc2804ad12de931106db2f18eeb,2025-01-01,Shoplifting,-0.081902,51.517296,57,1
6183e6359c94959f47396c4d1240bacb52977077fad7b967124c2da530afffc6,2025-01-01,Shoplifting,-0.081512,51.518692,57,1
e02868122a30dbd634ed6a118c315f7d06af0fe9a63a3cb3d3043872c79f0c95,2025-01-01,Shoplifting,-0.091947,51.513188,30,1
f6e3c9f2f39a1e5221b5566fc023c7c54688a0c78ef502faf5e5c0c620d6fde6,2025-01-01,Shoplifting,-0.081512,51.518692,57,1
144d624c46fab1a4dfa2cc3415ac921660352cf093b08b66cea1335fbcc79bf1,2025-01-01,Shoplifting,-0.084844,51.510725,20,1
7bd42f28439f8f410ebc57fad120765fc28e895e59e9f6bb2146ec247c0997be,2025-01-01,Shoplifting,-0.091823,51.514427,30,1
d2a5908003c5c7b40416bee5b4630dd2c07c2c14c12e14e450c01645934f44be,2025-01-01,Shoplifting,-0.095224,51.513736,29,1
f55c7631631503b6425e65524b67943edd343d04eabe48ea58bad42d3111b31e,2025-01-01,Shoplifting,-0.091823,51.514427,30,1
0de469164999f4ece4f2d9917085114a2cb14913c705c3afd63c16ba6d9c8b8d,2025-01-01,Shoplifting,-0.091823,51.514427,30,1
277f21e99fee456055441305549dd53c8cc112267b527d79066b87c55ab63104,2025-01-01,Shoplifting,-0.091823,51.514427,30,1
993ef9931a75b15a62cfea32b707ad5757746776fd0dfdc223bcdd144920599e,2025-01-01,Shoplifting,-0.085089,51.512105,20,1
16c9de4c2e6bf8011a8c43b5089f2f50b1a337cf8a3fc218f2f714f156a07d6a,2025-01-01,Shoplifting,-0.097291,51.514626,40,1
c79784e46256e2d803ffe83ffec975ca4c26a46a4bdb8e8c85ea5e486f076203,2025-01-01,Shoplifting,-0.079138,51.508312,9,0
9283d428c110f3d0a937cff51689c07fb43872c98f0e4015a7afbf84a6b4c55a,2025-01-01,Shoplifting,-0.091947,51.513188,30,1
075f6359b413c21ebcd996d8d4821b3cb72853a619b6f5375ec3cf5be002665b,2025-01-01,Shoplifting,-0.086815,51.517007,55,1
8d40ec25e1dbdcff20973e3127f583ba84a2b144f43c130b39c9d8b131a8bedd,2025-01-01,Shoplifting,-0.084836,51.511939,20,1
d449a914c8e7636a288a458f857372091aa93c534cd9ba12b8dc3ada413c8a25,2025-01-01,Shoplifting,-0.085089,51.512105,20,1
f7d5786a9a2cd54851e6e98a56644286b045cafaf732e80749ffd4420512b15c,2025-01-01,Shoplifting,-0.086815,51.517007,55,1
5e17acb7f2601d3406dc2b7720760b08765d7209890fe3f1e0de4d872f77e33d,2025-01-01,Shoplifting,-0.095924,51.513882,29,1
fa4447c07b376f8f87cbf76f85cc7265223323a66648e4f39752bd70e2e4b619,2025-01-01,Shoplifting,-0.096501,51.513874,28,0
9f2c30cb931db5b74163fa271df018463a18c3ba2c23052e33eddb6724e56561,2025-01-01,Shoplifting,-0.097291,51.514626,40,1
dca6366d32845f901de75d2296eb6ead1d25282f02bb55ae4693a0475b7d634d,2025-01-01,Shoplifting,-0.097291,51.514626,40,1
e59a195589d1c240797e6a47cf34a1e21120a6d3ddfc6a0fcccf84ec39597d58,2025-01-01,Shoplifting,-0.088785,51.517102,55,1
01d3dd1b3bb232cdc2867fe35a6965b405368dcfe1fece4cd48f7bb196c3df4c,2025-01-01,Shoplifting,-0.091947,51.513188,30,1
77cce219a2a0690801c47353da4a0f41c3e0cc1cda064f5ea67d3a40b6bc8547,2025-01-01,Shoplifting,-0.085089,51.512105,20,1
af5ab6e678629cc9b6e7ef4beaa22f10ba4bec187f64d6e0a5c806f55351defe,2025-01-01,Shoplifting,-0.095224,51.513736,29,1
5a5950a6f43d0f7d26acf87c012b3d5d1956b1ee1e93bcc85b327b2f0fac557a,2025-01-01,Shoplifting,-0.097291,51.514626,40,1
427c504d439234aab823a490c89d56bb00c40a553d8cc24618b14890c33905fa,2025-01-01,Shoplifting,-0.087772,51.510665,19,0
462e0316ed69bf12c9708773b257ce7d6efd9e73366ac636faae50b3f11be3c7,2025-01-01,Shoplifting,-0.079138,51.508312,9,0
65ec3f0f305f4bbacfecead52667b95d6b3dcae48775a01d7448af0f15aee59f,2025-01-01,Shoplifting,-0.085089,51.512105,20,1
c0bf762c144293714958e7c04dd26253ae555895405b7d5c7a510d12f895399b,2025-01-01,Shoplifting,-0.095224,51.513736,29,1
a28ecc947cb86a82fbb7e9114cdabc2023083778096d7c0030797dd286df1dd7,2025-01-01,Shoplifting,-0.095224,51.513736,29,1
eb30e22e0016da6e33b2577fb63b2d0c6802de707a0c72124387b00c3df5dbbc,2025-01-01,Shoplifting,-0.097291,51.514626,40,1
cefafceb3b197ca49bba1009909506814aa9f523183d4183a5b30bbb2eff8724,2025-01-01,Shoplifting,-0.085089,51.512105,20,1
d1370b25d57ede1e4ad5f46aff5a036ef3753b8861b5a7485915791d9226da84,2025-01-01,Shoplifting,-0.095224,51.513736,29,1
fdad5463af40df578dec8bd918c3370872852fe83f556ae85e640a4184350a8a,2025-01-01,Shoplifting,-0.095224,51.513736,29,1
0f35cfdfab717e8bb6362c2811d62d4a6e67f07b6f8a17cdf77f77c8b5731eaa,2025-01-01,Shoplifting,-0.079907,51.517785,57,1
92574e10684770a68cdd8dd096d3122b273c1fdce3e6e6426efde97f75ee2b2e,2025-01-01,Shoplifting,-0.084836,51.511939,20,1
7c8faccaa3492b4a3605f35348ce53473c1fcf959619e11d7d66e49b2b57c602,2025-01-01,Shoplifting,-0.091823,51.514427,30,1
10e54386be7a41d54da041af62548af83405c682ffb97a1f93bc423f82b93184,2025-01-01,Shoplifting,-0.084836,51.511939,20,1
6de88869850987f58cf0d539deb6f3a3272e9836a37da5911893febfbf843ebf,2025-01-01,Shoplifting,-0.081113,51.516869,57,1
f4df845676e436143ae91ea34ccf620f2c347f3e23781534dfe6085db38e3f34,2025-01-01,Shoplifting,-0.097291,51.514626,40,1
c80f234adcf8e0e47548b0b54b9ad73fc0c22333b5528078d76f5caffab7d77a,2025-01-01,Shoplifting,-0.088903,51.510836,19,0
6ae8dc3772d7a19320bb3dc4d01065fb0face0dd927ec2375052e471724393a0,2025-01-01,Shoplifting,-0.086019,51.513631,31,0
0ed0ad818cc54a90d1f71dd5f20e31551c0acc2c137f337dfeebebfbd60d4471,2025-01-01,Shoplifting,-0.102134,51.513929,27,1
3db10ace0080e115ac07b54986b97517718d1ac96fdcdfc0d28d1cd968efd515,2025-01-01,Shoplifting,-0.081643,51.51007,21,0
5c976a3d7d4ee9d16e9d58dc1d635b19f83185f8f0e275babbd7f0ca80aa5acb,2025-01-01,Theft from the person,-0.095224,51.513736,29,1
3f6f5669644ed8538be97450f8efdea81700acc388e53aef37163a25abe04fba,2025-01-01,Theft from the person,-0.091947,51.513188,30,1
4f777e6e873344abe3eaf8fb3858a9d6997f6b4c3a09826899af672517aedf62,2025-01-01,Theft from the person,-0.081113,51.516869,57,1
f1f9fb0e0c5dd7af06f42bd6ecaf72e2e91f2a803f6bc15bdadf7deef46db739,2025-01-01,Theft from the person,-0.084844,51.510725,20,1
aa5364750b3d529c7eb6519899b9041f9e25a94681002b7c9c7d4104e63e0825,2025-01-01,Theft from the person,-0.079838,51.514267,33,0
a3a9962102d5cf8aec29b16fe06dea2d34975985fcab0ef6a1c11459cc141795,2025-01-01,Theft from the person,-0.096501,51.513874,28,0
3be022181d67db70d25efe94cf4eff5faf19d7a8fa5ba460f78afaf698d56eac,2025-01-01,Theft from the person,-0.096501,51.513874,28,0
04f7040e549d859f43622ba74ca63385442338a7c3858fa8c5ffa0b53d4aceb0,2025-01-01,Theft from the person,-0.089208,51.509744,6,0
b923cf97f9c5003e8b221e82c2ceb10883357b544071fd43d1f1c20af8fa155f,2025-01-01,Theft from the person,-0.079907,51.517785,57,1
cbecedd20a75f09ad52f5b3ae4944ee6ec14f66ad0bba1f72fc66c602f276e25,2025-01-01,Theft from the person,-0.089808,51.517461,54,0
ef78d6ef35639a26fe7f8e5c40603f7754af4e05cef4d621905beb596defd914,2025-01-01,Theft from the person,-0.095224,51.513736,29,1
b56099e395ee88947db9b821cce3f405ba27906d746cf16db729a6115968217d,2025-01-01,Theft from the person,-0.089208,51.509744,6,0
aa98f28472789faa8785ffcf228719e341a7340ac38ccfeb60f513348a8ca1d8,2025-01-01,Theft from the person,-0.078755,51.51844,57,1
7a84dfef2a7c65192de02473321acc721c5441ec8368e831a19aa2dff2a28de1,2025-01-01,Theft from the person,-0.095924,51.513882,29,1
cf6693cce0c303ad9f9062cf2a4da598557c30c6c6b9a0699f409d139960cee0,2025-01-01,Theft from the person,-0.095224,51.513736,29,1
acfb6e8f5d2ac334a7fd63e125b5361488082b8af74609f937a4629e72fd54b8,2025-01-01,Theft from the person,-0.079521,51.511196,21,0
f67d15307c30b320b49c0fd5d23de98ea9b92618c1a751a44987798673901008,2025-01-01,Theft from the person,-0.086815,51.517007,55,1
1a2bb1c9778e838239fb6abb342edf4597a76d09f2b9ccbb953ca101914ffc8d,2025-01-01,Theft from the person,-0.09154,51.511896,18,0
f67ea76832c35ff864fd7e56e74d08c672226565940552bb37bcf92f9a2c9e4f,2025-01-01,Theft from the person,-0.082993,51.51636,44,1
446cc499cf8ca313d999a0065bf4fa862f7cbee36cdc0c4edb67779b1c9b7f5b,2025-01-01,Theft from the person,-0.095924,51.513882,29,1
9655985a4c1d918fcc16e099f8420e6538d49491c6bae0ed94c9a7f3e6715aa6,2025-01-01,Theft from the person,-0.101963,51.510761,15,0
9fb826ed91e000de3ddc29f0e3a10cbde950afc2b5a7011677314e1f12be02a6,2025-01-01,Theft from the person,-0.095924,51.513882,29,1
9d436fe93a352873b9736e1a469a9abe3438fc8d2177ee6fa4d18e46f7b90922,2025-01-01,Theft from the person,-0.095224,51.513736,29,1
6496e42af36c32fbacd05aa1c03d653d505f55c3e2efd6d25add50c7da412e97,2025-01-01,Theft from the person,-0.095924,51.513882,29,1
0a609e0bbfea8202daf1a4bc5b0393842e79b39331b910502e6c742d1f69430a,2025-01-01,Theft from the person,-0.095924,51.513882,29,1
20c343ba5bf57b84637f32c8f3c0baa1110b6804e3478bcc7d955f48af0aeaaf,2025-01-01,Theft from the person,-0.0949,51.513209,29,1
b8d0da6f879592973bcf2d74b2987d9b8a367706763a051634b3ecee70c5ecd8,2025-01-01,Theft from the person,-0.083977,51.510441,20,1
d7462775616062a7cd6e190158807b2e92d0bd20536be1bd3d6edf8bb5ce453d,2025-01-01,Theft from the person,-0.09446,51.512024,17,0
73fd7375b15085a7d63df19ff2034958b7250cae93b80adc72214453e76fcc24,2025-01-01,Theft from the person,-0.088785,51.517102,55,1
8379af4385fd0f5120e53ccd9b9009f6737b1ec92bc938aeeadba57202c6cf13,2025-01-01,Theft from the person,-0.081902,51.517296,57,1
7ba46dcd51d5423ef5d3f8cd3d9667619b1523d3fe47a04a758a2faa060811ce,2025-01-01,Theft from the person,-0.084844,51.5097,8,0
a26737ad4b3df6c617a97070c31df5559ff981aaa468caddc35bac145f28d97e,2025-01-01,Theft from the person,-0.07707,51.510877,22,1
ccac1592204263cc80f0e3389df46e508dfe8906f7b7116eeb95198adb2471e9,2025-01-01,Theft from the person,-0.083977,51.510441,20,1
597de28e0fbbd3882191f946c7fa3c14be6012b5d9ca7446a74559d59483ed71,2025-01-01,Theft from the person,-0.092531,51.512658,30,1
53fd4f403654c48fcecbef04f52e1745892e6d8cc4c169da03e97801594ab890,2025-01-01,Theft from the person,-0.089808,51.517461,54,0
5c26cfb4012dffc8eb7ca9b330d64cbe2a79bc52328e2131f77c3eeaec980e2d,2025-01-01,Theft from the person,-0.081113,51.516869,57,1
7c392bcbd5860b6cbc54c2869c743b41295265464f654efa2a2da98bb4b89893,2025-01-01,Theft from the person,-0.088785,51.517102,55,1
eca232d05ea539abcdb88fe9da4b6a27816c8ec30e8f258a8919652250f354a2,2025-01-01,Theft from the person,-0.081902,51.517296,57,1
3ddcc90e57a685c7bcba553569465e3bae1cf339f2b482b13e0fb41ccb9ead1d,2025-01-01,Theft from the person,-0.078755,51.51844,57,1
71087fd03702e4500ef7e8680d15c716593b244660085a830e8a0b361d27b9a9,2025-01-01,Theft from the person,-0.095224,51.513736,29,1
01411517cadb90c0bd6fab61b574d4d28a2ab76205d5efe8c80d11de5f9593ed,2025-01-01,Theft from the person,-0.089808,51.517461,54,0
9ae839e6be7dfeebb76ec309e09a5bde77a13499e37080e48044d2eafcb21112,2025-01-01,Theft from the person,-0.081902,51.517296,57,1
fc81aa71a98c52db6bcfd7da32cfd614429530410da316694dfdf102bab46a49,2025-01-01,Theft from the person,-0.095924,51.513882,29,1
ffcb4d5f0e63488ce866b2de3ffb1e287fd563a1faf8cd661211a8a8a1ace8fd,2025-01-01,Theft from the person,-0.09154,51.511896,18,0
bbd21afcc5e5fb40881e673cafecf59c659832edf227f35008cbeb8e9f5ee9b7,2025-01-01,Theft from the person,-0.101906,51.511794,15,0
da8025c842e0f69940ea5dc05e7c99f4e349114e1590e037f66809a7bf63c5d7,2025-01-01,Theft from the person,-0.089208,51.509744,6,0
95dd4e705fb99e00c303efe513160cc0e4286bfdeaaf382a47d019fbfdc32ecf,2025-01-01,Theft from the person,-0.091947,51.513188,30,1
c457cd93a34d160042e4e95769542b9fdea5e8007f302382850aad6af0533471,2025-01-01,Theft from the person,-0.096501,51.513874,28,0
41552f2dec8b084a71f3e3af12e35b5627115ea8fcd5017b079e6e91c64da0cc,2025-01-01,Theft from the person,-0.079907,51.517785,57,1
0c4e6fc02b1b77b976db39249ac7120ae6463f1500eeb2b86ab56d22fe6d3bfb,2025-01-01,Theft from the person,-0.093339,51.511557,17,0
34385d6c40d6262d10e48ef3df614adbeb1b37784554d7097d339d0731f0db25,2025-01-01,Theft from the person,-0.087772,51.510665,19,0
a8458a2eb83e52b09e8e753ec2d6fb49bde049d3d50eebbbb8a1dd0526b473f5,2025-01-01,Theft from the person,-0.081512,51.518692,57,1
7b51152d124577bb53ad9faf9d52314d10d3d35cd0166c50c465c9b0c40c66ed,2025-01-01,Vehicle crime,-0.081643,51.51007,21,0
6c5338a7fb31240748bd8ce3bcef3df69c6ca68512a323f1b17da08529c1ac23,2025-01-01,Vehicle crime,-0.092633,51.509872,6,0
550b4e3de7c4cb4e263aa7605f9c42da622afa59d2cfb8dbdceafd3a58327900,2025-01-01,Vehicle crime,-0.092633,51.509872,6,0
a26f04ff1eb43cec4eb9f8832e86f8dccd639b3e688170139754a0e884e55339,2025-01-01,Vehicle crime,-0.101906,51.511794,15,0
60c6407aa1a273d0c7428e6c3fba4b6a7688beb528901092f1e5a581474f095d,2025-01-01,Vehicle crime,-0.104276,51.513712,26,0
d133645058d89c6904c1cc6c9defd6b15b862cad55c7d902bb8d7d648e824d76,2025-01-01,Vehicle crime,-0.087157,51.512624,31,0
dac6417e141aa13b82ac7cf493c1df604a13e0f8ecbfa512599576a4e2fed4b8,2025-01-01,Vehicle crime,-0.079127,51.509607,9,0
b0edf7736bdb16b5af8f275fa0d12006fa11fdaa61a547b9d3dc151ee544953d,2025-01-01,Vehicle crime,-0.086815,51.517007,55,1
e9d0cf49099d994189d2c0b3aa4d2aff8bb24eb71fb1859894cc55f6a0367a2d,2025-01-01,Violence and sexual offences,-0.101292,51.51477,39,0
ca8f225e127f35284f650f6281d856bcc7758c9985e8b5625afc166933cbc0b2,2025-01-01,Violence and sexual offences,-0.081113,51.516869,57,1
a07711f4da425646014bf55ed2a7948930672bfa752bab332840f5f5fbbabbc9,2025-01-01,Violence and sexual offences,-0.09154,51.511896,18,0
283b92f4b34946e480454d3342ad07cfd92e4e678e842a47fbfaa71da244bb15,2025-01-01,Violence and sexual offences,-0.091947,51.513188,30,1
73d37681efe126f4b4187949bdd21f49c212159b7793eec2d6c7a3accd7d1dad,2025-01-01,Violence and sexual offences,-0.07707,51.510877,22,1
6b98ba0c2d8b29b24e8191dc938446a0d7942c912570178d76a174c474f39879,2025-01-01,Violence and sexual offences,-0.101292,51.51477,39,0
759608940740dee5132e8d07cb57ae546037c8c8a84c92cf43671e2e2a3e86d6,2025-01-01,Violence and sexual offences,-0.081113,51.516869,57,1
ad813f78dea1095c40c62254d832329a35f9212255f53469bbbd3be7d6fcd184,2025-01-01,Violence and sexual offences,-0.09154,51.511896,18,0
6e74974e374ef3d986bde12fd00a42c1e6bd162a59c39f9e58922e1ccbcbc5c0,2025-01-01,Violence and sexual offences,-0.087157,51.512624,31,0
26806450d9257d1f3ccc1019c7d0b3802c76bea17c71af0ec5cf7414aa5e9b07,2025-01-01,Violence and sexual offences,-0.085228,51.51119,20,1
1a9dd1b1c461e73824834cdfc2c09f89746c6bc6916d8744b9f1d311f644b8a7,2025-01-01,Violence and sexual offences,-0.081113,51.516869,57,1
df854b3867f7c3f868964b3da7f11788c98df14a533cd36e1e52428c8a2ba6a3,2025-01-01,Violence and sexual offences,-0.081808,51.520567,69,0
5268ccd45a8e14faf4c46ec84e3ea7ad25e24819a27f1ea5f21bd0c78fb8be80,2025-01-01,Violence and sexual offences,-0.081113,51.516869,57,1
3ec3a8e3c21a1b38a32ca9f6bca7ca0e66289c8833a7f0d05da4c60b1028fb69,2025-01-01,Violence and sexual offences,-0.081113,51.516869,57,1
365a664fbabb68177d81d756b6c666120d4731e41ba1b85fbbfdb2100b3966af,2025-01-01,Violence and sexual offences,-0.07707,51.510877,22,1
e8968bf6583d15f74677e820e63532ab19ccb5631560e703486646758bf72e9e,2025-01-01,Violence and sexual offences,-0.082133,51.515222,44,1
b722a202aef35e59be5555fbe786e22134d0a1ec1a9e94313373d5acd9555bfc,2025-01-01,Violence and sexual offences,-0.0949,51.513209,29,1
953bcd41f9f61a2be00d199be349a38ee886c541534cdb1db0e7211d635d3725,2025-01-01,Violence and sexual offences,-0.079883,51.517326,57,1
0e62bd0fae602e53cf1725eebc62e4e80e5d146a188d7cdcd7edba64e3402807,2025-01-01,Violence and sexual offences,-0.084844,51.510725,20,1
197dbe9715a8469f780e23779343519239c134ca29678730a09d5e43a14131a1,2025-01-01,Violence and sexual offences,-0.079883,51.517326,57,1
ffad7e7299b47dfb229f3a5c6dbc2dde54a4990670108f240b54ce34ca870d33,2025-01-01,Violence and sexual offences,-0.086019,51.513631,31,0
6a72e33b92025af0e3b651a2c9b0549642556df6655187689b938cfd16cafb28,2025-01-01,Violence and sexual offences,-0.09154,51.511896,18,0
e89102ec242c3c6c21fefe977a20a83be6e8486cea28971ef25d8daa69b8f2ec,2025-01-01,Violence and sexual offences,-0.084836,51.511939,20,1
3b277bfe5ab09c92fc0fe44fa0d54e507ae324be35f35e0b80523f9ee983ea69,2025-01-01,Violence and sexual offences,-0.104276,51.513712,26,0
0c3abc2cad7cf69349822e8aab8429a29d7cd66db0908cf01910eee3395c5fd0,2025-01-01,Violence and sexual offences,-0.078059,51.509967,10,0
200529ec39e0913ca6c8e346a5d3d0416164df5fa658a19b58a08bc66beeebe5,2025-01-01,Violence and sexual offences,-0.078059,51.509967,10,0
31c17e29b97b1654e7b098d8ea1771cf16833de55fd75e85126fc65e132dcfd6,2025-01-01,Violence and sexual offences,-0.078278,51.513666,34,1
09ae712e6864a01ac064b6d8cfb2e0acdc0dbc0d435de354f87b168e85ad08fa,2025-01-01,Violence and sexual offences,-0.095924,51.513882,29,1
0a4bb75215eb14c2ae672fb42634027db32cb3dc6da428dd30c5d6b4924e1960,2025-01-01,Violence and sexual offences,-0.097291,51.514626,40,1
68a2c8f55125d33c49b644196ea388deb01552acdc43330f73241f527ef566d3,2025-01-01,Violence and sexual offences,-0.07707,51.510877,22,1
5db73884ca90c57e97abe9255362f9337da58aa385d060d79af9c286903381ea,2025-01-01,Violence and sexual offences,-0.101475,51.511077,15,0
5d9080889c40aa4e78a3043e3b3926085a6199e42aa3fd00cbebb6db252cdd4c,2025-01-01,Violence and sexual offences,-0.078278,51.513666,34,1
927e6ad0f1648c9de83c906839746db434f15601e602e439ab6eeb6a52488758,2025-01-01,Violence and sexual offences,-0.087157,51.512624,31,0
4e6552274c1d691f7e65cdb6ada02cbd3c16c403d0c84a73b9938433dfa75135,2025-01-01,Violence and sexual offences,-0.091947,51.513188,30,1
06d5eb944bcf4d3fbcad86c24b11d93830fda9f5fd4fcdfcf6bda94085e9ffd0,2025-01-01,Violence and sexual offences,-0.079883,51.517326,57,1
92d4658bcd99ffdc1cd50fc0daf3bcfc7d9f8e4ebac99072306ba1bebbc2db61,2025-01-01,Violence and sexual offences,-0.101906,51.511794,15,0
91f0ea805d1431509ebef348432265858daae60a6d0dced256b35c9ebe5080ef,2025-01-01,Violence and sexual offences,-0.081113,51.516869,57,1
27a15549cd54671e18716f8e89539369681bf0e33e21a14a508c946ae1e9fbb0,2025-01-01,Violence and sexual offences,-0.095224,51.513736,29,1
2946afaf0d6d16e04e0b720a2607472a7717761b5b8de4b1ca4d520e2b31f531,2025-01-01,Violence and sexual offences,-0.079907,51.517785,57,1
f4c501e5e68d88172df20dc2d2ed31cf3edb8033075c9fe2127b7c0233ca32e8,2025-01-01,Violence and sexual offences,-0.088785,51.517102,55,1
1c0a0a01db2bf6889a47a9efc6bb50d6a51f0b3aa2871131d233f6bcac22381e,2025-01-01,Violence and sexual offences,-0.088785,51.517102,55,1
a3c27427d338eed154b6d4f0e3b90f748fcb1531d5a50e2466a38eaff28a19b9,2025-01-01,Violence and sexual offences,-0.086815,51.517007,55,1
72118e09471085ec04fcbf4deb3749109efc3a229574ffd8b332502f1927d1ba,2025-01-01,Violence and sexual offences,-0.084844,51.510725,20,1
56fc2f5635e30cb7db994377d4cc15e14aa78d7b446f022ad4c5a4772a7d92fa,2025-01-01,Violence and sexual offences,-0.081902,51.517296,57,1
51ba68aab6ec06b89eb26ff86527108b26f98ed1fb8f6585893e74f0b75bc500,2025-01-01,Violence and sexual offences,-0.084844,51.510725,20,1
2be8ba7c1f878f8a8a6af7f533d16cfb6ed291ba4939ed6e17cee2c4727bc8df,2025-01-01,Violence and sexual offences,-0.084844,51.510725,20,1
7cf5cbbd57d5259d48e23dce31c056e737b9f5f70d67b74ad3574f870d6a379b,2025-01-01,Violence and sexual offences,-0.078755,51.51844,57,1
82e3b7e26f69a7c3d5ae5870cb8b7bd19c7d7a700603bae1c2fdb5651ad65c7e,2025-01-01,Violence and sexual offences,-0.079907,51.517785,57,1
336e54913f061f2a723a57877416a96944079a077ee9b752b2ec349ff5d2a42c,2025-01-01,Violence and sexual offences,-0.081113,51.516869,57,1
a15ea10416417a53e15c7edc6562ef9e7951ae9a02e6455b9102232ce27d85c9,2025-01-01,Violence and sexual offences,-0.077959,51.511332,22,1
217772a068158986897a3d0f738f65cb77b1b1db55ebc4ec9da00b8076da80d1,2025-01-01,Violence and sexual offences,-0.095924,51.513882,29,1
ec6fa15e9561766d1a89356a7b4d406edad3793019d7c75256e4e8ef7208dc29,2025-01-01,Violence and sexual offences,-0.101292,51.51477,39,0
2ded131adde10aa4d556b0e33c4ec15846bd9e8aa67df49346f4981e60e997ce,2025-01-01,Violence and sexual offences,-0.095924,51.513882,29,1
ad76c712fbbd5991bb079b7ee07af726f90b778f5b7f638e0f74f4ffcf9431a0,2025-01-01,Violence and sexual offences,-0.091947,51.513188,30,1
796f308b1a642c525457a4a014550114f17449ed2fc92abde854a8807ea607a7,2025-01-01,Violence and sexual offences,-0.079907,51.517785,57,1
e2ebea2a357b4259f4201f6681be5d17c7449637d03c09e56ed89a2a1ea337be,2025-01-01,Violence and sexual offences,-0.081113,51.516869,57,1
44bab2f89987f1acc63b14a003a85ea095996572111242a8917ca4ed6eb2e708,2025-01-01,Violence and sexual offences,-0.079907,51.517785,57,1
d93dbe931b2079eac0825ff9f662fb3939522d7f8233967ef6787d856944c588,2025-01-01,Violence and sexual offences,-0.091947,51.513188,30,1
a192edd28f755b946a722917e217945b66c0ba10e986c63a093ae62f35016f8c,2025-01-01,Violence and sexual offences,-0.089479,51.510864,18,0
d017a68624caff8bf9cb3a1803e7488deab8a0d5076af96f74c49afea277c5de,2025-01-01,Violence and sexual offences,-0.079521,51.511196,21,0
1212191cc74898a79b709d125814f35faa66512b24d86d2ce5b5248965e05f64,2025-01-01,Violence and sexual offences,-0.089208,51.509744,6,0
32222cdc4d66575fb5fbb1b5f3f988b5e3872898dd724e3174e01464bef2480d,2025-01-01,Violence and sexual offences,-0.081113,51.516869,57,1
773ce54051071bd6969668f74e892fa186eaa596499b06a70e308c65628db497,2025-01-01,Violence and sexual offences,-0.079907,51.517785,57,1
79e75a7d55a1f517414846737b31952cad1b151395614d6aa457abed4c7d26f1,2025-01-01,Violence and sexual offences,-0.087772,51.510665,19,0
e8597c88e19b92f7c0e783149e030641243952dd9448e413457e4a7b78c58ba7,2025-01-01,Violence and sexual offences,-0.087772,51.510665,19,0
979fd495802d763ce8b4f2655f6e1af1cd2492c69eb9ca8274c236604379891f,2025-01-01,Violence and sexual offences,-0.079907,51.517785,57,1
bbc171ff6603235a01f8d62800c7ff8e8d55e5cf4fbfc0e1817086be0f5fd2ed,2025-01-01,Violence and sexual offences,-0.087772,51.510665,19,0
1b60088a8d65a0bbe0f91cacf58820c5354df1d1c89cf5fd689f4ddba26ee2d4,2025-01-01,Violence and sexual offences,-0.081113,51.516869,57,1
086289118571d1068daeb7a59d40f6a191498b1d69b5f65249840b21c6679d28,2025-01-01,Violence and sexual offences,-0.081113,51.516869,57,1
94abaddd96f851013f195e1b4e75abe037979bfb42f2c495f043e95f64917485,2025-01-01,Violence and sexual offences,-0.077804,51.518083,58,0
dd763f7dd04fcebc7eeac1d684a1ba50226d986706c30ef5d312709e68f2b137,2025-01-01,Other crime,-0.101292,51.51477,39,0
9adf156f571fbb773d418131300ce4428d985500967c4b38d96b67e01530c4a8,2025-01-01,Other crime,-0.100888,51.514448,27,1
5af80085024da0e37fcd5edaf916f057a8c976f2388dbcc9c3fcc9e8ed99a473,2025-01-01,Other crime,-0.101292,51.51477,39,0
,2025-01-01,Anti-social behaviour,-0.112111,51.517687,48,0
27722540bc51ae6908d73a8c4f2104b24e6b268d8ad70b9fcc15c07bb3ec0c9d,2025-01-01,Bicycle theft,-0.098017,51.519689,64,0
0a1a3b1a8d6fff6405d5f7f50edbaa462c3eb34df992420ccbaf8b5f1d413525,2025-01-01,Bicycle theft,-0.109297,51.515681,37,0
c06dd95034c0a8b0a5a3dc377c744834491f2c928dd04cab371ebef22217a12b,2025-01-01,Burglary,-0.10498,51.512033,14,0
5cc95cbf75482d1c1d27214d1f14f88b1a1654d5d23fcc2686d6af7510dc7949,2025-01-01,Burglary,-0.10498,51.512033,14,0
2a6db9c7e13d7cbb2c4f90df3fcc470c2eb4ce0e1d88ceaac51207e573b1a204,2025-01-01,Burglary,-0.101621,51.516906,51,0
f21199e1af000b7458f04d4b41ed7c4907317d12e579fa6cd66dd46a21c1de95,2025-01-01,Burglary,-0.099803,51.519026,52,0
000f05c21364f5d012c53d846b0328c766526f0ffaa9d3666ce492037369cc9d,2025-01-01,Burglary,-0.10498,51.512033,14,0
090d431b9bd0c0ea3f2562b5a723ad99fce7771cbd13b454d2d1d75ce2b13913,2025-01-01,Criminal damage and arson,-0.099709,51.519906,64,0
e47c0e81955b1d015ecba61ff507ab576a6163d8416c207440f3432e985ec86a,2025-01-01,Criminal damage and arson,-0.107443,51.515534,37,0
4f0d77627f8f7d5ebcfb44ce3a077356b94e1ac844a3f1d034d4f8a6146e1719,2025-01-01,Criminal damage and arson,-0.109387,51.513839,25,0
1a2527d5e27652be91be629f06b18a003a1fb7efa208afa1a9aa3021f9ed5a82,2025-01-01,Criminal damage and arson,-0.099803,51.519026,52,0
0f23f7015abc6f8be6f1eecb3414965a831157a11d57c4495622844193c4ba85,2025-01-01,Drugs,-0.108027,51.511884,13,0
2d2b598c49cbe06a9be723f762b31acc8b1646fd5c6a422d6d582751877fdcd4,2025-01-01,Other theft,-0.101621,51.516906,51,0
6d4f9e18bb8a7f70f8c872c45eaebf2163d766e75a0a7bdbbccf4d1d841306fd,2025-01-01,Other theft,-0.10498,51.512033,14,0
3c5f918ad526f542f30608a1cea82cd03d007c246e99115eb57653d991b27d1b,2025-01-01,Other theft,-0.10349,51.513897,27,1
f34ae84a8c321eaff6a3d68bea7b558bceb757533b7747e6a1cfbc175ed809cc,2025-01-01,Other theft,-0.105131,51.513941,26,0
5148348bdf94c08a0a8a5f07d8c0a5bdbc574fb9ec73b2601690a9a6399617f0,2025-01-01,Other theft,-0.109387,51.513839,25,0
43e0f0fbc4b85337651836e10ad8d5e7f0e18d78579f0e2d29ab85e528822a33,2025-01-01,Other theft,-0.10498,51.512033,14,0
a956e5f1d373f08a7a6697a9974531413d223859a7d29055f0991084d0ac3b12,2025-01-01,Other theft,-0.102812,51.517051,51,0
4126531ebf6c3c49b888096919c3e668fce3bcf92bd92c69a1f980ec245cc09a,2025-01-01,Other theft,-0.105909,51.513262,26,0
41ebbaf26899ce3b88534f1337b4f471015c6c1d15285049798f19a5ccf91d05,2025-01-01,Other theft,-0.105131,51.513941,26,0
ff62d968a78afa00408ca48e25249701b4c147231cba0042eeafb66b6db692ea,2025-01-01,Other theft,-0.112019,51.516067,36,0
3bfdd469937f94d850a2dc160ae908a253c49182ee9a64437e3d1ac787497241,2025-01-01,Other theft,-0.098017,51.519689,64,0
20b75197b75c35f6b8ad9ab717062bc0e6c656cd6b077595f604b0c057be7ea8,2025-01-01,Other theft,-0.102538,51.517739,51,0
6e47ec7d9216f37238bfcd58a40886abaee015103e2238963637b06b6d647eb1,2025-01-01,Other theft,-0.102812,51.517051,51,0
d014b2274cce3de4ea79fe51ecb9ded5ab6d71ab4968e4fcd5b9a88f8c353560,2025-01-01,Public order,-0.106076,51.517239,50,0
305786046ca8976739ac975e70787003874263d3d0b05cca4a31de9e90053b98,2025-01-01,Public order,-0.11069,51.517916,49,0
0bcd1f27107b81469655a0a9d1d5ed82a15238012e3be070f5af0ece96659c44,2025-01-01,Public order,-0.101359,51.5187,51,0
24b128a5f00ca4a511747d936f10fee410fe3287006d21e0b4d4bf0336373e29,2025-01-01,Public order,-0.107443,51.515534,37,0
150c2655084fcbe3120ca976e731fd3caceaf8d8534bcfde8cc6a14cfc50d1a4,2025-01-01,Public order,-0.099803,51.519026,52,0
40ccf5f3c27dce9b42111dccaba3bb5c28586b24f837282afaf6c60c05734729,2025-01-01,Public order,-0.101359,51.5187,51,0
ed9cf8636012808fa8c216c8745efe9f31e05b4c9060aca33a44ae17318d43d9,2025-01-01,Public order,-0.10498,51.512033,14,0
3f2081177118ed1dc24683740f4d39fc94ec0fdee5a766a0a2683e769f55b052,2025-01-01,Public order,-0.098017,51.519689,64,0
606ec9b0043a66936e7fe012543026e9497d3f2830b4ad8550b047a5ffb50ad9,2025-01-01,Public order,-0.109387,51.513839,25,0
fb998ad541557c21794b2e328a19384830c18faffeec1ef20a8e12e5c7dc89bd,2025-01-01,Public order,-0.105131,51.513941,26,0
351e8946ecd9bd71be40d9c733af53421fba91f523a2e267c72023e1f1cc2458,2025-01-01,Public order,-0.109387,51.513839,25,0
2e2f072020d185c81d3f02a2113da866409754dfccb9a72fb06c721fedbbcee7,2025-01-01,Robbery,-0.10845,51.514202,25,0
c56cb9c66f6f9ad7362ac2f0063a83cb9ae64fea5e20d5085ce6f23729e7596c,2025-01-01,Robbery,-0.10498,51.512033,14,0
b2d231ced78f8d959f2c0ecb083742cf398f0f9d2c2ea699275f03464149841b,2025-01-01,Shoplifting,-0.10498,51.512033,14,0
f1a802920f3d00c28d9132a2bd68f14fbc78f5d49c9c87afb3f701adbff772ae,2025-01-01,Shoplifting,-0.112953,51.518231,48,0
c229ab964f56a4e22ef9d9de5f41a91d5efb4817bc98ad013e30ac39ad44c9a3,2025-01-01,Shoplifting,-0.10498,51.512033,14,0
00a06e4ec8d3b7a9e3ef2ead9075963710769917261d2d8a6885e9224ceff15f,2025-01-01,Theft from the person,-0.109387,51.513839,25,0
d920404814eb817f7f5a6802a709a6e41ed30549bde1d875c77e936b09f79372,2025-01-01,Theft from the person,-0.10845,51.514202,25,0
d61016d6429b748ac10bac6c0e6767a84686236cd2f8df77ccac343107950103,2025-01-01,Theft from the person,-0.109297,51.515681,37,0
843b47493ab57879234b5301a49dd553b79dbbc487f6c8ade7d6905755324a76,2025-01-01,Theft from the person,-0.11069,51.517916,49,0
590e6e92c751037cfab0c0d7e02e8ea5948d57ba3e63c7bf77cfec768dedbb9a,2025-01-01,Theft from the person,-0.102726,51.513911,27,1
985713fc757256968e324f77307a37041e09625b5e2e77c8b17d5609fcd4ca03,2025-01-01,Theft from the person,-0.099803,51.519026,52,0
fdf893106026c259007760b22f04b7082bb0a6b385ab53767456304e984665c7,2025-01-01,Theft from the person,-0.101359,51.5187,51,0
c95b45b46eaa7178b9768fb8b55e24500ef30d349fcf0fe17926a7a8ef10be98,2025-01-01,Theft from the person,-0.108909,51.515297,37,0
a2ad4f7e29c5ce884698014352c3e013b2df1e34dc749eee6d3c5f967e56a873,2025-01-01,Theft from the person,-0.106076,51.517239,50,0
56554e9d7cd1ee73541731f2197626d0dd8efbde85a2c7476bde2a15969757ea,2025-01-01,Theft from the person,-0.106076,51.517239,50,0
299a82a7044bbcc04691f235777aa78a00a0f4cbf48798cfe398a80166888e18,2025-01-01,Theft from the person,-0.106076,51.517239,50,0
c6d436577476c8084833d40522cd23d7dad58951511b205fd2a37e743e8044f4,2025-01-01,Violence and sexual offences,-0.10845,51.514202,25,0
e12450666c464e6eb78bbd824a7dac4dbd417d63d8728ec2ccfa5e678a8d5c6d,2025-01-01,Violence and sexual offences,-0.10845,51.514202,25,0
1a136d67b3207c05db21082210be3e63e745f521b65ea3cc9fb9a43859e04d3e,2025-01-01,Violence and sexual offences,-0.106076,51.517239,50,0
2019ae80b2865dc36911abff621876392c0faf6ab96ffcb094bda728c59f11c2,2025-01-01,Violence and sexual offences,-0.107997,51.513313,25,0
a1d3f1c60dbea435b5711616f590676d957e51091922659b74a9fc916122d873,2025-01-01,Violence and sexual offences,-0.101621,51.516906,51,0
ca1f856ba08a957b571ee1c4bd42c89904f6cda645ed303092c9f6627784bc00,2025-01-01,Violence and sexual offences,-0.108027,51.511884,13,0
f066df037371e608ced437d49e2445c84138af3bd60146794bf9eb19e78f450e,2025-01-01,Violence and sexual offences,-0.101621,51.516906,51,0
49f8f361c7657982c17f68ff33618adf04e20ad180db910fa942295c4abd9d23,2025-01-01,Violence and sexual offences,-0.108027,51.511884,13,0
622eec169f3de38efccc126d10ad73609079070d5ca919c0184004aa2d457eae,2025-02-01,Drugs,-0.097078,51.519045,64,0
8a2a3c949bbf69ea4361180fe60df91f14ac784e53ad5df6bcc19a19824e3d6f,2025-02-01,Other theft,-0.09729,51.521575,76,0
5228befd260f976d409640ac2d4d601a0a288ecac021037a4544f06de6c1a33d,2025-02-01,Other theft,-0.09729,51.521575,76,0
bfbeff511787bdb2f8daa46f8248931343a24d2cfab68d335f025d2c83246f54,2025-02-01,Other theft,-0.097562,51.518864,52,0
9bad406407e2f4bf92bcaeacea6872def76aef9a30d9ace1a852d507c5fce5a8,2025-02-01,Other theft,-0.098519,51.517332,52,0
70cdc792c5581ede72fbd300135a010e40cb426a2ae7794b4d6cc9307f0acde4,2025-02-01,Other theft,-0.098519,51.517332,52,0
6229c315d331ea55fd086cea8f5fe625aa8abce5f5035e9248d303e622fc380b,2025-02-01,Theft from the person,-0.097506,51.521228,64,0
844feb4592b180a64396a414944b67d56ea4196f5d8f63029af802100ce1414f,2025-02-01,Violence and sexual offences,-0.097144,51.515062,40,1
688e775920e98e4a94e460da0660848ce9af0d316581fe9a8e727091f36d1e44,2025-02-01,Bicycle theft,-0.092488,51.520598,66,0
2a9ac22cd0d57f8c71b774e76dea83d33d22dc706b582e21a73e4159ed6690b3,2025-02-01,Bicycle theft,-0.09413,51.519961,65,0
30b1e9d1d84f8edc04ddbcad8bd358f5e25ba712fb5db38dbf38b58342330d0a,2025-02-01,Criminal damage and arson,-0.094655,51.517369,53,0
33c968fcf1b2d86b1666c4cf24dd02cdc22f5fc278c0084f629fe36260cfad24,2025-02-01,Drugs,-0.092971,51.516271,41,0
975eb4e1f7119fa1dff9c2bfa5cde823ee015a1f63fcc63d0c75c0f4e99efeff,2025-02-01,Drugs,-0.094655,51.517369,53,0
b118931e881320e7c229cead0d32ceb9d71ff5900d2f9d772dca94652389bdc7,2025-02-01,Other theft,-0.090105,51.520001,66,0
d2d8e84ecb1253bf0ccc8ade7d580069ca406f8e07756ab1f69d79e372fe1638,2025-02-01,Other theft,-0.092488,51.520598,66,0
7a287200be9f61d7edeb8a5d80f3a4f7a77e14e700ff80c150e3fb3652cd7a6d,2025-02-01,Other theft,-0.092971,51.516271,41,0
9193b8ae707bd65f8fca3e32ab03837737c369276d16f755568e241a4a1a23b8,2025-02-01,Other theft,-0.095704,51.516747,41,0
8055afae356cedf987ad1e49031371ad4e0f20f69079f0506f87a3104fe8a436,2025-02-01,Other theft,-0.092488,51.520598,66,0
ea8b4335e7cdeea5e9357df78ae27e882b494249743256c498e0081326f78608,2025-02-01,Other theft,-0.093919,51.519812,65,0
0b590ae59965424c594de63d62bb464d452cb7871ba0ca47971e114c256f8d8b,2025-02-01,Other theft,-0.09413,51.519961,65,0
a45016dc838f796402ffbe5a11137923572d55ad6a745478b9f141f21f4fd2f7,2025-02-01,Other theft,-0.092488,51.520598,66,0
3552bf392e7e8a8e092911dcd594426870e953db0ced0c7d16776a1b46cdcfab,2025-02-01,Other theft,-0.090553,51.518948,54,0
4f685e495b96c340c879f4ef31d73460723c08476a8148890c6e4cc1dbb9ed77,2025-02-01,Other theft,-0.090105,51.520001,66,0
73b703bb38fb0521e77853e36d2dcd3a61256254e1e89380fba7c2145018ddef,2025-02-01,Other theft,-0.092971,51.516271,41,0
2724a4fb9a0b2a01632860113d527b5b6d65cb2e9c5003632c651b1856f9ae67,2025-02-01,Public order,-0.094655,51.517369,53,0
51cb84b0e32b10c0f831e07e59344ad82d45756da52333f1011cd1d3b405cdbe,2025-02-01,Public order,-0.090553,51.518948,54,0
c00c218f13ca015b0407d71c1d54d09c687593bf5b7166f2c71b9278cadab103,2025-02-01,Public order,-0.090553,51.518948,54,0
26c825c2bed2b47003e40d2116f41016f05e079f5f5a48bed049f0f825de0b97,2025-02-01,Shoplifting,-0.090553,51.518948,54,0
0998618b6bdc12616a0c2e798b3aad313acc94bbaee5450a34a6e5e8be6701f1,2025-02-01,Shoplifting,-0.090553,51.518948,54,0
d628ca3bffb50a3e1706eca4441e889542218881daa785b63ef830e3e5c8814c,2025-02-01,Shoplifting,-0.090553,51.518948,54,0
8fb5cc354dcbb5e7c562d09ea2d26ae93ebc8ce31349a0ccaf7ec202e8212ec3,2025-02-01,Shoplifting,-0.090553,51.518948,54,0
f88c72df275e54bb607c8bfc187571328515da234551f24f25f82002223207ae,2025-02-01,Shoplifting,-0.090553,51.518948,54,0
e985d6dc6cd07b5bb44e809c148b7f69fb2fc4d68cddfa670799bd7645f07cb7,2025-02-01,Shoplifting,-0.090553,51.518948,54,0
d6094212be7b84314efb9162e944c87d38f6c5bda02b469b1818814871c3fbee,2025-02-01,Shoplifting,-0.090553,51.518948,54,0
36a1fc90aa4b281199b8421f87c836e0df19f68d03c4c9810a839e2568b09ec6,2025-02-01,Shoplifting,-0.090553,51.518948,54,0
365f317f9f1c78918160b2083c95b6988673628d681cf6e6bd33059c30b1b7ec,2025-02-01,Theft from the person,-0.095704,51.516747,41,0
069fd089b900752a5d6c3d27cad6ec79224a20303680a337186a162f3813b0fe,2025-02-01,Theft from the person,-0.092971,51.516271,41,0
917999351b116271b1c0ee2c256c5f8314384ef354ce75b82b303d724534b172,2025-02-01,Theft from the person,-0.09413,51.519961,65,0
9d6c197d2d29c2d6669b03e239e526158af33d16d35aa739d5afd7ba94d87f82,2025-02-01,Violence and sexual offences,-0.090553,51.518948,54,0
23a3ecb2f65e94e5f936a602830e038bde699b5962209ec33dfd53a28a181fd0,2025-02-01,Violence and sexual offences,-0.092488,51.520598,66,0
732ff51d2b216401511306a4341ddd3ba0c45bac76f787200556140bff7d9666,2025-02-01,Violence and sexual offences,-0.093969,51.5193,65,0
ffe89563477f708d849b6f2ded7c42f1df1328ea431f2bb9a34b14eec66ccf7e,2025-02-01,Violence and sexual offences,-0.090553,51.518948,54,0
f5cf2e782c43c2a46c7e86ad7302f30361bc7ebc9fcadfba368b30742a30f21b,2025-02-01,Violence and sexual offences,-0.092488,51.520598,66,0
884f04e53edd713f1059d64587e14e32b4e6243baaa091b5b2df0dcab1780685,2025-02-01,Public order,-0.094759,51.521435,77,0
78faf000b07bd661ff2386b8028162f34d205087a4575e476be9183c9e43bd2d,2025-02-01,Public order,-0.095758,51.521667,77,0
,2025-02-01,Anti-social behaviour,-0.073717,51.510084,23,0
029c172a253eb5e0c60d816a0978aea083b5535c957ff9d02f452ee846d7a92d,2025-02-01,Bicycle theft,-0.073531,51.513813,35,0
a7a25a8fc18c7c54d00a0f5203456ed7b28d0859a3ddc35b0c64fc266fc6853d,2025-02-01,Bicycle theft,-0.073531,51.513813,35,0
c718f19c1aaf72c52d22f70f92c760eb13053f5efe0582e5c6dec1704f45fd40,2025-02-01,Burglary,-0.073456,51.513542,35,0
116ed1f1a7cbf45ae6e164f5d9797561905e366d9b366f20db50369c070c679a,2025-02-01,Burglary,-0.075401,51.511164,22,1
c7cd5410d1b2978f3acfb95c99a247a849ed2aaedf05a51ffc80517f6938aebf,2025-02-01,Burglary,-0.076145,51.512642,34,1
df4ef0f7a4d2a742fe7b46c99916d8d7b9a2ca505b9eeeb2b32b2fd0c8947e62,2025-02-01,Criminal damage and arson,-0.077511,51.515812,46,0
33b03b76c4218fa62bf99102f1479dff28a5b840121ebc4dd5f3b021aa7ed079,2025-02-01,Criminal damage and arson,-0.073456,51.513542,35,0
3ded4eaddc86ec2174977987bb0b4ceea756dfdb400cdd54d3ec44ba2621d1ab,2025-02-01,Criminal damage and arson,-0.074925,51.514924,46,0
e4f21be4df4821a01288fd8a2f7fe94fff845795c7c27942e25a94132b35a507,2025-02-01,Drugs,-0.075866,51.511406,22,1
33cb0ebeefb2e46cade7acc83ff609ba631c7c4e9655851c77aefba89fd5b816,2025-02-01,Drugs,-0.074925,51.514924,46,0
f392a51f270d1fafbb977ba8120a4e21cdaf30ec08de6e9bbe82368a4cb27a5e,2025-02-01,Drugs,-0.074925,51.514924,46,0
adb845633b6ab8fb80115da58e0ce04e6f773959b6ccff75df182d669f8b5ba8,2025-02-01,Drugs,-0.074253,51.511037,23,0
c67c44c28566cc4ec33824fa87e6e89223fc5354bd9935a00662601450c9a4af,2025-02-01,Drugs,-0.075453,51.511965,22,1
be64e1fc1e59b37f9be4ad82ceaaba2ea91d206541add152b27ff9f0a981a12e,2025-02-01,Drugs,-0.075453,51.511965,22,1
6b25107ab497b35be9a47c6dac472e7cce8385fddff78ead48c63f0f9691f7de,2025-02-01,Other theft,-0.076145,51.512642,34,1
70e059cebbf33db8b52aeb4aed64d9f3efea4d7abb9328ee79cdfda44e5c3371,2025-02-01,Other theft,-0.075401,51.511164,22,1
464a4a5c4488da21c6fb7776fe8358c74fff74be9ad6cc766bd78650d794a235,2025-02-01,Other theft,-0.075401,51.511164,22,1
b651b52bbf6576429f07cfed598062cace6fbb87d493dd0e17fd1c52bc0f83e6,2025-02-01,Other theft,-0.076145,51.512642,34,1
8de18b8644d7bacbdb0f69e856778ccc0447ba40fe6851aab71850539ae0cf4d,2025-02-01,Other theft,-0.078839,51.515753,45,0
b14f137fea25a45c09de39a78e49fc587d6900b499122f5b7f0aaba7f7c34550,2025-02-01,Other theft,-0.075453,51.511965,22,1
a8d0225d1a20d3e14dc90c4c6cf39fde384ab2cd6fdd59d4784d8850258b89e7,2025-02-01,Other theft,-0.077169,51.517083,58,0
07a6a574ea14f719937f01938eb81068ecaba4a04860620028c054e659870eed,2025-02-01,Other theft,-0.075453,51.511965,22,1
40ddb23131e3a30a9850b0dae8820cd3f5e9bc0ed960462b6e45e058463ddb0c,2025-02-01,Other theft,-0.077511,51.515812,46,0
0febe3ed29217eedc6b1563b2080fa5986f0a9707ff220412b7b8e1d1eb70b6b,2025-02-01,Public order,-0.07433,51.513647,35,0
8f9b3ad6bcaa34d6b8a0d3ee9b4f9f1c89583d694b4ef8673495f17643887fae,2025-02-01,Public order,-0.074925,51.514924,46,0
76ae6d23fb7ace66eb60189b9da705860d4973bf81545cc7acc44176aaadcc7c,2025-02-01,Public order,-0.075401,51.511164,22,1
3fab3cc550ccb4f555626e9ea82469cec9e9fa81ec84640e45f32773c80d967e,2025-02-01,Public order,-0.073456,51.513542,35,0
27e92627df9176ee81b816af4ff9766a238b77877f5da906fb1b3593c70053fc,2025-02-01,Public order,-0.077511,51.515812,46,0
40ffbeab873fffa895ce051355c2e02d4647ac280b5686379c5840dcac3386e9,2025-02-01,Public order,-0.074925,51.514924,46,0
98bacd08064755d8223a73a330ef75d2f5a5b95c9cc5086c9ac70c25ed75242d,2025-02-01,Shoplifting,-0.075401,51.511164,22,1
8c097dd8564861de33b43e2a8475a9f758dd4e7fee5b4c0d1b8fff4b708c03e8,2025-02-01,Shoplifting,-0.075401,51.511164,22,1
2d9080cbffe75376b0c8f3ffda8331297960c4ba7ea23a116e4467836f278a34,2025-02-01,Shoplifting,-0.075401,51.511164,22,1
5893f22b5707b8888ac0c8087250cb421f815eebaeeab68740975e0f18e8ef66,2025-02-01,Shoplifting,-0.075401,51.511164,22,1
65b4139274a451e772cd11e0986395510b4919e13b093396ff229bdc38468778,2025-02-01,Shoplifting,-0.075401,51.511164,22,1
87d4bd6522ea7336226398cee902c00d537d6bc16f89b7c976db3c7dbaef5d63,2025-02-01,Shoplifting,-0.07433,51.513647,35,0
f821054689ea67f4b5d190834d271ba8e60d04340be25c425789b8ad6cde737c,2025-02-01,Shoplifting,-0.07433,51.513647,35,0
6b6459777241b2bd6a0171e432e411d5220825ee3099154f1e237d92b2dbd15d,2025-02-01,Shoplifting,-0.075401,51.511164,22,1
4361c0d95c91010075ede7e062521aebbc623dae523ec88fce11f75fbad703be,2025-02-01,Shoplifting,-0.075401,51.511164,22,1
60b6c4c007df51c2786c9d0a5bb370ba7bbfcca0304ce7e14430b6738252dd85,2025-02-01,Shoplifting,-0.075401,51.511164,22,1
f85480ed7e8df8186558b7cd98d37da4afc1662d641f482bfcac78e81c5247b0,2025-02-01,Shoplifting,-0.075401,51.511164,22,1
2db5c588c93906932835e883fd098b007a51715efa75ca970ff30ce431599ed0,2025-02-01,Theft from the person,-0.07508,51.512625,34,1
08f3c04fed6798282417f0024fb8ff6cf1d8d56a9a2dad14903850a8140abc3f,2025-02-01,Theft from the person,-0.07433,51.513647,35,0
b148cec6975737482f875a34b6f333c832447b2cb928c89ac6df618289c7f7e3,2025-02-01,Theft from the person,-0.077169,51.517083,58,0
7400ca057a728516a6a8b4a563cbabc3f601009125e7ee260981be78285a30dd,2025-02-01,Violence and sexual offences,-0.078839,51.515753,45,0
d01824e4fbd221da9ac2e0ba60c4378f6d4f8b299b518621dd866e7b53325151,2025-02-01,Violence and sexual offences,-0.076145,51.512642,34,1
d37ab9bf7c57c4a75f1e86f386da2837167bccb4ce6ec694783ad106f5754425,2025-02-01,Violence and sexual offences,-0.076145,51.512642,34,1
903772f30a1bf1f13040e66b49f07b2cf4d655126105712210f810d813ff9136,2025-02-01,Violence and sexual offences,-0.074925,51.514924,46,0
b8cc91e914b77d44a73f6d7c41b795aaa4fe6d7d837cbd750ae9f89efcdb38db,2025-02-01,Violence and sexual offences,-0.078839,51.515753,45,0
ea1e6fe36a5d512ecf47712fdaa86fb96c2d63ccbecdec6b83fa5603c14542f2,2025-02-01,Violence and sexual offences,-0.07433,51.513647,35,0
14008bb4127ce26307777733417d332d9b7ae015500fe6770ffde2dd2f2b533f,2025-02-01,Violence and sexual offences,-0.075453,51.511965,22,1
ebd2d0d4a5bd4944906000ec084dea1bbd4f1615b05d3e752d6f588d64abdc91,2025-02-01,Violence and sexual offences,-0.074925,51.514924,46,0
15840cd71d48912d31dcf97322bc9c48932efa657df488506348994df321395c,2025-02-01,Violence and sexual offences,-0.078839,51.515753,45,0
d12416d5ec9b9422fb2fff4484b1954834195a67dad1616d0f88fc19cd0fc3f5,2025-02-01,Violence and sexual offences,-0.076145,51.512642,34,1
,2025-02-01,Anti-social behaviour,-0.081902,51.517296,57,1
,2025-02-01,Anti-social behaviour,-0.081973,51.515948,45,0
,2025-02-01,Anti-social behaviour,-0.081113,51.516869,57,1
f98336c9f5355dd1e3dfc691a1d2f3e01a7b7ead45abd64b4115443bb46cd751,2025-02-01,Bicycle theft,-0.09141,51.510167,18,0
c9e86240d52c27129a2548bc117005831b8dbe47cdcbd74c849a0994799cb19a,2025-02-01,Bicycle theft,-0.086815,51.517007,55,1
c29e3cd5e3040fe365972f431ffd44996d28b9f7f4a9cce84b85cab693675a43,2025-02-01,Bicycle theft,-0.095224,51.513736,29,1
7cb6cf432fe1b5f95871874bce2d558ab5044f8beb3c6db96b5ad5d1ac575acf,2025-02-01,Bicycle theft,-0.084836,51.511939,20,1
61abc724561757a9fb09880c25bb76adfc93878345647dca6642caaad4cc9a61,2025-02-01,Bicycle theft,-0.086019,51.513631,31,0
f5553dfc068c8f32f673813abbd1851ce750bcd67d8fbd8cf4211d635811c360,2025-02-01,Bicycle theft,-0.086815,51.517007,55,1
d7bdc07b170675416bf953f18202b80d68ee135d24b675bad0ab9a5d5859c6e1,2025-02-01,Bicycle theft,-0.081902,51.517296,57,1
131416fc80c9de5d29c2896a6ac02269a5766117412e98be69f07182bfd7762a,2025-02-01,Bicycle theft,-0.081973,51.515948,45,0
18f4abdfaa51d152895f8c7b0208851228cb0e2684b58593fcc82b94785a9809,2025-02-01,Bicycle theft,-0.092531,51.512658,30,1
3cc004986e9cb5211782136de9424dd23b973abaf5cd05cc5600156d0ae66510,2025-02-01,Bicycle theft,-0.09407,51.513079,29,1
51dd8bc0c9348971212e3cd3e3cd19f3584fc6c45a15e8e82588c159341372d8,2025-02-01,Bicycle theft,-0.083349,51.51483,44,1
f78d6de5e122c8cb4540ca8fe9324c92aaaa3ca68604302bcbae2295def5004d,2025-02-01,Bicycle theft,-0.086019,51.513631,31,0
ec7585c4695a2598ee6a13e6b7b57a963b4af54ea3223d725e66681c9805b066,2025-02-01,Burglary,-0.101589,51.513515,27,1
67942837c2d89315e07d8a6479d305f7fcf80eed53d904a87f78e0b094971ad0,2025-02-01,Burglary,-0.101589,51.513515,27,1
efa319e91e97aaf7fb0e6fdd73a03de7a0ce84cb4b60eb050574f43d4d561fb5,2025-02-01,Burglary,-0.079196,51.513789,33,0
f43946b89b451c64763835ea7a431c501bd27d4e6331600ed607f9353cb006f1,2025-02-01,Burglary,-0.102134,51.513929,27,1
44b85af2d681b06eec93406a2812ae74a5fcfeb3dc239e8f91a3d91d89d128ed,2025-02-01,Burglary,-0.078477,51.509965,9,0
e911bf9546804ffc790c0cc5aae5e454e4b396b6b24d563be07ccb0d596d7f81,2025-02-01,Burglary,-0.101589,51.513515,27,1
b07ad3586cec18d405949a3863dfd3c1a4b34ad3d9e5626ad93a572baa658b10,2025-02-01,Burglary,-0.102134,51.513929,27,1
214c3af758e83fa0115c59822912166ffef6c445f6da6c36ea96d6528588a5c6,2025-02-01,Burglary,-0.084559,51.510316,20,1
7f10114a72f7ccf5774b37ce261d41a55a8dc785bf2cc3a549af94690e621071,2025-02-01,Burglary,-0.084754,51.512882,32,1
4b9c8f07a7ffff891a46b17efb677a8ee0783099fa66a9a821dd5eaebeeab5c8,2025-02-01,Burglary,-0.102732,51.513426,27,1
90d168f06488e73304c19fd58c39966e3db301970d101eccdee2049d607de125,2025-02-01,Burglary,-0.087772,51.510665,19,0
07f206d969ef81a1ca6efdbfd033957a1f0bedd9c14a395615a9ebc678d28859,2025-02-01,Burglary,-0.101393,51.512685,27,1
41c3fb20d43a612b888db0ddf6c85290046251b08d82dce3070589ce71bf5a6a,2025-02-01,Burglary,-0.097291,51.514626,40,1
f962995c158e8de1fff9105951dbd08114141d3d230530333f18f5be821213a3,2025-02-01,Burglary,-0.09154,51.511896,18,0
83a21ce843361be73439fb906f3714deb2c0793f5ea672a5d61425121ab86696,2025-02-01,Burglary,-0.082993,51.51636,44,1
c3502ab8b03033146e259b9ae276c39b50542bd77c3c05f4c510620fc16826f8,2025-02-01,Burglary,-0.077372,51.51259,34,1
ff58f2133402bb8bd64736906fb946a393010c708d4798d780f5621ff579656b,2025-02-01,Burglary,-0.08491,51.512588,32,1
d6b6b1a3cb1ff54374b11ccca65a375dcac3abf4a1a47f64dd3445ca0d535f4e,2025-02-01,Criminal damage and arson,-0.079883,51.517326,57,1
188c8902bb1d097ea93580ad1a2e3da04106ac33358afecac7b5b5b7df356a00,2025-02-01,Criminal damage and arson,-0.084836,51.511939,20,1
08fbccbb41721e34c3be2466fcf8b6c2882bdbecafe5764b543dcb0f4b44f7de,2025-02-01,Criminal damage and arson,-0.081113,51.516869,57,1
0464a4c5fc0448c819152769bd9cf43580ffec47994053e7db6dbb34fa61cf73,2025-02-01,Criminal damage and arson,-0.079907,51.517785,57,1
7e740ccda656b1eb6c587de57e58eb393bfaabbb74e5ed2432a087535f1192d9,2025-02-01,Criminal damage and arson,-0.09154,51.511896,18,0
62ebec370dfb5674fccadf3bdaa9f03c3475ea89bf4f1437b407654ddb4efb51,2025-02-01,Criminal damage and arson,-0.084559,51.510316,20,1
cef7359b9900ce5e2f3568fe449a6a275b9f2655e521518a162a2fbcc3f80f99,2025-02-01,Criminal damage and arson,-0.077372,51.51259,34,1
c09ba3a38d6d8a01c0c98f68a9d06e4c267463edfa3e0fe2143ca7aab1399a2e,2025-02-01,Criminal damage and arson,-0.092633,51.509872,6,0
598ae6ad29553282f9665aea2aaac39f8d3415c1e9433f8585cec67dc19b3002,2025-02-01,Criminal damage and arson,-0.079521,51.511196,21,0
301472b6aa6c2a285e6f8cd0ef46a47e4a30094035b27bb2cedf26305c9dc20b,2025-02-01,Criminal damage and arson,-0.078424,51.518093,57,1
e67522fb97d1253969b8768deb13b605eb89c668c1024738e14c4a31d94a9b62,2025-02-01,Criminal damage and arson,-0.100201,51.513286,27,1
58d0d008b0b17fb0ef997b5c2e3d010e1389e23daac8286a77ead08cc37e6e05,2025-02-01,Criminal damage and arson,-0.095224,51.513736,29,1
6f4e15a91f9f330c12d9ea9e0761e67fd54aec7a40aa93889c852a86c8afc7e1,2025-02-01,Criminal damage and arson,-0.087157,51.512624,31,0
8298736c296e987afe3da7ab4eb04f62d60bca5e6242143db6092169d9049b63,2025-02-01,Criminal damage and arson,-0.100588,51.512636,27,1
ce9496b964460477e24195829a3ca00fe2dbbe567214ad4b48827595c0dd17f6,2025-02-01,Drugs,-0.081113,51.516869,57,1
eae61bdc3dfd4ceb7e8f1b4d9814525845250cf41494e41ab2dc25aac6957675,2025-02-01,Drugs,-0.090578,51.509722,6,0
ca868b0360a941f2bd41578c983f0a07569651f0048bd403c7d17d6dc7a3cc58,2025-02-01,Drugs,-0.097291,51.514626,40,1
f096f6e8b74d6cd2bc6b3dcfa71cb8e13b2e09bc5c1caa70cd3893e61fda6d1c,2025-02-01,Drugs,-0.081113,51.516869,57,1
c8c18ed6cb586b7d0961a0a670914ea0c04b9facc9a6188c750097e287985f93,2025-02-01,Drugs,-0.077563,51.517656,58,0
6638c69c543bc90356fa32a4f09888379502bcdc52b31dc9fa204d8acb155666,2025-02-01,Drugs,-0.095224,51.513736,29,1
069514286acb355f0d67f96f323ff675961f5ba42dfa3dc519f51336e73613e9,2025-02-01,Drugs,-0.082993,51.51636,44,1
e24f5bf73a2614032da950d8f094957415946e8b8fa78202577f40e57b3a6393,2025-02-01,Drugs,-0.097291,51.514626,40,1
dde63263072625d8f69c94b3eee61e43c6e8c2802805d1db18d170eaee343752,2025-02-01,Drugs,-0.097291,51.514626,40,1
55d1c0b6a03b6f70bea2525aaff0ff9511ad527e0850f015d7f88ae624c59dcd,2025-02-01,Drugs,-0.081113,51.516869,57,1
28a72fb232f72ac9fa25b21488508ed0672ba7de739724b208d715f1e457705c,2025-02-01,Drugs,-0.079907,51.517785,57,1
aa22136d820a102ce0ef4112fc4f335440f6c527b9c4d9c1125fdb4b4bfea337,2025-02-01,Drugs,-0.082993,51.51636,44,1
371e1bff97a81498abce162de540951bf51bca0ae986037467d349f4ab5cb366,2025-02-01,Drugs,-0.081113,51.516869,57,1
6487139c4c1a109b243d080e1ed0654ab260136b678bebc9101fdb8724888a17,2025-02-01,Drugs,-0.097291,51.514626,40,1
dfe9685188b7c2ad8d7ea048422fb7ba7197d455d8a1684957293605b77b7297,2025-02-01,Drugs,-0.089808,51.517461,54,0
37c26f46517c5238f1de5ce29c990c08f83b462468a907be369c4f09f577665c,2025-02-01,Drugs,-0.095224,51.513736,29,1
d252f33c3e5df594bd63d5dcbf0ff4756a4ad43aff1f24facf31c73a1d953ec2,2025-02-01,Drugs,-0.09154,51.511896,18,0
c816a97d621a758eddfd9c649fe0215dcddd7bd80697e573db622861da977c77,2025-02-01,Drugs,-0.077563,51.517656,58,0
e126ad8853a68f1f60967f1ede8c1a0c4e2a1a96fa1252044110cd9796d55aae,2025-02-01,Other theft,-0.084844,51.5097,8,0
aacce08ce09bf997bf5fc8c3e4a2ac776667351e0802e03808380ee812ad1d88,2025-02-01,Other theft,-0.085228,51.51119,20,1
5d4dbf9e4a3a0136df7dfa256e790932182bc32754111a34a0bafa87c7e08538,2025-02-01,Other theft,-0.082993,51.51636,44,1
824a143dbe0b7e7dfff9204c17eb2a576afbb546a7fa211335c030a6e2067cba,2025-02-01,Other theft,-0.078278,51.513666,34,1
b6bdacc2b62c4ed7760d52828a3f0ac26415d8a2b0a1e92337170587d21fc3b2,2025-02-01,Other theft,-0.100201,51.513286,27,1
3b1983b28f6822f76015ad4ca040ee0c43cadd039b20eaee75a1f2cd75dc5f55,2025-02-01,Other theft,-0.091947,51.513188,30,1
442205afafd4b53fd7ae7b90141180bb439d26267beabee61f63f0e0bba4168b,2025-02-01,Other theft,-0.092531,51.512658,30,1
9f32358a3158e88909a218b97e19df2a0592215095fbf3b1be6d94e111304547,2025-02-01,Other theft,-0.086019,51.513631,31,0
c8ff6f6d34e97e4a2a907612c0c4f9052eb9bcacbcb8c4aa36eac8dfcc5656f2,2025-02-01,Other theft,-0.078755,51.51844,57,1
5a65e91726a038d874b024085eddaeb62412f3293383dbb90a3901a98789eca7,2025-02-01,Other theft,-0.081113,51.516869,57,1
0c943b995a1b9ec8caa4b382e073a381795aa4d5b3f67fafae6fa4d5a69eb10e,2025-02-01,Other theft,-0.102847,51.512717,27,1
668df33b4139795fe3035078cc7f067c83279cc426e1320ef608e3b24f1407d8,2025-02-01,Other theft,-0.079883,51.517326,57,1
faf64f42c425dd2c670a6ad6684681837782583bd68c9d3efd6e2371fc76cc74,2025-02-01,Other theft,-0.084754,51.512882,32,1
37214df67120a7edbf0618b81b81b4fd24fc6243986cbe1d8e638216615d2600,2025-02-01,Other theft,-0.079127,51.509607,9,0
2b1a0a6c3eb31e615bb3e0c3645d216450a2969420069f944aad0c316d2ab117,2025-02-01,Other theft,-0.081643,51.51007,21,0
abafe62154bd110173e71a8db472bc0b00693f94ef211601e54dca2aae34a21f,2025-02-01,Other theft,-0.09407,51.513079,29,1
cade57198efe0adb42045d2912c4d4a4166f127571cbbb5d7b12a6c179db8ba0,2025-02-01,Other theft,-0.08491,51.512588,32,1
bb6bd82c91ed91b7728e02fee605fc1fd8a96157ea8dc11da8f7585ddc927721,2025-02-01,Other theft,-0.09407,51.513079,29,1
586a2fff54c9346614ee6b4243206d7d1a5bce8b531617b411d859c7a7bbb7d3,2025-02-01,Other theft,-0.081512,51.518692,57,1
74f3555c9ea7cba2c7371662d0e140e3d3965e7e1551b66c5b5a0267300d5df0,2025-02-01,Other theft,-0.100201,51.513286,27,1
2339ee4342eeb4658e9118e2c1b2948c24a5771d20a7fc8e3a93d63e1d98bfa3,2025-02-01,Other theft,-0.080291,51.514814,45,0
b70ff105d3c59ac261a561732513c08303aadee0ae4db0f8bd5ead53820f40ed,2025-02-01,Other theft,-0.085089,51.512105,20,1
f8c66b5e2772fe44a70c9f5f15182ee75eeacb45b44bcb7a8e13ce9ea17355ba,2025-02-01,Other theft,-0.095924,51.513882,29,1
3232f0b2ff4d4e4eb91eae97a7a3f46701ba8381340cd3189aaf09bdd0ae914c,2025-02-01,Other theft,-0.089208,51.509744,6,0
de41ab27c1f6039855dca4529da5b6afa817eb11151043a65965cd02b02babb7,2025-02-01,Other theft,-0.089208,51.509744,6,0
dbfd5587c1ae3b6ee677f0f9cfb0b7817f4a7fc28d6d13ac320f4ff5245f0048,2025-02-01,Other theft,-0.086815,51.517007,55,1
1c48f2a3b25b469517a0daaf68e817e23cd86cb058f060b9edfb415cb3fbe0b9,2025-02-01,Other theft,-0.087157,51.512624,31,0
397afe353bd89160e4635f062e147284eb34e2039ecad43966133c4c0586ba63,2025-02-01,Other theft,-0.087744,51.516492,43,0
66fa551719dd90085ff719ca5bfc7ba47b9b7e10d5ca6d801dcb82c2d31ea31b,2025-02-01,Other theft,-0.07707,51.510877,22,1
1d46e49799b829cc3fd0c36b5adfabd3cfa89a459681c1da912f70088bde69cf,2025-02-01,Other theft,-0.086019,51.513631,31,0
5bc7ae02fae52894dee0aa650550ab438a64116a9cecb121dd68359345e73ea8,2025-02-01,Other theft,-0.089822,51.516103,42,0
b226f015a866a3f76c103fcfd8d060a19f74ef9feee5174352a825c1deff938a,2025-02-01,Other theft,-0.086019,51.513631,31,0
c34a2d587b4a9e935051e79bfe7dab27e5909301b474333045720a03e4e3d54f,2025-02-01,Other theft,-0.084836,51.511939,20,1
fdb432c893c836aa57b7d7ccd1b1ee7fbd2dfafa72389676eb99a853cfd54178,2025-02-01,Other theft,-0.085228,51.51119,20,1
09aec81169d4b46482fcc1eb0910c8484536fd28e2db8eef928380ab9c597cd0,2025-02-01,Other theft,-0.100201,51.513286,27,1
17ae034e64ee1159edf4cbf851d7f762cf489d544dcc72d0058ad5731577c7ee,2025-02-01,Other theft,-0.079907,51.517785,57,1
bf07676d743ff8e3bb575e2e5754788ab0fbe39ad56b32b038fc5603d3cf4942,2025-02-01,Other theft,-0.101475,51.511077,15,0
9742832bd2d369d28a1d5e4d14d9accdf7e624318d29d7279eacd0a18a2a0e12,2025-02-01,Other theft,-0.081643,51.51007,21,0
c420de163ad975908052175f5f0b012e708dd4bf49faa065b57382b1251aac7e,2025-02-01,Other theft,-0.079138,51.508312,9,0
332123c67b8851f3b3c86119c73d58a7072fee2c9183765348dcde066284b4ad,2025-02-01,Other theft,-0.079907,51.517785,57,1
4bd8862f327caa3023320c309907ab0bbc60b5d22bf4dc11d92a3a178b4a6c66,2025-02-01,Other theft,-0.084754,51.512882,32,1
8d59c307b4fdbb555e1bf0dd39d8b3c1e1b613ce996976b16384719d849cbf6b,2025-02-01,Other theft,-0.083977,51.510441,20,1
057416e0c79e97863b0f09b79388b6f75dc44ea5ba7da8e6a26bcea404408fe8,2025-02-01,Other theft,-0.083977,51.510441,20,1
fbc7713984073e9299efd8f3dd79918b45b9833e1bf34bd53c07db4e14992db5,2025-02-01,Other theft,-0.086019,51.513631,31,0
ec7348853b1ae71162fc48ff7c9d871e50d28cfdc15cb1f92567aeacf97f916d,2025-02-01,Other theft,-0.077985,51.518239,58,0
4513070aa18191c78c4e787a1ef9cd5b4218c0b2fbb96f9fd3b8c6ab6592ee63,2025-02-01,Other theft,-0.081512,51.518692,57,1
02495d3fdded00f8de3b403d02914a40f502aad1c5cc426206064ac06b7ef94c,2025-02-01,Other theft,-0.095924,51.513882,29,1
597c309e22314765ca6a40e637f4be9108a819713e28f55742903d6704b4b387,2025-02-01,Other theft,-0.089479,51.510864,18,0
caf15cecbd154757930f36034660dac151a91cb3dd9ce96aaccda7c6dbc80d6d,2025-02-01,Other theft,-0.084754,51.512882,32,1
f11ba68b4d094dcdee26b296fe50ae72aad3e6042d96175a7ca5a458ef9ee372,2025-02-01,Other theft,-0.083977,51.510441,20,1
f79f5e563a8abea43ef4ed521b1572c63ce01497ba0a3f2e5694989949632703,2025-02-01,Other theft,-0.102134,51.513929,27,1
78df21145ad9383a19c07ebb9b1a25258ab7a15bb47eaa8096ad6eb6e70cd978,2025-02-01,Other theft,-0.097176,51.510836,16,0
175ab2d1ce456ef269bf8410163a790afd12149ce299d4af123a263dfa3d0cfc,2025-02-01,Other theft,-0.081113,51.516869,57,1
619e44d362a89c15e27be3a684fab64c2569f2be805fe6aa5f22e343aaf5196a,2025-02-01,Other theft,-0.078755,51.51844,57,1
66123eec4a720f262734a2a3d09db64c0d1f413804d575d1be17d7efed899013,2025-02-01,Other theft,-0.087157,51.512624,31,0
e7b53e7d7bebd7aa790559324d1bfe1f1a9909e1c79f186649ed24786e3b7710,2025-02-01,Other theft,-0.085228,51.51119,20,1
201cc459f02311cbed34312ca4bc2da156f792c9c6139826a142bbfc32fe95f2,2025-02-01,Other theft,-0.101589,51.513515,27,1
2251c6b26d981ac39c783c1f8a140c914084fdc7f4101042bdb2f227035772c8,2025-02-01,Other theft,-0.077372,51.51259,34,1
d992ccf4dd8728b51b4e4f520710e1b2e4ea24f4da32af695365086f7ba3e136,2025-02-01,Other theft,-0.082133,51.515222,44,1
c9fc790b80c64fe13e54429b444ce17061ae722cf0ce746f3a081b5d05f0ec8d,2025-02-01,Other theft,-0.102134,51.513929,27,1
1dd4c348e44e88c1ba2411a4fa52e0b058324a36d64dd01459762741458d29db,2025-02-01,Other theft,-0.086019,51.513631,31,0
e3a20ee0d95b919fead43f01866fbf7883160b83db6dd75cb120d402e6c66a65,2025-02-01,Other theft,-0.081512,51.518692,57,1
57da7551394a816d68e36a28df974e9b84ed33627fc78229b630436c3461b77f,2025-02-01,Other theft,-0.077959,51.511332,22,1
8ca40238d6857e5a9f2f495c5f092bc1b4805692cb5dd8f6268f94f0da5e879d,2025-02-01,Other theft,-0.097291,51.514626,40,1
2cf9d6af0e4563ea255434520d542c76381c24aeb2bcbf98ead0a2d3b3e7559b,2025-02-01,Other theft,-0.084559,51.510316,20,1
d836e73f11c1df9c90549552f5e0f37f5c178dbdc48371f953d16282a9993b64,2025-02-01,Other theft,-0.082993,51.51636,44,1
190f843c28c74a406d9d93ad144a4277c5f5130979a7efda9280aa971964ed67,2025-02-01,Other theft,-0.079907,51.517785,57,1
a64811b8a6650cbae7ebf4a5b62a4e56995fd558e65e8bd438b2f50fb9d5b554,2025-02-01,Other theft,-0.081643,51.51007,21,0
6c72eea4a2a475f3195603e167c981e5e21c050772264dcd35da76235dd20647,2025-02-01,Other theft,-0.077985,51.518239,58,0
8cc4782670c5d22d909f1e51e1fe97b01ccb6073505f79f4fae88e4dab402cd8,2025-02-01,Other theft,-0.082993,51.51636,44,1
2b044440bd9f4bd5ca830d5be2261640c3e45b30e5a3347521d92b44049a1a03,2025-02-01,Other theft,-0.084754,51.512882,32,1
45f7c65837383e7551696584af4ffc0a43b280aaec0965785fb336c789054006,2025-02-01,Other theft,-0.079883,51.517326,57,1
31a8db0f4ecbc27ebc534b8f4adc039052da16e21eb3404429771d43d59cf939,2025-02-01,Other theft,-0.092531,51.512658,30,1
f22bdad3534c3968c41cc206e25c1ceae786612f9e8d96b59fd404e7015ff479,2025-02-01,Other theft,-0.085228,51.51119,20,1
f719147120a4249c96f3983f39eaae58b112b188b0c6472d5d45de00cda1f41c,2025-02-01,Other theft,-0.079521,51.511196,21,0
ddf1bdf5eaea422abc208a49a255b5452165732c42fcedca5405f8bdc3a035ea,2025-02-01,Other theft,-0.097291,51.514626,40,1
571f079e5518a554b1926686a2591c72a4de3ca327afdb9693c02f9ad4be563e,2025-02-01,Other theft,-0.088456,51.514975,43,0
6f7ad3a023e1e50a3f95d55a9ed84604a3d512df8a5778154c3cb101ba95072e,2025-02-01,Other theft,-0.091823,51.514427,30,1
ee0052c46c5412a2fff900d623c67b5d9a1cc89cb434ca1a544fc98cf606e846,2025-02-01,Other theft,-0.081643,51.51007,21,0
68735c2d92b93674c21d42c9a7eb47ad214968bdf5a0fbe4487dc74e0a6a07b3,2025-02-01,Other theft,-0.0949,51.513209,29,1
cb45d768f4645b5b057b25ae04a6f006930189aa993a6f537cdbb58de1619fc2,2025-02-01,Other theft,-0.079138,51.508312,9,0
a7323361116ecff3e5db2382519a1645e1633eb20904bf7453e9772025e01b83,2025-02-01,Other theft,-0.101393,51.512685,27,1
89d0fa0ad3b98cce9f9f5b338f3edf990f843e5adf93e1f79609d3bfa25fd088,2025-02-01,Other theft,-0.079196,51.513789,33,0
b2aac203c0eb9bee411abeb669425d6d123b9e7ca6899fc3cc81cee34dbdf38a,2025-02-01,Other theft,-0.084844,51.510725,20,1
7874c7ec2f92c06c4d8fa50a93301be31f02ffdb8f975a42dee93def5f7e6050,2025-02-01,Other theft,-0.102847,51.512717,27,1
3bb21270c3e103a824801cb38e44623fce4d7e8da02f596d4ad7406ee7a00ea8,2025-02-01,Other theft,-0.07707,51.510877,22,1
27b88a77c0d0186000e5c262de7a45619a151813aee438ec9ac213cc002e3078,2025-02-01,Other theft,-0.084836,51.511939,20,1
b50f6d4586b65f5ec6562e23ebe13e5fd0223c24f3889ae41b075765b1103863,2025-02-01,Other theft,-0.079907,51.517785,57,1
2cb60ad2b5e543c1d586e161cbc55e0b9b244dba7913bbf68d09e3eebca1012c,2025-02-01,Other theft,-0.087772,51.510665,19,0
25788f15cc500fd40066e4d45e6194fb179004075f63a680c8b498471ebd98a5,2025-02-01,Other theft,-0.079907,51.517785,57,1
e9823e26e0104ba3e86bd7b453163a4dfb142f7022a510de2766ec2d19ea635e,2025-02-01,Other theft,-0.087772,51.510665,19,0
d72dcf0062efe1db5d34e6497dae98cc9c8d4d634599d6ba19bcbfe8f019db29,2025-02-01,Other theft,-0.085228,51.51119,20,1
65865f16a17c4405c5e0fa87d4a2d4b1e8220943bc2effb53e163a56a4492cbf,2025-02-01,Possession of weapons,-0.097176,51.510836,16,0
d135d00815136b9fefd222dd720e4c72ea026347e826ac22753df03ebaffb7ae,2025-02-01,Possession of weapons,-0.081113,51.516869,57,1
fcdf7bcdda443c5e9024e68b5c7059ebc3957b1784da670ea5917e3f46902b5d,2025-02-01,Possession of weapons,-0.079521,51.511196,21,0
0fec155f28348a7cb98c0ec96fd8025c9281146920eea5eb2c52ad3d2e749266,2025-02-01,Public order,-0.0949,51.513209,29,1
a70d376ace9977a39ebc4335329ad74b06c3a8bcb7b7a3e473a7363a09b0896d,2025-02-01,Public order,-0.087772,51.510665,19,0
ca130c83e1315e24b6658f88676ea94b320501c375b6d8e7d904bb4f2c7df34e,2025-02-01,Public order,-0.087157,51.512624,31,0
70b36297c1c9f8eef1253c17b56c3c29ac2865a0b812024f95aff897e9841899,2025-02-01,Public order,-0.087772,51.510665,19,0
fc4b8c00155a90f0d9ada3e25197a64c14a8da60d4aaca2af2f70a8ea64a5707,2025-02-01,Public order,-0.097291,51.514626,40,1
e162252b8a85fadd5f727ca6664fdf09635177d077c44142f5090e49575b64ad,2025-02-01,Public order,-0.079883,51.517326,57,1
e5dbeae513396530cf153286864f757cb0b269ca28fda20231b9b21d6f29883e,2025-02-01,Public order,-0.088903,51.510836,19,0
795d4d1a2b4973bc0f365ff1a5442e4b9dd1c8919b437c6b21feb89179fee51f,2025-02-01,Public order,-0.079907,51.517785,57,1
daadd50d74a302dae5bbee521310b47799e3c1ceab369acad40af6ee4c69174b,2025-02-01,Public order,-0.09154,51.511896,18,0
86e6d6af35b3428a81e483c5cfa8b9f258b7e7aa1fe89c20af6efc6bc4d64a04,2025-02-01,Public order,-0.102847,51.512717,27,1
b96c53fcb9f0a9270b76fab0b9db9bebceeca3d42f129ed7fd22bc52990aaae5,2025-02-01,Public order,-0.078278,51.513666,34,1
0149c475cfe1ee691c5ff792442b2ec176c798b90f251897ff2e254de239ac24,2025-02-01,Public order,-0.09154,51.511896,18,0
789772797a18ba6f3ffe6fcc6add636dabf40714a4a5d79ad4aa8b055ff23a3d,2025-02-01,Public order,-0.097291,51.514626,40,1
9b4d2386b490e274f15c1721b3a3b109ebccd17a11fb795f67385bcb1763c98e,2025-02-01,Public order,-0.078755,51.51844,57,1
6b28063ae6e7f940d7d6d4d5aa19688fc7d686905e39f4d57f2357ca78e25509,2025-02-01,Public order,-0.081902,51.517296,57,1
e26a12ec3e769b46672991cf8a8481df4f87ab3bcd0e8a30ee26a767bf7fd547,2025-02-01,Public order,-0.078278,51.513666,34,1
e2bed505f223ac8f09ebbec0f8363d7f1ce5eb76b23c9abb926a8716f737e283,2025-02-01,Public order,-0.081113,51.516869,57,1
98036b263382efe83f967bb5a4f53f580ea70709394bded7db87071e8df905de,2025-02-01,Public order,-0.088456,51.514975,43,0
84adde6703b0855bd2a5067f23e23ebdf21a0283afa6d6c6b9aca7685decd6fa,2025-02-01,Public order,-0.081902,51.517296,57,1
d851924d678df2003baa4b22d93821a4cb63568cabbc9ef94c6984a7316abc5f,2025-02-01,Public order,-0.09154,51.511896,18,0
cbe09f40c24903452dc20b7f38e9af64ac67bd1826c8b2fce804fb06f5ce71bf,2025-02-01,Public order,-0.082993,51.51636,44,1
d30b7e8f254d88035516df4f5ac41964140fe42c2e50d4ea5a9ab92de7b94c88,2025-02-01,Public order,-0.07707,51.510877,22,1
f824910bd6beba0adc6ad9f31f9bf851ace26948713fab49c6dd9a9d06b7cf23,2025-02-01,Public order,-0.081973,51.515948,45,0
95a6cff4bfad1675b957d07ff7e0ab70877eb9c2cad96c6c66430f07b3307f4d,2025-02-01,Public order,-0.081113,51.516869,57,1
af9d3f5e00bddc7eba8857fa82c071c312c2b582c32f38f0f336bdcb7919fefa,2025-02-01,Public order,-0.104276,51.513712,26,0
3bcd6f5300508e85222875fa3ab463edd40ef2fe2ca99162fb8b28745a9c5eca,2025-02-01,Public order,-0.079907,51.517785,57,1
37dee056f9f00c5f63a4d383f0e976e1a73a15598b4be2285a2c0c5dabadab23,2025-02-01,Public order,-0.080291,51.514814,45,0
1dae72e5bde0bd8c4b48f6ceb97c070f61d0c76974414ec31bee2fa45006085c,2025-02-01,Public order,-0.095924,51.513882,29,1
fa46c819dc5d07025b29038c6d64f22561b2682b9ec3b4fbdd9c96963223853b,2025-02-01,Public order,-0.087772,51.510665,19,0
efae09ae25e8c9142b12490537fc67d585b68f58bab24d7bce5454101ad0bac2,2025-02-01,Public order,-0.079907,51.517785,57,1
fb0409ef257736c8c05d7b762d81ab56444172522201c3c603b9f46c7e808b92,2025-02-01,Public order,-0.081643,51.51007,21,0
7e9788b21d3e4292c35082ab7bd3f075e2fce02c07ca95b3e3f34238ba649424,2025-02-01,Public order,-0.078278,51.513666,34,1
6ce322cdeb8fe481f9d5b9a392d3c06f951e3b7813e500263fa6b77ba7c2cee6,2025-02-01,Public order,-0.079907,51.517785,57,1
42ea957f23a27d707687773130b9441484a0fb0e1cd4ebafb880cefd65292ca3,2025-02-01,Public order,-0.101292,51.51477,39,0
3266aebe0759a276c2fe9ee9384d85c0fa9770846528d962789c92585d5f6536,2025-02-01,Public order,-0.082993,51.51636,44,1
113fe6c4b6802ff527c14c0c70c0c754791ff66d2bd4294a11dfa8495e5e5820,2025-02-01,Public order,-0.088456,51.514975,43,0
66722b62fe6e396f310469e3c2ef38d82aab26c4dd4cff19a72ade81e0445bb6,2025-02-01,Public order,-0.091947,51.513188,30,1
8cc4be9d24bd2109ba0146df8d17062939615c0d6808128453fcb37885f4465f,2025-02-01,Public order,-0.081902,51.517296,57,1
3a67aec0e27b909538bbe57f7f3f6642b5cff84cdb814942a9d263d1026119ff,2025-02-01,Public order,-0.100201,51.513286,27,1
dc202306a6fceb398e5f80d54253dd2f4b40b1ebef1e618655a3fdb150fcb4d5,2025-02-01,Public order,-0.100201,51.513286,27,1
c2b5e126c9dd15f565991cbd7782468e9dc4f29fe372280040a496d78ac3ff1e,2025-02-01,Robbery,-0.088785,51.517102,55,1
8a3767adf7c0c6c8767da7fd8129454427473b6a1a8e4fb9685f7ae4e62890fa,2025-02-01,Robbery,-0.087772,51.510665,19,0
a157a1e6782a15f334035eb404e20631d8ca5bd17d8d103f6ad706afb4fb5e8d,2025-02-01,Robbery,-0.081902,51.517296,57,1
4d55cdc6f0627f3dcef4fa412b6f880b907e8e09f448760771df78fa07af718d,2025-02-01,Shoplifting,-0.081113,51.516869,57,1
85c08d8f20fbf855d38d00ada143210b8aa8830208ba9f9f63ed9c859917ecba,2025-02-01,Shoplifting,-0.088785,51.517102,55,1
2f5e58664e4d9e1c850ea3fab4e5e3dc1a06a61b3f4b8c3851f58e8936e8ecfd,2025-02-01,Shoplifting,-0.09154,51.511896,18,0
471855cc7ae8dde0360a6740c9000c13e86721e35243166e63c604d9256b8045,2025-02-01,Shoplifting,-0.097291,51.514626,40,1
8295a10121e85d6dcd79c264b9c86d6e2506dd1df017df255d7d333e60626a55,2025-02-01,Shoplifting,-0.088785,51.517102,55,1
b8c482af3befc93b54a725988f61172f56f3184fa5529c3dbede7be0fc08ff5c,2025-02-01,Shoplifting,-0.087772,51.510665,19,0
a8340b1f66af9c846a5145f00ac168626e2d0ca904410e643b0183ece9275653,2025-02-01,Shoplifting,-0.084754,51.512882,32,1
80e4d439d63ac6f4d257e4a2ebc97ee293f5a10c58169082e64436e2a11febc2,2025-02-01,Shoplifting,-0.084844,51.510725,20,1
c88e18133b7a117a81548c483ab17cd5778e0b51ed45a20f52befb4793978c72,2025-02-01,Shoplifting,-0.082993,51.51636,44,1
5631817496a7a28ac860f81bf12d918a85f8fd4ce03ae066e5342ba88e9461d6,2025-02-01,Shoplifting,-0.087772,51.510665,19,0
29a346ba4030f71bef630768687116578f743baf752b303eb35478492548ecd4,2025-02-01,Shoplifting,-0.081902,51.517296,57,1
81e8221a2c6eec7be70a84600c1b8d90e83d214a1f3656cfc80dedd422ca6dc7,2025-02-01,Shoplifting,-0.095924,51.513882,29,1
6f5e8f1a6f230f3d6b64bf4fc6f60bc3f60bc8b1cae977e7087b206875c011e9,2025-02-01,Shoplifting,-0.087772,51.510665,19,0
7f86f5267fca0e133906a58ef93e511db247ec24b03b42a77c20e4a0a4eab613,2025-02-01,Shoplifting,-0.08491,51.512588,32,1
bbeb2a8965c1f95e30940076309111a640ac37bddc1f8d640ab82b3dfba84aff,2025-02-01,Shoplifting,-0.079883,51.517326,57,1
855d53c25ad57e2e8da3b9d7ab124074d861c9ae9dcf407eaabd5dff573828d5,2025-02-01,Shoplifting,-0.097291,51.514626,40,1
4c461e2299e61101d791ea11ca56a054041fdd4a4a16a6cb7af910f6b7e41eaf,2025-02-01,Shoplifting,-0.078278,51.513666,34,1
ba18d68a31f3eccc11785ec81a194114be8490c71d900c122e434113f44aebb6,2025-02-01,Shoplifting,-0.084754,51.512882,32,1
7688f2b5f1e00e293d42534b33ff3d1ef3d3e68319da8828e887228650836bca,2025-02-01,Shoplifting,-0.095924,51.513882,29,1
adf577233bb84e41ed87920b74b73365ad975c52320365b21a7594bf9a49a411,2025-02-01,Shoplifting,-0.081902,51.517296,57,1
6c70665b80b44e89973ec5692569bb4599ace7925dc10517660363ea48826bd5,2025-02-01,Shoplifting,-0.081902,51.517296,57,1
4c0bc9e5c2299eea0f90fae38f0f83cca4360af74ac8b1e1ee1e31f4ae84f8b7,2025-02-01,Shoplifting,-0.097291,51.514626,40,1
7ef1341be036f069eafbe1af67d5837a3107716445fbae5605584f527b5e644a,2025-02-01,Shoplifting,-0.079883,51.517326,57,1
91403ca121ca7a76dfeb3016320290d5f55e4da56e1fcd41ac4032a2734110ea,2025-02-01,Shoplifting,-0.08491,51.512588,32,1
1cf44d6a04c009339286eb821ac2e756a93fc1a72165cacbe3be97dc820b52db,2025-02-01,Shoplifting,-0.081902,51.517296,57,1
325aafa259510c9f11de607a44e0da6fdb82b7e896db838b369bd4307526aef8,2025-02-01,Shoplifting,-0.084754,51.512882,32,1
a2eaaf1f2b19e41cd11db8c7d67b1795d5e12c7f25ccd9c6c82e404d353d7304,2025-02-01,Shoplifting,-0.084559,51.510316,20,1
59a28a93ae04d4994d2c310b7977e2bdce19012cecd07e30db0e4de214f75d3f,2025-02-01,Shoplifting,-0.079883,51.517326,57,1
4a83e42aaeefbfe37c1ad72cef3e02e6180b488f1231910327a986b8a13a05a9,2025-02-01,Shoplifting,-0.079907,51.517785,57,1
9236c36e4d03d44b34c96b4a388226103cf504fe6077c6c54b46474634687b22,2025-02-01,Shoplifting,-0.097291,51.514626,40,1
4b6dffa51094f4dad608514225aecfff0c05acdeae2bf4678e80fe8d083f6719,2025-02-01,Shoplifting,-0.081643,51.51007,21,0
29c1470492db5cbcaf5adc2ce6248190084c693585f14dd7a8076dde1a38e3a8,2025-02-01,Shoplifting,-0.097291,51.514626,40,1
d7ea6658329b41f5a619ff831c692470c5e36427b18ac156436bb5cf7ae4c0c3,2025-02-01,Shoplifting,-0.097291,51.514626,40,1
a8ddd8bfc2cec96e2ca9441d5223406bc6f436464b815562f4548e761593dba8,2025-02-01,Shoplifting,-0.081902,51.517296,57,1
2c3761dcb92a15cebddc6ee22b777fe59760ac4632a21d7d9946f0009a529da1,2025-02-01,Shoplifting,-0.091947,51.513188,30,1
16d80b2c5408552ef0b50e3ecdc35532694f41c50861d631eb3e876a74d712dd,2025-02-01,Shoplifting,-0.097291,51.514626,40,1
205f8e141999bbe6248c3b5d097c19f1186febf5b94dc2fd9bb01e2a0fccc892,2025-02-01,Shoplifting,-0.081902,51.517296,57,1
e14202d0ab0074cfc92aacf8817f086ef918ff98a05781c2ab29490a85a401df,2025-02-01,Shoplifting,-0.091823,51.514427,30,1
5f36937889ff44b1afe62650c0f14058c873ec4c3bfcf1605b9856392dd498b4,2025-02-01,Shoplifting,-0.081902,51.517296,57,1
ad832d062c3d42705e5c73476286ce99557eb3ed67d505077980a2ce5b630fc4,2025-02-01,Shoplifting,-0.097291,51.514626,40,1
c2473eead79bf524f45f6392fc2c98314dd3171e0283c515369b8f2c83d7aaf0,2025-02-01,Shoplifting,-0.081113,51.516869,57,1
fda47ef1dfe3259542cda8614eac9c88c261acb4257bbcb24da6b7f67c731153,2025-02-01,Shoplifting,-0.081902,51.517296,57,1
974a956f3771438e78c0a29fd3e7f4b1d08f455f4502c66122dc2efe85f5e6ec,2025-02-01,Shoplifting,-0.095224,51.513736,29,1
a3d1d2622ecb91ca276ca4b9337c14abd0ea97e858d45e38452538ad1bfecb96,2025-02-01,Shoplifting,-0.079138,51.508312,9,0
f45e2a9a73e6331207a0ec05ac3499c95f8f70f7a9e84f6d57d0312665f6143c,2025-02-01,Shoplifting,-0.082993,51.51636,44,1
e3ed819214e4d1590e12d7f450fb34d92759ffa3844ff9950581b2188a695159,2025-02-01,Shoplifting,-0.097291,51.514626,40,1
71b0ba90e1294f702600990f7fbd737a628502a3dba9388afeb3a2d04e860a64,2025-02-01,Shoplifting,-0.097291,51.514626,40,1
a7f0e14b3d8964166b7011136808091e9c1913f44d31ad9e6fa330068d619bf6,2025-02-01,Shoplifting,-0.084836,51.511939,20,1
0903d7add82bb770430b2b4cac1a604c6c70d179a3c9da8cf69f19e297a1d394,2025-02-01,Shoplifting,-0.097291,51.514626,40,1
eeebdf593b6b462815002e8c8bcd8ebde558c045d27c546a7319bf2d770c0288,2025-02-01,Shoplifting,-0.084754,51.512882,32,1
72ee0e02c3c4c515c963350dacec7f49299a6de95bf49544ed4e7e630dfba2ac,2025-02-01,Shoplifting,-0.097291,51.514626,40,1
6c8297933493c2c80b05829fe2499f4fd389c067360fc98666a5c76f27909264,2025-02-01,Shoplifting,-0.095224,51.513736,29,1
050ab43ea5fbafb4f415a0805ee5ba537f22c7efd5eb7957ad7320fa4dff3d4c,2025-02-01,Shoplifting,-0.097291,51.514626,40,1
68f62703919f563c6f3af9201095c0038c8c70ff43fe2c5af309604b93fb0831,2025-02-01,Shoplifting,-0.081902,51.517296,57,1
d27be8ea37475f666c312482a3a6393bef7a373d20f17ef87f57b5b31d216af8,2025-02-01,Shoplifting,-0.086815,51.517007,55,1
b7b9918521a27642314179cc8ce92cddfbaf439c9419c9b0f29ffdfc3ff55c00,2025-02-01,Shoplifting,-0.081902,51.517296,57,1
a00c49b0381864b1c996a97359e78b13f7a9512fd3dafed64e5044bd50fec6ee,2025-02-01,Shoplifting,-0.081113,51.516869,57,1
957dc1044bc0454e77d91504a2bbaf1f51bcd59107b61634d1d52d13a1e0005b,2025-02-01,Shoplifting,-0.085089,51.512105,20,1
98ec4f53e08572b1ef185f35b7973c3419245de6173e40924287f6709fcc4c24,2025-02-01,Shoplifting,-0.079883,51.517326,57,1
b5c84e28e781386a08735265f143da42a98e88f995c9d6ba7e7e80bb04fd9b1f,2025-02-01,Shoplifting,-0.085089,51.512105,20,1
0a437784ecb4c362b8c1b76b2a60c5b8baee92367f9f4d314ad0f1b11c807676,2025-02-01,Shoplifting,-0.097291,51.514626,40,1
61aa21c13b5487e3d83b8ea3020b16f9e63ade1c254445a494f3295de71dbde3,2025-02-01,Shoplifting,-0.081902,51.517296,57,1
3c3d000ae627591821cafb94acbeedf87eab732fb43359d8a916e79c10837544,2025-02-01,Shoplifting,-0.09154,51.511896,18,0
a26e025b075e409f61e554008e21a0d7b39dccfe88e7331e8887691678aff520,2025-02-01,Shoplifting,-0.081902,51.517296,57,1
d54786cec4eb2faf28777f8aa7a8a94fe4304febaabf8ddab3e9acfdeb9746c2,2025-02-01,Shoplifting,-0.088903,51.510836,19,0
8453b7a3f9beaaa158135059ffc5d0a6bf1e53b08afafc26b68984ea2f536ca5,2025-02-01,Shoplifting,-0.096501,51.513874,28,0
f33cc627bd4b2db31f7891aca533d2466cc5518fa36c5955a0a35e3bec7ee24f,2025-02-01,Shoplifting,-0.089822,51.516103,42,0
7d0d6c27ede2a00192e9cfd4174840fea8ec662834ce0a06e6a6e3179d049e69,2025-02-01,Shoplifting,-0.088903,51.510836,19,0
23f9890f828942e7be15f632acc5f3968fe9cf48d7e485502e0cea91a4b94582,2025-02-01,Shoplifting,-0.097291,51.514626,40,1
3fcf300f690b6fc449861c33d3f893e8721b5a8caca5154bf9453db8b724d39f,2025-02-01,Shoplifting,-0.095924,51.513882,29,1
d07e4739aca2e4238fdfe4f30478c33a7f34156d1da42c12e7f5b857fb11a420,2025-02-01,Shoplifting,-0.097291,51.514626,40,1
6f8fe75aebf4ce375172c6c7724a0ce80262ff3a5da2195623fc4d349774b1d9,2025-02-01,Shoplifting,-0.085089,51.512105,20,1
ba381cc68361ae67a2d17954270fee3881221bc55b66a8a91abbc9c7db0e0d95,2025-02-01,Shoplifting,-0.078278,51.513666,34,1
efc0284fb7d346137432ce32b966c72785496c6bf5e7117a19962ebf11677d1e,2025-02-01,Shoplifting,-0.095924,51.513882,29,1
e7392afa0ae54c7d93a0594ef7e1101f6aaa5ec1ed69a8a6cc8707206ac415fc,2025-02-01,Shoplifting,-0.097291,51.514626,40,1
5e60aa973d67d05115aa4e36f1d36e180c1d552c847f569cd6c3972afbad3c35,2025-02-01,Shoplifting,-0.095224,51.513736,29,1
97338c6d5ff2161211c5238efccd20a597795d8f16e6418d8de56d709c5aba9c,2025-02-01,Shoplifting,-0.091947,51.513188,30,1
6ac11ecd176bf4665ee19b9254ac3841f352d451de6a48e8622199112c1b77a3,2025-02-01,Shoplifting,-0.081902,51.517296,57,1
27b5efb453e019643d0784e76d442baa0df6c1a2758e108e1e41ba411b6f4fca,2025-02-01,Shoplifting,-0.097291,51.514626,40,1
6c0a28f8e9bf0488f780e6f9c1903b3bd8d57474731aa3c39aa075bd59e7a875,2025-02-01,Shoplifting,-0.100201,51.513286,27,1
330d32226868172b75a73f3e48767aefcfe48952ec8f941dabe0079ef1db5073,2025-02-01,Theft from the person,-0.088785,51.517102,55,1
dfd3b5f4db201af835c077e97423d32d44a43a271dd6e8a6266fd275e97b9c8e,2025-02-01,Theft from the person,-0.081902,51.517296,57,1
8bb41c43d23b44e9df0c2b8d807e4b90ea6db1cee1cc4c07f5250fd525f569c9,2025-02-01,Theft from the person,-0.092531,51.512658,30,1
1a356e5c8c217ce3a7081d19b343f79c22fd9ffdcadda69a7edec89a8961a4f7,2025-02-01,Theft from the person,-0.085089,51.512105,20,1
8263e11f0bc31b7543b4338da962992bbfccd1c7043f0c83be48c1f067b0ed94,2025-02-01,Theft from the person,-0.095924,51.513882,29,1
dcd80466a97547d790ece67cc8b9c30eeee2cfbe3eb0f4d60ee264ff91778409,2025-02-01,Theft from the person,-0.096501,51.513874,28,0
ea89c2ffbd7958543113234260e3afec8969526a3ffe07243203542415d9357a,2025-02-01,Theft from the person,-0.082993,51.51636,44,1
0293cb48c0dccf8a98dd6ae35ae48d443204cd12845609d5e4345cee32eeaa7e,2025-02-01,Theft from the person,-0.089208,51.509744,6,0
ed9381189f6050f58c05469a9dd5397607ec263bc6afa0ea0b7d59d45b51271d,2025-02-01,Theft from the person,-0.079883,51.517326,57,1
ae64500f082cf5e16e2131b810164deed672cc7e58370de4bba1bfd0ace1296e,2025-02-01,Theft from the person,-0.087157,51.512624,31,0
1b8da2c84a57856b47741249e1ca632c90db08b288b7806689340c0ddf9c76f2,2025-02-01,Theft from the person,-0.095224,51.513736,29,1
b8f134ce085d3a62bc6b003742428902d44959482153915b2d82955073b5c47b,2025-02-01,Theft from the person,-0.095224,51.513736,29,1
e8fe7ef845a8c6332ff37d33d61012f3d2239477df977e076bcf4e95981e0988,2025-02-01,Theft from the person,-0.081902,51.517296,57,1
589a7db9ded62af7a8ab68f4ea464c3bc8229c682d197fa6bf50441ea7e417c9,2025-02-01,Theft from the person,-0.077372,51.51259,34,1
a765bf25bc02a47868bc1cbe6b3fb0fb918e3856884950af6c74f74cd581d4a1,2025-02-01,Theft from the person,-0.077985,51.518239,58,0
e102b58d56e37090591b85a4d219241e608099a7333863a0518b379a6f8c9c90,2025-02-01,Theft from the person,-0.095224,51.513736,29,1
794b4c17545a96555ba62dee2f76f8d159b124af4cce166519a29e7400841b32,2025-02-01,Theft from the person,-0.09407,51.513079,29,1
6a304af91feba0ab448714c13a42085cde69475a6fd9ac25ff149474e29ce3c4,2025-02-01,Theft from the person,-0.078424,51.518093,57,1
fb2278120a5c3a8b20c77199b60cfe2db66e1bddff9d01f53025d8933813aca4,2025-02-01,Theft from the person,-0.081902,51.517296,57,1
e00614dc0948e88240f783b115001608b5bf5f161520ab7213bc1da3fe8c6125,2025-02-01,Theft from the person,-0.084844,51.5097,8,0
2361f232484adeb348717f81e2f7610f098d93d0af82b60573beb420cb59671e,2025-02-01,Theft from the person,-0.087772,51.510665,19,0
811e2a098d637069a26e0d3fc4d9a1a2a660f34b66077511ddaa07c45c54ec87,2025-02-01,Theft from the person,-0.101292,51.51477,39,0
91f9c56f1c552834646e20f73089f0a41bba0270eead9076a08762361a103b28,2025-02-01,Theft from the person,-0.081113,51.516869,57,1
36d4c11a82e7c71de69cd7d5f440cc917daf1d3260553b42f81d171060f3dcac,2025-02-01,Theft from the person,-0.086815,51.517007,55,1
873d45d85e7c075dfc970ec373ddc49d6523456eab47650a7b9b0344def9d2c1,2025-02-01,Theft from the person,-0.085089,51.512105,20,1
3792630731509fad93a0eb5c06ca5f83fa66fad741f84a7384ccfb19d2ed73e9,2025-02-01,Theft from the person,-0.081902,51.517296,57,1
0f63e22abc98f40bf310c5d9da31b63b66d83f1961fde2477f094ebd0b48c7a3,2025-02-01,Theft from the person,-0.09154,51.511896,18,0
df78024e6a2613c36bb7c79d0f9184a3fb1dd9319f67378d32521b7a9f4ae6e2,2025-02-01,Theft from the person,-0.078477,51.509965,9,0
2e16995e97af008d327005243cf122cc23737732302be7c94fd0b0554a8cfdf4,2025-02-01,Theft from the person,-0.079127,51.509607,9,0
156999a476f7088d39a07b745e88536709c7ede951ffb7a6c78d715cbf7173a8,2025-02-01,Theft from the person,-0.081902,51.517296,57,1
8183c55e4357f163a493111893ff8c608870c3e139e37a232fa8298cf0adf00e,2025-02-01,Theft from the person,-0.101963,51.510761,15,0
ef336abdefbbab9ff58168f50e0b3ff9b3c2b4a99c7dfe31e56dcb1dedc142ad,2025-02-01,Theft from the person,-0.095224,51.513736,29,1
18338b5ec9248a9475ca2ecba1fb499cf887d9f76fdb2a08b7d78273cc4a1045,2025-02-01,Theft from the person,-0.095924,51.513882,29,1
907ede162946eef10718b91c0d4b779f42706a92c98829eafa887b196bbf849b,2025-02-01,Theft from the person,-0.079883,51.517326,57,1
0c574bd9c612adbd912dc16af7a513643df15d7bb4d29a2e86b4c41327ca9281,2025-02-01,Theft from the person,-0.104276,51.513712,26,0
4d6a271a6633b6046bbcc7c7d95bb7e32f19cabffed4c08bbabe90f9168b4802,2025-02-01,Theft from the person,-0.085089,51.512105,20,1
740ee6178f18d74943f362259a434ecc4ed8f2c665c0f8a86942768cda11e6cd,2025-02-01,Theft from the person,-0.083977,51.510441,20,1
e12019ce64e4e773109f35735ef4d7478288b71e57b9f4aa531e79204e87d38f,2025-02-01,Theft from the person,-0.084754,51.512882,32,1
71b19122fc875eb31cd542494727a7598a4ef79f1132dd1418de888ca949779e,2025-02-01,Theft from the person,-0.079138,51.508312,9,0
2cdfe33f0a403875fa591f1edaf80bfeac986b6160e8bb7792eb38a837e354d3,2025-02-01,Theft from the person,-0.089208,51.509744,6,0
413a4506cb00eda152ad32c071f07c19b93874b68447a927df71623f85c98a22,2025-02-01,Theft from the person,-0.081902,51.517296,57,1
04ea4e16b3ef2aa7eb91fd4817ef14abe8e891308dde1b49bc826f1876ac7285,2025-02-01,Theft from the person,-0.084844,51.510725,20,1
bc1bf7f89af14141e252453b4ba7fbb8da8bbdcc2658c3b15d84c87e8bf8f3fb,2025-02-01,Theft from the person,-0.081113,51.516869,57,1
5c4390aacdbe445e9d0be96fe8039541048b0127fa441428fdbaca43ab91c5ca,2025-02-01,Theft from the person,-0.095924,51.513882,29,1
7536cfa3b3b135ac2e6ffae7eb2db405544233883760139d79835063ca2178ef,2025-02-01,Theft from the person,-0.079883,51.517326,57,1
830742db94cb8b8d91699c330a09515404fec8d304971dc6c5f785986cc63318,2025-02-01,Theft from the person,-0.085089,51.512105,20,1
bb481aa437f4f8b99a563305d5fb26ea4028088d5b73d770717d8411a9294d49,2025-02-01,Theft from the person,-0.081113,51.516869,57,1
269f783c9c330d09dcc9be064cf9f67bd2b6689e5f7d5246df122f88a0956c8c,2025-02-01,Theft from the person,-0.101292,51.51477,39,0
91dbb481cc41282ef176bb82a7d26b71b8558cdbbb4bdfdd706bdd05bec4a86f,2025-02-01,Theft from the person,-0.081113,51.516869,57,1
ff71ac45fabded91e5312d46b7e5ff52853b41128c43dd2debad41457e6e80a2,2025-02-01,Theft from the person,-0.095224,51.513736,29,1
d7a43a9567f005aa82826a4810cf0dda6b9882969e3bd636be2325c2b022f42a,2025-02-01,Theft from the person,-0.095924,51.513882,29,1
8a4ebd8d94e267c607d0664b75db4dc2e6e78d6d3a1aed6780896b3b16e78055,2025-02-01,Theft from the person,-0.081902,51.517296,57,1
e2468c7638b5d6b60abe7acc80d431f3c25fc49941e6865518b50444be7b202f,2025-02-01,Theft from the person,-0.084844,51.5097,8,0
cca4dbb1a700b8ad1ed1b4b58bdcf618505ad125aa5846e8e348d126fbe5c85b,2025-02-01,Theft from the person,-0.102134,51.513929,27,1
5f91355220e1c2ab009f5cace0a713208a3fb43da3661e7a45bfba5f973b743a,2025-02-01,Theft from the person,-0.081113,51.516869,57,1
c73d84e4d75566cce50f5d166bfd0c485dc2a1a61d2d4ea1eb7123dddcb66822,2025-02-01,Theft from the person,-0.096501,51.513874,28,0
98f026c798ba86b1d4a1cbfbb3b93c5ef0a1487bfd1dfd2dc4fbcac2df0fca3c,2025-02-01,Theft from the person,-0.081113,51.516869,57,1
40042fa6257c3bfb6b34be14d52c5b684bb48000a024caa80a181e9bdb09f71e,2025-02-01,Theft from the person,-0.084844,51.510725,20,1
99c1cddb54c467045880096d935b76860c57ba88f20b91d4f5d6ebecc025bd03,2025-02-01,Theft from the person,-0.091823,51.514427,30,1
4f97045d3f832f569a4d941e8c6edc6784d72fa3b7127d24fcdcced010870c8b,2025-02-01,Vehicle crime,-0.092633,51.509872,6,0
21e7c5661ec31edd29191900dca2f407e2ab0ebcf32d9d33650e42bc5fca814c,2025-02-01,Vehicle crime,-0.0836,51.509797,8,0
08fb49b7de1de79877da1214b92d0f3831975358afa987722e1c3373ca5e6ef9,2025-02-01,Vehicle crime,-0.092633,51.509872,6,0
260fdbd7e6a56ccc40e391e5f99b6cec37e675ebbf04185dbb4d1871268d6559,2025-02-01,Vehicle crime,-0.089479,51.510864,18,0
bf454cbc694fd42bf576d71f4a8c1417361625979422574581b4c8180ee57d1c,2025-02-01,Violence and sexual offences,-0.079907,51.517785,57,1
77f87cb41ce9d9807f8d357f12bc843e3ba85f099e4efdfb2298d5049b3c47f7,2025-02-01,Violence and sexual offences,-0.095924,51.513882,29,1
9d64ad494701240dba2a5aa53d00fdf2a6a67f31df79ee3d5d39ca2062e6e0a8,2025-02-01,Violence and sexual offences,-0.079907,51.517785,57,1
81acf312dbf09096525d3e50a103cf8652ea53bdafb768d7cd3a70f7042d0b42,2025-02-01,Violence and sexual offences,-0.095924,51.513882,29,1
de0aedf837e2a2a9d6042c67f3630eb08a92cbcc368ccee2d707e662bd985a1f,2025-02-01,Violence and sexual offences,-0.092531,51.512658,30,1
910b20f53e2e0873ef5f6d52fa6357b59ca4841a10a3b5e86428dfe5e5317289,2025-02-01,Violence and sexual offences,-0.095924,51.513882,29,1
066d465dedf1d28852289d7d118b8fb116fc221105d7afa8d6f6f4ce8d1121c9,2025-02-01,Violence and sexual offences,-0.081512,51.518692,57,1
4a8c6185ae3aea0bff9342b7c0ad92a78b3a541ea16ed1ae6aeb7f3037f5a00a,2025-02-01,Violence and sexual offences,-0.100201,51.513286,27,1
b7c9e484d0a003a47b6be023cc7302c3fbb97c03783afcc8f8c83e840202ac1f,2025-02-01,Violence and sexual offences,-0.095924,51.513882,29,1
0ef4b6216b61cf262cccbd955e0e0cd3d086385cdb31c53a4ef9b89a73f99dd4,2025-02-01,Violence and sexual offences,-0.078755,51.51844,57,1
b1dd06032318013c9442d21aba4d2ca3d27b678ed1497a7546cf1ed904d722eb,2025-02-01,Violence and sexual offences,-0.090578,51.509722,6,0
53d6665eaf8f7fad9f7438750964780f842aa9e1b0338ae5be2d40d682f2977c,2025-02-01,Violence and sexual offences,-0.078755,51.51844,57,1
bef983d6b394aa3965be659efb4f95a674cafb4a530250d7fe8a72d21443ac92,2025-02-01,Violence and sexual offences,-0.101906,51.511794,15,0
e008df38c2727443662f2800e2b3e9c8f04240d6bf5f9982f09974d2ab0192d5,2025-02-01,Violence and sexual offences,-0.095924,51.513882,29,1
a135216af262311abcaf66e6ad1242559f5c4e70fc589c0d78cbc88ddb2a8b31,2025-02-01,Violence and sexual offences,-0.091947,51.513188,30,1
df00b4ad96051c7bfddecdd4a6e449c366e13087646c6b1aadb844721682f984,2025-02-01,Violence and sexual offences,-0.082993,51.51636,44,1
78a962d65c2a2721295951394e57e1c7d54767a41f15c114d9e08616b9d78b28,2025-02-01,Violence and sexual offences,-0.087157,51.512624,31,0
3eacab02cda8575b3808b1de5c88ca8c1b3493f1c2be02cfa0b504803b51139b,2025-02-01,Violence and sexual offences,-0.081643,51.51007,21,0
a63e3d9dfe6c3ace67bbf9ed34801dd52581b4036caedf54212b4c4710e00d55,2025-02-01,Violence and sexual offences,-0.09154,51.511896,18,0
b7bf142f7f70cc4bf63a1586ad169888671910d18317703364021fffc395c068,2025-02-01,Violence and sexual offences,-0.101292,51.51477,39,0
4398c279d9c507f305249bd1130da439a7650019048b91a43c91c913315fb35f,2025-02-01,Violence and sexual offences,-0.097291,51.514626,40,1
c4a81e730b2c5293602715f6c87c6444ae7c739858aae85c057e1c0949cae427,2025-02-01,Violence and sexual offences,-0.097291,51.514626,40,1
a106d5d8b80a871d210631496c5c3c9105fe325aab054953278e1dd0447e9103,2025-02-01,Violence and sexual offences,-0.084836,51.511939,20,1
140b8aaa2d6d76a0ed1c8371691656faae2d7bb684826d9f06c599aef833a3be,2025-02-01,Violence and sexual offences,-0.097291,51.514626,40,1
1e323314d97143e42e5512e25fbf4584cbc440e622db12984acdf6a3b5d1b0eb,2025-02-01,Violence and sexual offences,-0.077959,51.511332,22,1
7eed9de6f96b3a089fdc9f810b3ba48f2a680df9e8a64f1582e955159b4a3257,2025-02-01,Violence and sexual offences,-0.084844,51.510725,20,1
a5bdb0d5045bceec28eaa69c36519e3e3b8d90433cfbb1261178f932102ab1d0,2025-02-01,Violence and sexual offences,-0.095224,51.513736,29,1
6e794d90162fb412289d6b5a0e360193a75ca8fec96abc2f31195779b7f206c4,2025-02-01,Violence and sexual offences,-0.079907,51.517785,57,1
526b67fbce399b896eaa4d2242b6f7afe4c075afbc5a188c187a347e06bc7cae,2025-02-01,Violence and sexual offences,-0.081113,51.516869,57,1
e92b12184618c517d3141cd5a148186500f8224f86adebb13a1efefbe242c1bd,2025-02-01,Violence and sexual offences,-0.088456,51.514975,43,0
9ff33ed52496bc317b033df0820c90ee9d06b9d944b127a39e5425c4e0ad2bbe,2025-02-01,Violence and sexual offences,-0.100588,51.512636,27,1
3ee65a71d98176e21d93a8fa989b76f56a09f71abbe0e93db0e667a296ae19e0,2025-02-01,Violence and sexual offences,-0.082993,51.51636,44,1
a544f6bc13e07d85b9b2c82fc6af9a511cff344b17f4573cb0f4c055d8b4b268,2025-02-01,Violence and sexual offences,-0.095224,51.513736,29,1
012ca748af8a1d427389448d9eabe8587b5186112bfca094eae094ddb83b512b,2025-02-01,Violence and sexual offences,-0.095224,51.513736,29,1
edc79c1aeda275674bb9ce6ee1a0badd156bc00f473b6d8bb9091525ded29903,2025-02-01,Violence and sexual offences,-0.079907,51.517785,57,1
c2fc3eb93fad6f1dc09b218c7aeb3c83c47779758c2d10244ac228092be0ef75,2025-02-01,Violence and sexual offences,-0.100201,51.513286,27,1
14b14e2f5b33c6850877b3a0f43b1fe6e5b9204fd0dee30a413fbb11bf250358,2025-02-01,Violence and sexual offences,-0.089208,51.509744,6,0
dac95072cf90957f20ecad7fc2c9261aaa712cfdd4df7c689c8b9c1438273626,2025-02-01,Violence and sexual offences,-0.079521,51.511196,21,0
340c268e3df70a109c9427d50fb7f7e7747a5cc783ea12dcf76808652793055e,2025-02-01,Violence and sexual offences,-0.079907,51.517785,57,1
2152a9eb15664ebd48778d6d327982cc7324fa716ee7b55efcc13aebe5d7b01b,2025-02-01,Violence and sexual offences,-0.081113,51.516869,57,1
f2d78240d06a8a10f2a8e9cb888dd21d7ed32ef044916f585f869455e88effc2,2025-02-01,Violence and sexual offences,-0.081113,51.516869,57,1
2ccfc6b663f77823d068036018770fea85f1f88dca100d051e96ad8b9bf7e695,2025-02-01,Violence and sexual offences,-0.082993,51.51636,44,1
624f3395196022f30825279717afc7d2d029cbd351b1cd934286b4700f09270f,2025-02-01,Violence and sexual offences,-0.084836,51.511939,20,1
ce5d55428ffa71a1789a9de7b6fc556a658a5c5c9c852cd5b902c3d3934f4186,2025-02-01,Violence and sexual offences,-0.079907,51.517785,57,1
f090d032cc9b2de9f7ca8c440ca9edba907ea700cebdcf412cdaa70277fe4686,2025-02-01,Violence and sexual offences,-0.089479,51.510864,18,0
1ee23a40a87a47e1e7345df177d6a97bcc8c49256892963e84fd311e74697399,2025-02-01,Violence and sexual offences,-0.087744,51.516492,43,0
dd3bfb55a16bb2818509e03f426e2d8dc07516bbf915e089d4ae4d67521bae1c,2025-02-01,Violence and sexual offences,-0.079883,51.517326,57,1
53ae0a3618665b4f7cd41cde3f452e5f4e58cfdf5cb4ef0eb036bfe872b70aff,2025-02-01,Violence and sexual offences,-0.088903,51.510836,19,0
3c153f5e37eeab6d77fdae2fa1edeac34c66338668abcada54ddba1ee5d1daa9,2025-02-01,Violence and sexual offences,-0.084844,51.5097,8,0
f09715540c13e0121f5020ecde5f6192b1f7a5ddf65a3c61fca9a8f3046af7dc,2025-02-01,Violence and sexual offences,-0.079883,51.517326,57,1
2998a94b570494a6e93e382d71f752fa561b0c0100b4a71fbcf27e043b6959e0,2025-02-01,Violence and sexual offences,-0.083977,51.510441,20,1
a7fc45d2e28e1771b5e6c3297604a6025050cb5eb524b3dc4d51e98090dbab4f,2025-02-01,Violence and sexual offences,-0.095924,51.513882,29,1
3334d066b49c1e079232b25d44e8dfc84f41ed5c56d758ccc797c786216d6a14,2025-02-01,Violence and sexual offences,-0.083977,51.510441,20,1
e3411da4cb68d225b4391b01b707be08aa11c546e95d3ff22674baca4a440a2d,2025-02-01,Violence and sexual offences,-0.079907,51.517785,57,1
bd98496ea809fbb40ee47deb34fa096b694ecd2f3f75bae938989b991f19f71b,2025-02-01,Violence and sexual offences,-0.095924,51.513882,29,1
05a929caa5540b3b33b45f6dc2337b059e5396d7707e235c0586bfb23529eb0a,2025-02-01,Violence and sexual offences,-0.083349,51.51483,44,1
1d535b60d28fa499ae75f6eaca7bccafeb52fac9a62a7b4473a37152393a77ba,2025-02-01,Violence and sexual offences,-0.079907,51.517785,57,1
bd99c5eb94fbc0b28dfe96c9597364fd21a1cdfdf4c64008fb5e4e55518cbd8a,2025-02-01,Violence and sexual offences,-0.084844,51.510725,20,1
5a2b0cb7cf6f9a0c30dab341573d4bfa5a0c3d93dba5f52c0a6edb3be47f28b5,2025-02-01,Violence and sexual offences,-0.079907,51.517785,57,1
cc4877de4cf07cf89358c0cff0fbb9b27c02ddbaafc05861ff6e7c109c581054,2025-02-01,Violence and sexual offences,-0.079521,51.511196,21,0
88920db73d332612acbb7e5b289f7d87f0b5a97589e35c9d8be7697337cfd0b0,2025-02-01,Violence and sexual offences,-0.084836,51.511939,20,1
cda782af5bb40b883ff631e7c5631bf1246923176df8d3a03c7a8ccfc06f3cfd,2025-02-01,Violence and sexual offences,-0.084754,51.512882,32,1
36a407ca7dcba71f07fda5109c035e803a0df4b2639766dfe85e1837dc2565cd,2025-02-01,Violence and sexual offences,-0.084844,51.5097,8,0
b67a012edb526d891945a18eeb6fbd25dfd0f3ca23954d1c1c6af531690e807e,2025-02-01,Violence and sexual offences,-0.08491,51.512588,32,1
d366116869340741cb1eb44702c1902651f9716298c62877d39cdcc777c6fe05,2025-02-01,Violence and sexual offences,-0.084836,51.511939,20,1
ee378d9e65c333701fbda4a0a1963d7f3da1414a23b83728513e8ddac476f6c4,2025-02-01,Violence and sexual offences,-0.09154,51.511896,18,0
3536ab0b91dcb1feeb8d9abd52d15305e326fd22049fadaf7297483d4f43bcc5,2025-02-01,Violence and sexual offences,-0.084844,51.5097,8,0
bbade81daf86082d34942da23ad5aaa92a859809266dbd5f548454bcb3cc8d2d,2025-02-01,Violence and sexual offences,-0.101475,51.511077,15,0
73ece8d13c52a3376bbc28b46aedf7552e6e4b48ff757856d1df44853579e045,2025-02-01,Violence and sexual offences,-0.079907,51.517785,57,1
59327c74e4af18d6f7758bc329e03c09524a7ed87f79abf9f06d263b4427bfd0,2025-02-01,Violence and sexual offences,-0.089479,51.510864,18,0
01fbbd7484b1e811f211d4a919fe18ae137f040784b4bc3a8c2a274c08f5fca5,2025-02-01,Violence and sexual offences,-0.084844,51.5097,8,0
88cfe45e907ccf4fb4e9f7ba1b92b7f84b11421d08891739cd7c702cb31d9c3b,2025-02-01,Violence and sexual offences,-0.078937,51.514109,33,0
9424ffdf714a43e8f4bb5d84921d935ebdee03fe7032ef0a6c240daa0aa2687e,2025-02-01,Violence and sexual offences,-0.081973,51.515948,45,0
ce70d20a52004df4f1a6cd00a48db02532ad4658ba0f944791919dcf831eedfd,2025-02-01,Violence and sexual offences,-0.087157,51.512624,31,0
e03d8a56972eb031a0ffa5a09a7703746348e196b0f6fa93c905d50834326226,2025-02-01,Violence and sexual offences,-0.087772,51.510665,19,0
cf1da649e4f5ed971265082c6bbc223ae56b34d7fd3e7a80d9416761e241f978,2025-02-01,Violence and sexual offences,-0.088303,51.510728,19,0
942cbe0e219e341e0c526454ef7d9b739689bba30d628ef6a59b06737b0bb8aa,2025-02-01,Violence and sexual offences,-0.087772,51.510665,19,0
f4b243c39fd8cd8207ca7404ded2c2f72f76f3a40fba84807bd80a8d36e7c0ef,2025-02-01,Violence and sexual offences,-0.079907,51.517785,57,1
4544d4e6a2dd8fae6900b41122594e3518b9084b6e6c8bc20d0e165c5f3fd6e6,2025-02-01,Violence and sexual offences,-0.079521,51.511196,21,0
568871303ebeca81edff5747ff64e67d565779366221fc7f422fecfa01cbcc39,2025-02-01,Violence and sexual offences,-0.081113,51.516869,57,1
cb43285decb5b5346df6543a63edeae2f08f7407fd16793c2062e1bf112cec40,2025-02-01,Violence and sexual offences,-0.082993,51.51636,44,1
c38212364bfe0479e5668a89331806b54c41cbb9e29d8c2853029c0deb6cca93,2025-02-01,Violence and sexual offences,-0.087772,51.510665,19,0
9ebf7a6d43a51b8de819bcc9882b5f49b0368d2718ba73af95f1d77b6582f6a8,2025-02-01,Violence and sexual offences,-0.088903,51.510836,19,0
60ac99eebdec9a9286f0d4b4c58bbb684dadd1d8137c755ce0e82ed7bdefc0fa,2025-02-01,Violence and sexual offences,-0.081512,51.518692,57,1
a361679e2f0cb906211036e35f390386091d5a18f472c4d5882b5b26ffa9f69f,2025-02-01,Other crime,-0.081113,51.516869,57,1
6667d65cce2ca02028a43d1a93a3e9715583d792cdefe2d85fdd986be938626e,2025-02-01,Other crime,-0.096501,51.513874,28,0
d44dcca12b259a633d89f210663c978c75cc1de97878264b691ce916cc1394af,2025-02-01,Other crime,-0.081902,51.517296,57,1
ec424f4541010ceecc6b54a2acd8cac5a277dc9cb41fccab419ffa6c4e0852e2,2025-02-01,Other crime,-0.096501,51.513874,28,0
,2025-02-01,Anti-social behaviour,-0.108069,51.515041,37,0
29566d3af606e99dbc2faa6c995d3e9b149c854552382d4c248bd0bba9458e36,2025-02-01,Bicycle theft,-0.099892,51.519675,64,0
9fe59d0c2dfe85e6c8cc979e4622572170d8095dc68206f4c38d84adb3469298,2025-02-01,Bicycle theft,-0.098017,51.519689,64,0
90c4cb5b4e982caf456d0bf625c253dd8289dd1b8fdd52692265ae73949a15a9,2025-02-01,Burglary,-0.099803,51.519026,52,0
8e4dfca340b046479662cd1e06676760a764dd65a88fc396b0f97e1246f7d655,2025-02-01,Burglary,-0.105131,51.513941,26,0
96880b2b859d839d7a69ae437c2a92fe2e237afceb43646e6d0f92e3b5d45bb9,2025-02-01,Burglary,-0.10845,51.514202,25,0
47104119851ecad0443da16681a49574e344f8ca7f75fb444de9718b0ae9e391,2025-02-01,Burglary,-0.102538,51.517739,51,0
1126c5c528bfff38bab61c122926fb46969ec359dfeec03e0a14b0d76d06ec68,2025-02-01,Burglary,-0.110474,51.517193,49,0
49c41a1757d6d6c625a6b9313b559241deb5fb4ca1bdbf182047d634c99d61dc,2025-02-01,Burglary,-0.099301,51.519674,64,0
b16d15576c76e9007ba8ea14b08efe2cd170ba6a32be77eb6289a3bd1708e26c,2025-02-01,Burglary,-0.107201,51.514092,26,0
0ff983cc8ec2a50c59e6b10072300e7515bb81b2ccf49edeb78beb5633830bd2,2025-02-01,Burglary,-0.105131,51.513941,26,0
5985c288d5ae8d833328f32a031d2fedde097cc12994c53dbe36e467df9180c7,2025-02-01,Burglary,-0.112953,51.518231,48,0
36d07b892beb94cda12b8510e108191a5b5534fe27452ef256962467d521df0b,2025-02-01,Burglary,-0.098204,51.517984,52,0
7391cbbb56717678139f875bf4357f4e4f7bd25773287c455b792e6f323507c1,2025-02-01,Criminal damage and arson,-0.098017,51.519689,64,0
962f61235325c41fc01ec5cbccec758c7ebe27367527015895092f52c4de9f92,2025-02-01,Criminal damage and arson,-0.101359,51.5187,51,0
ded79c4f5a7c52ea44490fd2702a31fbc3bde8fabf0970a013381a81f05b7501,2025-02-01,Criminal damage and arson,-0.102538,51.517739,51,0
2eb7885641fa0f47309f505f40e8f6f201e3154f4c5222315af1d45da3887253,2025-02-01,Drugs,-0.110474,51.517193,49,0
345ae3fa84d08c471297d65375b01a9e66ae4836a83bb1d317c56ebc4d3627e1,2025-02-01,Other theft,-0.098886,51.519254,64,0
dde9c32b386a174582e8fbd8ffb9d56d3f0d5d76ad3db48d83998a79bca4eca3,2025-02-01,Other theft,-0.107201,51.514092,26,0
b5929042c653f971a3c00867a2f58a49583232f276bb01b0bec0049dc83a9e23,2025-02-01,Other theft,-0.105131,51.513941,26,0
e8b9babce920abd69f7e8bffcadc0dbdc1abd21a38a61bb464a1d7fc1d284c9f,2025-02-01,Other theft,-0.101621,51.516906,51,0
15cbba8ab597f163c32ebca46036d15c4e5fba0fb575fb470e9bc3f641195a43,2025-02-01,Other theft,-0.108162,51.512834,25,0
c8bc3bf4271fdaddecf7ea6d7f31618c74384a013b5c57f10b41e1eb3f077294,2025-02-01,Other theft,-0.106076,51.517239,50,0
65ee38083831303180ccbc0d4db45778d7903790ca4cd9f2727d9d5030a31619,2025-02-01,Other theft,-0.102726,51.513911,27,1
2356414b7d0bdc5d8424f4d0a9102b346e19c059b507cb5a3b2dbc03bad1368b,2025-02-01,Other theft,-0.109387,51.513839,25,0
fbea1824a4fd23e936f6ea786613ea0d69b9702f20b2134eb054098c575313ed,2025-02-01,Other theft,-0.102812,51.517051,51,0
4995d89349ed52feaa08a871c19093805d8c65ca438998ac38aae9cf48ee1c2a,2025-02-01,Other theft,-0.105131,51.513941,26,0
0f2fd527ddc657d1b1608a45b2a37107ff04b268d8c9292dd39b2c3420ea630d,2025-02-01,Other theft,-0.105131,51.513941,26,0
489460633056634a2f6625037b86d0f71c27ee646490ad7a2915636e22ceab94,2025-02-01,Other theft,-0.105131,51.513941,26,0
fc3561b716e598a8ee62dd3782248509a48b6ac8589a6b6958bef2259900dd0f,2025-02-01,Other theft,-0.102812,51.517051,51,0
77c107388762287c648d471866c138d0aa872b1e0c892ba3572e62bc3263c094,2025-02-01,Public order,-0.107997,51.513313,25,0
1249030e5a3b371d21b252c0f8fe649eb23cb6fbf0afa84f160b507a66220754,2025-02-01,Public order,-0.10845,51.514202,25,0
47bebfd316c8ef3e0b3ef1fa2fac72b6f4aec615e114132bac39dd9834550a2e,2025-02-01,Public order,-0.10845,51.514202,25,0
aa1aa82b71bdcb6db39736dabc53c6fffa197be48d2b40966e504e15cb959f5f,2025-02-01,Public order,-0.107997,51.513313,25,0
336df00263010cb16284279f4c8327e40ee1a09bbf6f272397442e80475ae2d9,2025-02-01,Robbery,-0.10498,51.512033,14,0
a1545d0618dbca701008b7ea72f61a690fe94489307eb016fbebe591918bed20,2025-02-01,Robbery,-0.109297,51.515681,37,0
2ba35cdc8bb516be02ea23e52a41a6b9d8156e0e94184178a3d248069abe2f98,2025-02-01,Shoplifting,-0.109164,51.517846,49,0
ce2fd35dde17a92dd5b3fdecd606a20ff2e9e40f1af3194a7e303ee3930f4876,2025-02-01,Theft from the person,-0.10845,51.514202,25,0
22ea721bb33d74345d59990d9db4e7c9fd4cc8aa35ef1a2939a8968487459121,2025-02-01,Theft from the person,-0.106076,51.517239,50,0
5cba543824f75bb4f8418c6a39d4395caa15d38fee7a48103e4a6ddcbd91a388,2025-02-01,Theft from the person,-0.108027,51.511884,13,0
584958a3d261c85b3c6c9fe52fe914d4793732eaf5589e7a59c8c62b593a6e4a,2025-02-01,Theft from the person,-0.101621,51.516906,51,0
55bd4b2f87ad245f53bac6c08b490fc14dcf406897feb3baf6a26425c502a1ef,2025-02-01,Theft from the person,-0.102585,51.517308,51,0
7796e051feaf9302708550226eba523f1bc596103c4748810af8d34fe431f623,2025-02-01,Theft from the person,-0.109164,51.517846,49,0
4fee9a0cef46dd07f44c0054881fdb4e3fc98eed9f5a857b4c7954a40b1ae064,2025-02-01,Theft from the person,-0.10845,51.514202,25,0
472cad194f0122b7bb9c361edc90c17a727c952d819669711c2e0b7aec8527c5,2025-02-01,Theft from the person,-0.106076,51.517239,50,0
ee2c02ab642170fd0cb646fc9a44d1c5815a688e7853b1cd42e23090f902f3a8,2025-02-01,Theft from the person,-0.097959,51.517629,52,0
bf2627b0f40a316d9437fb7e1c17001f3b584f196c1ae29c388db276bde9c999,2025-02-01,Theft from the person,-0.098397,51.519561,64,0
49e689af1acbd990cf54d0471b331096df091ebc07f4c4632bd1759daebd0336,2025-02-01,Theft from the person,-0.111065,51.512302,24,0
09e3952a58b66a2fc3d1130c1b85d07147d0e14a168681caabe8ddfd7604fc4b,2025-02-01,Theft from the person,-0.10845,51.514202,25,0
21dd0ceec92cb8e8cc2cda128b08bcbb7e31b789420d1625668ef807c41c6333,2025-02-01,Theft from the person,-0.109297,51.515681,37,0
3d611bb59b83cfdb89fb8f9772efe57466e72a814da9021f1972f40391651f8f,2025-02-01,Theft from the person,-0.108909,51.515297,37,0
25f3d66f855ebe5a824fe1d4254652c8140b33c6dece9e95fcd9839a3aad3637,2025-02-01,Theft from the person,-0.10349,51.513897,27,1
9e902cdc1d2eb7cf25a7bd0e5ea9364a451129668bcac31fbb72488aa6b4af4e,2025-02-01,Theft from the person,-0.101359,51.5187,51,0
350efbe88e019c78330df30111015dce37749ff6e25364cb9e0d50ecc4f7b970,2025-02-01,Theft from the person,-0.10845,51.514202,25,0
e6037c213a021918e612e20a5f8618ac576812ac780c9febefafa30798ae9283,2025-02-01,Theft from the person,-0.112019,51.516067,36,0
3c7e1fcf10f58326c7d44fbdf39eeeb39b71185fea70fe21967a62d7e5eb9dbe,2025-02-01,Theft from the person,-0.108027,51.511884,13,0
4289037cd5614145d388530e7eb61ea1b4deaffec91716101f07620ebda9a40c,2025-02-01,Theft from the person,-0.102726,51.513911,27,1
81338353d48d6fa48dcfc10216a42ee526132c49ffca9dbaf68747ad452d7378,2025-02-01,Theft from the person,-0.109164,51.517846,49,0
ee7e4e96b3fe2f1bcede82b72133831922905ad2c1ff7c2f0714203c9ffa7bbc,2025-02-01,Theft from the person,-0.107201,51.514092,26,0
ec4f25b5ced8694f6da5a8c6761b386d235f7b3a85c2994e213677a70ca62ae9,2025-02-01,Theft from the person,-0.11069,51.517916,49,0
5fb1167df0fe4e07a9e69539335d09331ee78d9474a703b011a76952264aa8e8,2025-02-01,Theft from the person,-0.107443,51.515534,37,0
c752a89a23c55852fb5cc5b8066283f07ba18847871ae6dbc8d20199d257c8c6,2025-02-01,Theft from the person,-0.107979,51.51548,37,0
483ce447e3d4a26a4e72de4a71b296324e93a411fcb0164b41222a5ad7279dbd,2025-02-01,Violence and sexual offences,-0.112111,51.517687,48,0
1e108855bb7a03ad3ac99a38666c433fbaf93a965c6e61550d74d755faa1499b,2025-02-01,Violence and sexual offences,-0.106076,51.517239,50,0
d199e80bbe23088e3bfb6034c9a9810cdcb67007f173d367e0ada2b2d9b6ccc6,2025-02-01,Violence and sexual offences,-0.101621,51.516906,51,0
74594fe256eeb0a34b456e549c727a0316546129fce5aaa9bf296d200e1dda2b,2025-02-01,Violence and sexual offences,-0.102538,51.517739,51,0
7cfdde0949bd408da4cf457e6bed6827336a87029dab5927468d0123b18e851f,2025-02-01,Violence and sexual offences,-0.101359,51.5187,51,0
02bd37a79364d5166c8f8cf78e58e93746456012efc026c5785ca1c2a06122da,2025-02-01,Violence and sexual offences,-0.108909,51.515297,37,0
75da6b60ee5e6c9a98cd21650ea3288bee702c80a8c0e2489bcf9d5112d5c366,2025-02-01,Violence and sexual offences,-0.10845,51.514202,25,0
0c0f95eb9fb2314a6a118a36ccc7c063f56dfd39ccbb968d72dee0467396a4da,2025-02-01,Violence and sexual offences,-0.102538,51.517739,51,0
7d7b5bb3e9b8b5075942420b13ea5c7f284b540148a8c135cedc763aa930285c,2025-02-01,Violence and sexual offences,-0.108162,51.512834,25,0
ad6988b46fe2045382f5fe6cc016e9dc1834e255ea3bea72c5a030c32791b9fd,2025-02-01,Violence and sexual offences,-0.10845,51.514202,25,0
066210d68e15156fa15716a27e6be46a97f766c787c906feb71b2756f383b9dc,2025-02-01,Violence and sexual offences,-0.10132,51.519293,63,0
255d945e361f83f79b615098f6073aa43316f48bbb9c8cf597131aba10e33c33,2025-02-01,Violence and sexual offences,-0.106076,51.517239,50,0
c5d031f8c3406a1baaa4d649051ea74233369e30745f35e04fc32bd3d6419da4,2025-02-01,Violence and sexual offences,-0.101359,51.5187,51,0
c760715957711a83467c3dc9cfc17ef941b2f5b4eb77c47aa70e919a4a09f0a3,2025-02-01,Violence and sexual offences,-0.10498,51.512033,14,0
578778c4dfc0c811c3b810fa74fbe484da2470d9ab0ab7fc6bba6e170e1e8980,2025-02-01,Violence and sexual offences,-0.106076,51.517239,50,0
4bd12a8239f91d262e1d7ded76dee1f05cdb8b8fd74904d8477e3d6b1f2915ad,2025-02-01,Violence and sexual offences,-0.105909,51.513262,26,0
9181a4daec5192ffa3aec69e916a7ec7e11d702af74bb425ed585cde9e875247,2025-02-01,Violence and sexual offences,-0.107443,51.515534,37,0
47a38eee799c487387d01efd635048686d2897ce9e3e89bea9606408dbdc2474,2025-02-01,Violence and sexual offences,-0.102538,51.517739,51,0
89beeae398f46dc521fb18f1b661501e8fc0fff7b4b6f2f4b3a9d72a3bfd1d94,2025-02-01,Other crime,-0.108027,51.511884,13,0
48666485ea7bb07b30d585ab6eb67054d932dde68eb080b186248d4b69019411,2025-02-01,Other crime,-0.102538,51.517739,51,0
,2025-03-01,Anti-social behaviour,-0.097078,51.519045,64,0
39f62a38dd620ff0f74ed12ec1c260061c112c666e7844f1f7c885a2f4c3c463,2025-03-01,Criminal damage and arson,-0.097506,51.521228,64,0
7284421a743c23e069f0d31ce3ddc7e8e1194d4a343d30d34c128c83131c4fc7,2025-03-01,Drugs,-0.096718,51.515511,40,1
7182563ce0d0a0cea9fd98097ad5d124e41a14be3271e412dec0c22e417d5cc3,2025-03-01,Other theft,-0.096367,51.515355,41,0
1a8079f8ccff620ad8bd3d92d53652a97cf6c0b3afe50183bd8aad05d6e334d2,2025-03-01,Other theft,-0.098519,51.517332,52,0
44ed5941a3a652a1d9c1426b9bb956a174f9d2a71ba1accc562b1134a11ba00c,2025-03-01,Other theft,-0.098519,51.517332,52,0
daf29ae83d5634d7b7ecd493331fb4d795bda4b8a989cc223ee807f43de3f458,2025-03-01,Other theft,-0.097245,51.515387,40,1
f577c4b20b7ca5dd17584f165e60adc13ea44a55237366e634763fd847b11d3f,2025-03-01,Other theft,-0.098519,51.517332,52,0
e35d15236bcd22216f12740a5935ac65660b49dfd50a1f29f0c234ca00d0736c,2025-03-01,Shoplifting,-0.097245,51.515387,40,1
4ac6205a46f77920d5f47b45e7689f21b5a5410bedd3fb5c287844730c04dca8,2025-03-01,Theft from the person,-0.097078,51.519045,64,0
a74012c252694341bd19e916d5f34c879392c8ef0bb74cc6def704897ffff751,2025-03-01,Theft from the person,-0.097078,51.519045,64,0
5a0e7d19902af77da7a867eede44ffbc485d30446d82dbf5a485615b53f160c0,2025-03-01,Theft from the person,-0.096718,51.515511,40,1
fedfe54ee00fa9e3535f182c9440c31e6bdcb07e85537b9676bf28b3afc8970d,2025-03-01,Theft from the person,-0.097144,51.515062,40,1
f1c18c0d0bad554bb6fb34da119b44a25f8b4ba2ddca18f25d7fc057e60e3f45,2025-03-01,Theft from the person,-0.098519,51.517332,52,0
5f8055c6d4255062abc5a7d53f1c0116f12dc1c56813cf72d6ae80168807274b,2025-03-01,Theft from the person,-0.09729,51.521575,76,0
ed4fbb307ccfef91a7d97521cd6366ace30bb77c990fd90c294098116ffeb68c,2025-03-01,Vehicle crime,-0.096367,51.515355,41,0
d68faf462ff07a38f96ade18b656e07dc0779cf8c8a8f4f67bd9b08d1947a5aa,2025-03-01,Violence and sexual offences,-0.097245,51.515387,40,1
739d00b6ed588f68ee9ce33319a6e6366a3cb946732f2800a473651b106debbf,2025-03-01,Bicycle theft,-0.095704,51.516747,41,0
2a41f7e5a4e2adeaa6dce3e2455c0d3dad0365122a96669dee0536dda7047a2d,2025-03-01,Bicycle theft,-0.092488,51.520598,66,0
985936d2eeb047a4c4ca4274fadb198ac93140ebfb40e56c964c07e5e3cb1508,2025-03-01,Bicycle theft,-0.092488,51.520598,66,0
65380dce079b082bfdaf1b4a97a8fdbfcab1d633b56f0905c8e6de56605e21a1,2025-03-01,Bicycle theft,-0.092488,51.520598,66,0
d27fd38d5576f9188d847bec7a61ef9fd4f82fddf6fd0306e18614fbb4981c5f,2025-03-01,Criminal damage and arson,-0.092488,51.520598,66,0
5fa7b1c38449adff3e2df3fe2df030c30493f61065e92ebd4244f93609d44091,2025-03-01,Criminal damage and arson,-0.090553,51.518948,54,0
4ccc7b937cf508acd790d6ef771a24c3967e0331743e07afa589539ab3ae8cc5,2025-03-01,Criminal damage and arson,-0.092971,51.516271,41,0
11c041e948b64515db20cbfcf762763d6fc31d23ea269fb7d7645df54a450884,2025-03-01,Drugs,-0.091498,51.520483,66,0
c965e7048c7caba144346b62890720039a1a2da4d01adc6ac909a684db94b9fe,2025-03-01,Other theft,-0.090553,51.518948,54,0
d1f2c8d26de8b3c4cd8d9fc371c5cf627df8ad86af95948e8b2ec5e06fe682e7,2025-03-01,Other theft,-0.09413,51.519961,65,0
26a3545bfadb6779e490b9576870c72636f88ae36c2aa87da447e74cdf88044e,2025-03-01,Other theft,-0.090105,51.520001,66,0
bc4f283b7a11461147d9c79a7bcca04609d46bc1969b82c582268f88aa02b6ef,2025-03-01,Other theft,-0.090105,51.520001,66,0
aff8bfdf0f6ab2330872bfa3ee92af64fe786b5ffcf81f7f304a124543da9175,2025-03-01,Other theft,-0.090105,51.520001,66,0
2eb3b6cd25766041a92a82aae16996aebd2495da6b88e520f5face3e8ef9fd53,2025-03-01,Public order,-0.090553,51.518948,54,0
c3ddfa14b56e00da474b3d97dc8054b905a768287d8518df52aa3b59670af751,2025-03-01,Public order,-0.090553,51.518948,54,0
902dd8acdbd2b3761e1baceff5a7ed5012ff8fcbe446866b62dfa786c69af063,2025-03-01,Shoplifting,-0.090553,51.518948,54,0
210f90c1ccd0bb5649a934d3fea85dce95c4815c3f2f2e745ea66e09104f6494,2025-03-01,Shoplifting,-0.090553,51.518948,54,0
4455c02daaddbe3cc6b219c56cbd364bb51da3a282b7daef2563e0c1ec62c8f6,2025-03-01,Shoplifting,-0.090553,51.518948,54,0
91e27bbd495ff9c32f8f7cc7bb39247f685468868471c112b06a0e42c57a9d7b,2025-03-01,Shoplifting,-0.090553,51.518948,54,0
afb13bd8fe2cd747f81272ab294a3d332c50967c237d6e136d7a471657425198,2025-03-01,Shoplifting,-0.090553,51.518948,54,0
9158c66532f359619d2a753a105b9b716f2c9414d8284d97dfb0d673b38140f2,2025-03-01,Shoplifting,-0.090553,51.518948,54,0
ce33326b7a85e332a5a77a49328c7a07020204367ad3137d05ea64799a1eb7ca,2025-03-01,Shoplifting,-0.090553,51.518948,54,0
72be2a2cf4db0f6e1089f8a681705996020a3b6345cdcdef4944dcfb707c8d9b,2025-03-01,Theft from the person,-0.092971,51.516271,41,0
5df56c9d1a03fb436d19c5c3efae20ed91174caba6c23aef19e56886b8b53383,2025-03-01,Theft from the person,-0.09413,51.519961,65,0
d2bcacf4df4a10a3eeadb56ca6bbea00b15e5c1274df92734014a585e3da99e6,2025-03-01,Theft from the person,-0.090105,51.520001,66,0
5a2ac0036f09a7cd7a50056c6f6655e95eb11ae742458a73cb2d9270a4c889f4,2025-03-01,Theft from the person,-0.091498,51.520483,66,0
2f22d96bbc6a40a2e30b1ebb996667a0de104c153b3205428ee013c8ed398a2c,2025-03-01,Theft from the person,-0.091495,51.518145,54,0
1b68568ab027fa245dc4d9585b9536d9c4a12258c78e36bef6752bcbb22efbc0,2025-03-01,Violence and sexual offences,-0.093845,51.518462,53,0
1321184ad65a6554f872ba877c068be16ca21860069155813ca9a473e47857e3,2025-03-01,Violence and sexual offences,-0.096114,51.520747,65,0
,2025-03-01,Anti-social behaviour,-0.075401,51.511164,22,1
,2025-03-01,Anti-social behaviour,-0.07508,51.512625,34,1
,2025-03-01,Anti-social behaviour,-0.078839,51.515753,45,0
,2025-03-01,Anti-social behaviour,-0.076145,51.512642,34,1
,2025-03-01,Anti-social behaviour,-0.075866,51.511406,22,1
957587ee3fac7eca2275d1413c313dfdf0e24997cbdd600709e6e830e8de835b,2025-03-01,Bicycle theft,-0.073704,51.511748,23,0
a356fa52ec446c80bda3cdc6e5eb1aa815f81c8cc01d17bdfad02ced83cdfd17,2025-03-01,Burglary,-0.07433,51.513647,35,0
59351fa3a269e3124cd6c648ff38f701e39b03e306ce03c4f76c7975ac882e82,2025-03-01,Criminal damage and arson,-0.075453,51.511965,22,1
fbb3c0e093281570996d645b44031b0faa5395986a6b9a89ef4f07f2b4d1c2d8,2025-03-01,Drugs,-0.076145,51.512642,34,1
b2a0aab1815abedd0c9dcb63addf9cc95667ea9bba3d947e11f78d8f8fa9c89b,2025-03-01,Drugs,-0.077407,51.516215,46,0
7c93ca4974c8fe21a4f020f2354a40692467790665e671fa830e42c28145fdfa,2025-03-01,Other theft,-0.075453,51.511965,22,1
fecf55599f173f95f2e55b20efac8435d7274a1efd91c33ec3181689035bec6c,2025-03-01,Other theft,-0.076145,51.512642,34,1
dea194073c0ca53c358050832feea10bea3cb899cce6c24c516f724598ce1a85,2025-03-01,Other theft,-0.075453,51.511965,22,1
37184793ce9b015fc0de2b378a2656b70ba60b736f6f874dfdfea5c07a9bdf9e,2025-03-01,Other theft,-0.078839,51.515753,45,0
19412887a9ead462aa3cf942edc64faba2b1f78c8292eef6373de3f07301467e,2025-03-01,Other theft,-0.077169,51.517083,58,0
c5b2e1d727ed20115c15a87cc1396f812242b0eda653dc6ea8a31dfa12d1f61e,2025-03-01,Public order,-0.073103,51.511981,23,0
77d8591b38ad1b7425bcd24e94324e94cc2f38291b6df506e4a1fda64be5d09b,2025-03-01,Public order,-0.078783,51.515383,45,0
350920cb75bdfc0885abe863f9dd7d4599d792fbd765e9eb0c44c930edda2bae,2025-03-01,Robbery,-0.07433,51.513647,35,0
bac56711f4c4839e4a3396ccf8c79ce1a1865c4ddcaf806d677e642012bff294,2025-03-01,Shoplifting,-0.075401,51.511164,22,1
2efd01123a97aa9c9f944eaeb7b92eec3d786394973d54eb4693ccea36f1811c,2025-03-01,Shoplifting,-0.075401,51.511164,22,1
0fce4751ecf5d1c6a2af2b59799d08bdbd0f2a9880069bd241899bad2e57dd18,2025-03-01,Shoplifting,-0.075401,51.511164,22,1
f9f9b572961c263db4ee38ed2f4a22811351e9a2cb5b475d491aa47d7668a5db,2025-03-01,Shoplifting,-0.075401,51.511164,22,1
6b8d5fda2c4b82bfc16cf19d748f2063283777b61b89cf2e7313d82c27dfda4c,2025-03-01,Shoplifting,-0.075401,51.511164,22,1
0f0aa9e93a38b1454721d4f24902a1f3cc01959c54f9bd7145e47f7482578e99,2025-03-01,Shoplifting,-0.075401,51.511164,22,1
672336222d960e48bc08d2012779a4bb912296b1be57258b9ad848d4818c0e35,2025-03-01,Shoplifting,-0.075401,51.511164,22,1
243279b8b4b4ea835b11db9f4dea6ad3a90eb8bb883a9fee5c49d01553ca9381,2025-03-01,Shoplifting,-0.075401,51.511164,22,1
d9933ff9b388793c43870fbcdd8f97dda8b592a6ebb44cd9cbee13e134257788,2025-03-01,Shoplifting,-0.075401,51.511164,22,1
b27725c36a1628d62d504c9922f68c15af0a1aef340f5ae6e73d948842efc20d,2025-03-01,Shoplifting,-0.075401,51.511164,22,1
8154fb101e3754d14f53f1f8d7f8f4687cdcde8e5f15b67389fb359f42dcc675,2025-03-01,Shoplifting,-0.076716,51.515178,46,0
1fa0ffd9ca82ef6cb2395376774a5e7b6b439d67ea93aa603ee919571143e706,2025-03-01,Shoplifting,-0.075401,51.511164,22,1
9a70434448fcbf3f0f08308b6b3d9389ec14e2493d133857dce5cdca82105c70,2025-03-01,Shoplifting,-0.075401,51.511164,22,1
c060c5908c603772a8ed5b893a96db7c22c56f026a805c5f3e5ef02637f3781b,2025-03-01,Shoplifting,-0.075401,51.511164,22,1
c4e050d8cdce4cf0f83d23ea40d734df3014dc5597e8fe3244cf882a109495d2,2025-03-01,Shoplifting,-0.073103,51.511981,23,0
1f98a8ef4414d1bf6847652201692059b2bac616cb6a3da6b0316bc6acbd3831,2025-03-01,Shoplifting,-0.075401,51.511164,22,1
1025b9699720b9f4e46cfd0384813fdbb0f467d92f3ac17509d0fe5200b864d9,2025-03-01,Shoplifting,-0.07433,51.513647,35,0
728b01c944225d974989ba4c749c8d352047ea6e3738921525148954e3f2c440,2025-03-01,Shoplifting,-0.075401,51.511164,22,1
197eb32a4cd5332e9b8e84fb4d7d958cc5dfc5d7a844ab1d161fd8373ec561ee,2025-03-01,Theft from the person,-0.078849,51.516212,45,0
d15a3fa6c5a3e4732ac88b6ce789f1f6f197e33e082d35c19c092dc52cdcc200,2025-03-01,Theft from the person,-0.07433,51.513647,35,0
328759bbfbd4948ca0c0abae19d9eb43a6d16c304c5b09566d216c4b6b78374f,2025-03-01,Theft from the person,-0.075401,51.511164,22,1
339034054c8a156726b5d24aed4d52585877f8cab2d6c1e8586f3b8987634d9e,2025-03-01,Theft from the person,-0.07433,51.513647,35,0
e4f03f563cebfe90ea055772371fcfd0d4d23a6c21b10bb78f8e23755a760353,2025-03-01,Theft from the person,-0.077407,51.516215,46,0
75b437205bbbbe6baefa22975621d495d3eb920686f869e93dbd5b662cfbf65f,2025-03-01,Vehicle crime,-0.075922,51.515894,46,0
5ffec428a683b836b40fb6c0383fc4d12f1121ff6a0afcbe27b00273f0596d36,2025-03-01,Violence and sexual offences,-0.076145,51.512642,34,1
3d725e2bcd93e23c65cfdc25fbf6f41ec06d50db0775332f8f23449b79fcece7,2025-03-01,Violence and sexual offences,-0.074483,51.512066,23,0
7767732354d8f392287975963674cb0616c7b1395e5086917525a624acd88bdc,2025-03-01,Violence and sexual offences,-0.073456,51.513542,35,0
869d5ccd5f5a8c003d1490d40e09c77f329630a8527a9cbc7d598a1b794ff79e,2025-03-01,Violence and sexual offences,-0.078783,51.515383,45,0
989dfa1a566029ec2b69c6786de283978920578802ecc83e06df3fad6a959e5f,2025-03-01,Violence and sexual offences,-0.073067,51.511809,23,0
f5e932776d4df3ec75745882b3b8bc2a8a3fc0e6ec82882aa81be1e3dd08feb3,2025-03-01,Violence and sexual offences,-0.078849,51.516212,45,0
3fef60198bc4c78a09892e5b8418edefd4449790ed97a524025f8a17cb760b52,2025-03-01,Violence and sexual offences,-0.074925,51.514924,46,0
df61bbeae1f38d09a0790401c983c9341c48e3b57d2cb43deef1e372950e9fed,2025-03-01,Violence and sexual offences,-0.074483,51.512066,23,0
5bc9f550aca774d1e247d98cbbaf87f84c9e2e8387261c8c8fa796bdb58ef934,2025-03-01,Violence and sexual offences,-0.074483,51.512066,23,0
43f65d39c0cc2bf1de3ed84ec2d52595da7fdde7359529ae85b78da9832c43f9,2025-03-01,Violence and sexual offences,-0.073727,51.511218,23,0
ebb6b661caa4714bec0e3ac603b9cdf97b3e7187ac5170451a09e497c57773fc,2025-03-01,Violence and sexual offences,-0.073456,51.513542,35,0
12cffcc83a7e37947c945912586770124d1fe324a2ad754309c71f42e125c885,2025-03-01,Other crime,-0.077511,51.515812,46,0
,2025-03-01,Anti-social behaviour,-0.088785,51.517102,55,1
,2025-03-01,Anti-social behaviour,-0.084754,51.512882,32,1
,2025-03-01,Anti-social behaviour,-0.08491,51.512588,32,1
,2025-03-01,Anti-social behaviour,-0.083977,51.510441,20,1
,2025-03-01,Anti-social behaviour,-0.088903,51.510836,19,0
,2025-03-01,Anti-social behaviour,-0.100888,51.514448,27,1
,2025-03-01,Anti-social behaviour,-0.077959,51.511332,22,1
,2025-03-01,Anti-social behaviour,-0.086815,51.517007,55,1
e2e1b807abfe39b0d7eb2578e1f6c674ad4c5127321196d6b80adf2b9b133965,2025-03-01,Bicycle theft,-0.081113,51.516869,57,1
86215568231c46e63bbb0822514ed89a7b6ae27fe40043e2208f5ba087081abc,2025-03-01,Bicycle theft,-0.082133,51.515222,44,1
1f3d342da67b8d153b134abd6f74e722c252a7b2c4e96bde5dea59b4369d8e5d,2025-03-01,Bicycle theft,-0.082133,51.515222,44,1
1b00ae0eba0095344ea60cfa0dcaa0b200baa88a0821b3b8472072e2ec422a14,2025-03-01,Bicycle theft,-0.081902,51.517296,57,1
061d5379ccbbaafd590324c0b548af672084044c145320d5d028d01ae5aaaabd,2025-03-01,Burglary,-0.088785,51.517102,55,1
d4396f1114c773a1b76fd9d21beb56a287aa13e59a113233b898ec39c4f94a0c,2025-03-01,Burglary,-0.084754,51.512882,32,1
13287dfd6623cce7a051ef088ee6bb030897b2d9e6744222d119c87c940f2151,2025-03-01,Burglary,-0.102134,51.513929,27,1
3f41c76d5d5ffcaebabeba2edcaa1924e0d6e9469a0a72689ac2c4afdd31afd6,2025-03-01,Burglary,-0.087873,51.516503,43,0
a66b1c926f001eebee15ccc02afa6c8c2c7d9521fcfbeda39e0c7dbdf45b2882,2025-03-01,Burglary,-0.084754,51.512882,32,1
6ccb2eced9575408471239e175d6123673bc8f481392ca4e1cc6f26002450c9d,2025-03-01,Burglary,-0.081643,51.51007,21,0
c4ed8f7bb765cc5bafc88ace773e6de677f4e28e1ed3e5757a82bf48f04b7920,2025-03-01,Burglary,-0.086815,51.517007,55,1
e17c28356d3658535e0ecc82d4bda898414c594c5b0c18e717b722dc21b7ad37,2025-03-01,Burglary,-0.084836,51.511939,20,1
1c34d8894d8c6069568c4caedc0945c65a6bbf667f19370941ba7b2226124479,2025-03-01,Burglary,-0.089822,51.516103,42,0
4f1e6d27914ed942606f9dbd79143fc1ea8de659196880c43c2d76de8c315009,2025-03-01,Burglary,-0.09407,51.513079,29,1
56144fd408bd28e813bb7af7ee01d8377e3144b348157b4ad492f9f42d9ab7f8,2025-03-01,Burglary,-0.09446,51.512024,17,0
3016458b4d848d6e831a1596b89e20226a194b7c4922886ae3a8334400771f96,2025-03-01,Burglary,-0.095224,51.513736,29,1
86d1c3deaabc53e0cac9087b095d82f5c63bcb1d47b530897761cc27b563ceae,2025-03-01,Burglary,-0.079127,51.509607,9,0
244011fc8a8aa6545f2bcb37f937e24e4c8ea8337afff0296b8c3f6ecc616de4,2025-03-01,Burglary,-0.087772,51.510665,19,0
e073182aa21adecb3fc2e266d175bd64ad56f320aac9a3790e563620ec00f5b6,2025-03-01,Burglary,-0.102732,51.513426,27,1
f6d65422db5e5e83cf67497c4097bfc1b26c2ff7be3fdc658951349e91ef65e6,2025-03-01,Burglary,-0.084844,51.510725,20,1
c1f2b4755d99987f997903f6e3bb25f03f41cc29a7b37e38e40e177307600454,2025-03-01,Burglary,-0.102134,51.513929,27,1
9e4bbbecbae4a480093c73d665aa2cc3a626bc4ca7b0f21107d46e3fd10de4de,2025-03-01,Criminal damage and arson,-0.085228,51.51119,20,1
2ccebbcc8472a96a222af1a691a7319bc580a96188de54c16910fc02af2f2b49,2025-03-01,Criminal damage and arson,-0.087157,51.512624,31,0
ef975c85e5b3f8061148f0d3d370e483f67fa1bef23c0f8655be91e3303f60c2,2025-03-01,Criminal damage and arson,-0.09154,51.511896,18,0
d338f085a7b8f348f141956157fb5d836e6244d08f20bbbded629c778c08d8e9,2025-03-01,Criminal damage and arson,-0.077804,51.518083,58,0
54a74fc15870d185b2710d1a54a7fb4bb6391887ef4fb03bf08cfb0be738a174,2025-03-01,Criminal damage and arson,-0.088785,51.517102,55,1
2b0060ed81fcf2f6753f9a5d4e4817bf14dab7f2dc1f8d68d72fbc7c8ca81316,2025-03-01,Criminal damage and arson,-0.101292,51.51477,39,0
a7e256d1b579a93628ad6d6be7d1bed1f74188e646f73152ae92ac2381a9e157,2025-03-01,Criminal damage and arson,-0.089208,51.509744,6,0
bc5b15d458bb84a9a3b59164d8ccff2d1c35a677c7c0b076b9b83fa449d065e3,2025-03-01,Criminal damage and arson,-0.084844,51.5097,8,0
c8c8e5041423a6d1a41e1ba8d2344503a3891486bbd29185aeeb9d497877cecd,2025-03-01,Criminal damage and arson,-0.097291,51.514626,40,1
970b93cb994c13a382bb8cfcfedbc99e85a7097930001d470fa0c5bee15f38b1,2025-03-01,Criminal damage and arson,-0.09583,51.510967,17,0
9541ef2703e75c7eb81f460dc27efeaaa52839889662990d148916764f94838f,2025-03-01,Criminal damage and arson,-0.087157,51.512624,31,0
fb9fee5af5c565162d1c5c1d509a454e7de3882d3cd6c715ce05af57d9d9d0a5,2025-03-01,Criminal damage and arson,-0.101292,51.51477,39,0
c908d4dcca858e670715f023c24a96cbba6b9c25e42a8fe1430b5c8f2ed41222,2025-03-01,Criminal damage and arson,-0.092633,51.509872,6,0
1d97670f809d95a696e44bed2a592fee3287574736886c169e429bce8f61955f,2025-03-01,Criminal damage and arson,-0.097176,51.510836,16,0
7eaf63be7e20b7c7fed261ce374a3bd6fa392beadab26ea0bd1906c01f0c6abe,2025-03-01,Criminal damage and arson,-0.087157,51.512624,31,0
1b21768c55fe2b72ef637c39234732ba7f55c2f5db5f3bb9136a9006343bfd1a,2025-03-01,Criminal damage and arson,-0.081091,51.50882,9,0
cfe2d7c31f1f94276806710178eed422fa4ffdbb8fed59912a32e953fd185ceb,2025-03-01,Criminal damage and arson,-0.082993,51.51636,44,1
e9f738337013d12fc7a5cd862157bb56ebe9c930e1e3567d82a8ed4d306cc474,2025-03-01,Criminal damage and arson,-0.087157,51.512624,31,0
27d8efcde6a8ae827e5751489357fdd5e10ce5fa79dd787fa022e98fce61a348,2025-03-01,Criminal damage and arson,-0.090578,51.509722,6,0
e1a1789c19c97e558686df9af90af8c3043f1af5bcfdf6656edba0656f14710d,2025-03-01,Criminal damage and arson,-0.089208,51.509744,6,0
1624e98650e1a4a55b6a5fed5d5891c203951a56d5516ff98058a9ce8fe7d9f8,2025-03-01,Drugs,-0.088785,51.517102,55,1
313a3573e1e73b0df11d434f1f7a68ce50e7232a245d91b2ca7c8c3007d3550d,2025-03-01,Drugs,-0.082993,51.51636,44,1
8cf9432f9b441d9873106b4177423e4430a0487c01a0c31c49d10844f46ed16a,2025-03-01,Drugs,-0.081113,51.516869,57,1
e328ab8452c38d7723008b52bcb81391d76e81b7355f9b74c7a8d8aad8bef7a6,2025-03-01,Drugs,-0.088785,51.517102,55,1
cdcbf84b5d57df4fb5b13ec619967f5bda4439174f6a75ca36bd0e0a4dcf9e0c,2025-03-01,Drugs,-0.095054,51.510559,17,0
2345742d56dbd020e6a5e0561bcb46f9581050e07fffed336f493a97deeec538,2025-03-01,Drugs,-0.084844,51.5097,8,0
967c345977691f368152e89f379b5a3ce24a655b56e5c7260998a3b65a463f6f,2025-03-01,Drugs,-0.081113,51.516869,57,1
35d0dbcce76cdf234d6a7d8f444a6f333bd99ec2f5133901445fbd4027b8d760,2025-03-01,Drugs,-0.100201,51.513286,27,1
d211a08ae9334db7cd848c46dac0f08cd94e9db8a76a27194c78f97f7d7d35fd,2025-03-01,Drugs,-0.100201,51.513286,27,1
093510ee68244584ec83c27e5586bca9f667afd6c5cb55f7697b9ac6c96ddb52,2025-03-01,Drugs,-0.085089,51.512105,20,1
17034c843eebd22b58eadb170e581fc1642e286715693300bfadf278f86d7435,2025-03-01,Drugs,-0.077563,51.517656,58,0
f638c5564a174345c31029d7e94304ff87360746566ddb525912871d367f3621,2025-03-01,Drugs,-0.101963,51.510761,15,0
d158dc0d698cf2672279a6b54bdfd6d3a34bb11836528ac40b9cecf213631441,2025-03-01,Drugs,-0.092531,51.512658,30,1
e922974ea5ac3c338ef61ee2503454db6b8099c49a0d81c52f7ca09abc09f7d7,2025-03-01,Drugs,-0.091947,51.513188,30,1
0804a5d67143a9b258a12006c3af568c42372672606ceb7a4cb12f9ff94182df,2025-03-01,Drugs,-0.079127,51.509607,9,0
426197ce798ec46806a62ac353aeea6423c9addfe7d9a72173f697de0dc717b6,2025-03-01,Drugs,-0.097291,51.514626,40,1
1dd7879554d197f88d2cb31b1bb3f097b895f6c26b7400d6d01a150b6ae8e277,2025-03-01,Drugs,-0.081512,51.518692,57,1
1ef2a0dd3f8524cc3ffa2165aebd41edd2d725d7b1d5d5fdd50afa0820e3d28d,2025-03-01,Drugs,-0.079907,51.517785,57,1
4517933807477288be34ce362e1f63e5ed2ff4b8c5f5c632d28cdaa0022ec820,2025-03-01,Other theft,-0.077563,51.517656,58,0
95300171fb4c5b89b62193db3018515f5e006049f808c2cc44fa4fdb07e7ca8c,2025-03-01,Other theft,-0.087157,51.512624,31,0
102e7a375394d661303e261f679e52b6d25ed55cdc995f19047af1ee5aff6582,2025-03-01,Other theft,-0.087772,51.510665,19,0
8fb9e6456a0e967a7a734838bcd1464b71c373de818cdf75db0b9283aa83c645,2025-03-01,Other theft,-0.083977,51.510441,20,1
576f01d95eda8c47b68e2a34253928b276a32b141c810a39a2dfd7086b54174f,2025-03-01,Other theft,-0.081643,51.51007,21,0
f39adfc7482c1d67a1e13a04e5cd0702d0e3b07e909155d601b8699d62c0309a,2025-03-01,Other theft,-0.085228,51.51119,20,1
dc10b6178553470743ddc25aa777016ecd6ae6c2e7caec9d158ff5326332c862,2025-03-01,Other theft,-0.102134,51.513929,27,1
4b63e9d787be85cb0248a8900bce9cb7fd0c9a7e04d6578ef353281d7a4ec4e6,2025-03-01,Other theft,-0.079138,51.508312,9,0
b4f4f0a30100eaad4233d3bda2b02b0f938add95058523b2b7df8bad725a067a,2025-03-01,Other theft,-0.088785,51.517102,55,1
dfe7733623d4c09da0f25199a19244fc390e3b1e247558d54e0bf0a8f304117b,2025-03-01,Other theft,-0.086815,51.517007,55,1
8f1f666a1efc017892cf0c3e6ff72ead460d545352e50b7390f8a5691b4e2af4,2025-03-01,Other theft,-0.091947,51.513188,30,1
d7bc23930b8ee58f9d97840265c92f0bda62d7329d2e3f8eae543169f8511998,2025-03-01,Other theft,-0.091947,51.513188,30,1
66d78714f8bfc9ed382ab9d66d817998eb6746c61dbc503d1084efd4d968a055,2025-03-01,Other theft,-0.078424,51.518093,57,1
3d7c26444468d54deccc593eb40f295dd6f611d8edd56f783a5d12d619cfb319,2025-03-01,Other theft,-0.077959,51.511332,22,1
7e3482ee20281376a031b08103b4b1760556658784fc05fa7ae73e4b8bc69564,2025-03-01,Other theft,-0.078755,51.51844,57,1
a7a4ebf496bcf68d3445e392b5f4d7fb4386f8658f300f03d3d967b78fef27b2,2025-03-01,Other theft,-0.085228,51.51119,20,1
53619125c378e8e7d612e2ca37f26974c35c5952c10fc26d073e3e691a44aede,2025-03-01,Other theft,-0.083349,51.51483,44,1
65d0658b7d7875f3d75e41263746b55acb3f382b26828aa617f014cf1ba6c564,2025-03-01,Other theft,-0.092531,51.512658,30,1
6947106f2aec27257ddf4c6a7b0843b197db8eef977f4bcdfab973a49f9d2f10,2025-03-01,Other theft,-0.079907,51.517785,57,1
df6aaf388af8b9da73a521482cc3bb38b48475011a9d14216092f07cb528d5bc,2025-03-01,Other theft,-0.079138,51.508312,9,0
479d2972a99ae97d25493e604311634b5268e2423747028b590613fbcd5cc0e0,2025-03-01,Other theft,-0.078495,51.51777,57,1
ed93188ea9bb9488049f92fcdf2302304ae99812260246e92b6bc386d773af07,2025-03-01,Other theft,-0.087744,51.516492,43,0
f7f1c2e7e02bf98892199c2824d0e7b0e07f571836ff110d5a682d3fedf9b021,2025-03-01,Other theft,-0.095764,51.512549,29,1
736584b6abde108cb9a9da4eca67326e52da4bb61776e028f4de5baec3b8b1d4,2025-03-01,Other theft,-0.084844,51.5097,8,0
74c903edb3659b2df8da6c0f4f9815143551433ce78ce5465510d9a479e11ad7,2025-03-01,Other theft,-0.079907,51.517785,57,1
68b5041f17d1a02ee8841ead166cba4713a79949694900ad8ce31b36444970d1,2025-03-01,Other theft,-0.081512,51.518692,57,1
1e0c41ee9db67cc3f7b99669e8640cbdc5d98eab7040ef6f79bb7b45f569f60d,2025-03-01,Other theft,-0.078278,51.513666,34,1
574c2710e88d279a6587c9b225201ae0abf8b96d2a4cc074277697701a8310a4,2025-03-01,Other theft,-0.079907,51.517785,57,1
3cc71418444fade3822f83854b79d5032758c03f6f9cd379ae48a772790334ad,2025-03-01,Other theft,-0.079127,51.509607,9,0
394991b9417ae5c36cf70e3d0418e3dc39467fdf49344759ccc4df7d66f2f2b0,2025-03-01,Other theft,-0.084836,51.511939,20,1
4ca91f7f37d873c15c14d3dade70273e21f9048f493511c640f7353512d710c4,2025-03-01,Other theft,-0.082993,51.51636,44,1
0eb6e1c54468ded69f56f9ac08681ee4122de096ce72cf038ca9bf171a080a77,2025-03-01,Other theft,-0.084836,51.511939,20,1
4579c593319665c966d62a2c114f89f144581b3787ccf9c4d38c77f662afefe0,2025-03-01,Other theft,-0.07707,51.510877,22,1
733177da7860f47fbbcd88823e70686f3f5e832bc85635e7b3bd14faeaca54ac,2025-03-01,Other theft,-0.079521,51.511196,21,0
49f3f11c877af717773285f253bbace1ff8b0088e3f7d011a57783c04a29c5e4,2025-03-01,Other theft,-0.088785,51.517102,55,1
7c9a139d43cd9ab8d7bd5413b40c00e95344a229d39bdf7047f6dbd982cea470,2025-03-01,Other theft,-0.084754,51.512882,32,1
57a9516b684c3f75f0610c27a3037fe66910c9043ae642724111b1b4fc36fe19,2025-03-01,Other theft,-0.095924,51.513882,29,1
69e90317ce5f2f8df8b217b8d5cd8a99a6fda8c00501e881962217e25ed729f9,2025-03-01,Other theft,-0.084836,51.511939,20,1
0c37834b1d7d7e999f11807697cb358965f9c8e2e95cbab3189573a1f72ed2be,2025-03-01,Other theft,-0.083977,51.510441,20,1
60a45f164bb3e57294e5fc1ae760282410abb30a85172b44896f0cf2b640ac3c,2025-03-01,Other theft,-0.084844,51.5097,8,0
3f81d8865d506765518519d74764180f4c0e97156a4c23697552567b907eb43f,2025-03-01,Other theft,-0.077804,51.518083,58,0
30717b65da656476668145a3c9da3574277c934e6909fa6661ae2fa7dc322d7a,2025-03-01,Other theft,-0.086815,51.517007,55,1
2d9f6e98362e68326badb393d1b3dae3a527c495466ea742927dd519ae37ddaa,2025-03-01,Other theft,-0.078477,51.509965,9,0
068ba20c3b621db8e00871baef90dd09d6c972f5d4efca68c9d9edca1bdd691d,2025-03-01,Other theft,-0.081512,51.518692,57,1
c64b509c282823c8a0254506f5d4b76a07278593ba64e65163820ea66ae147e9,2025-03-01,Other theft,-0.0836,51.509797,8,0
b546e59421eab5a0819325022d4fa69baf29b127a7bcc51956f0c02b86267f04,2025-03-01,Other theft,-0.08491,51.512588,32,1
d085798540c6d4491f6b1d9ac5fe64026f8d438be93803536bb791fcef598f2b,2025-03-01,Other theft,-0.101589,51.513515,27,1
b65b76afa626f18076ed4f037df3e5aff3de999aa8eb166ee55c8d8ec4ce192c,2025-03-01,Other theft,-0.077563,51.517656,58,0
8b4ccc807dfc9087d29a5e6d6f99231bafdfbcffed2bdb0c4966047d0737ded2,2025-03-01,Other theft,-0.101589,51.513515,27,1
f80e76ec50a8f20be8b9b4a0913828c1aa3f52a620480092ef5434cd2d797090,2025-03-01,Other theft,-0.079521,51.511196,21,0
8bd38dbc1f6644c6a9ae31a8b214f166e773f1b40b9e3e5f9d5c6453ac9f04f5,2025-03-01,Other theft,-0.079196,51.513789,33,0
f46260872d0763d3538a07096281e86008ab20e19894abc4b055147f1bf3a424,2025-03-01,Other theft,-0.081512,51.518692,57,1
4a6e5da6f2a8bab43b6bab8b3aaacf36b74d4c7af25673f228828d3b359621d2,2025-03-01,Other theft,-0.086815,51.517007,55,1
6ea67315e71d4c09553bafddea3c85424e386be1bc5e540fa790a92bd5eb219b,2025-03-01,Other theft,-0.089822,51.516103,42,0
63d71ec3e07c256dc4d7f0e794bb76046eafb81bd575d305bd47b3b63801b01c,2025-03-01,Other theft,-0.078059,51.509967,10,0
7e5ab74fa2796d1f362852f1ceb29d9e09d0ce1a59a22cff5ff8847c650faa11,2025-03-01,Other theft,-0.100201,51.513286,27,1
65177790ac1f5fcc67c2dd58f6020df2a9044fb8d63b87fa5bd967f4429a8778,2025-03-01,Other theft,-0.101292,51.51477,39,0
47fb4bf7f245ab124918fa174e0519ea9eecb294774714facc92db19dd66e4d2,2025-03-01,Other theft,-0.084836,51.511939,20,1
9b5bc16683de21fec761c0b950242ba8f2323a5602db805c5fd060a248655e57,2025-03-01,Other theft,-0.102134,51.513929,27,1
82d424bece1b03d1204347cf9d80ce7b93d1f12109eb857bc643ab5c1d5c17fe,2025-03-01,Other theft,-0.087772,51.510665,19,0
b130f2b9f56fa5463ff0a3bca3eb4b1a2e887a6284735becc4f89ad6865b7fd8,2025-03-01,Other theft,-0.086019,51.513631,31,0
064eec93ab6c076bddc2acd74b7c9346c71861a00995f934fde0545d38064f9e,2025-03-01,Other theft,-0.083977,51.510441,20,1
508002eaeb60c1cf2b4140dc0b322aff72fd6dbafe90b38960291f5cbaf2fa33,2025-03-01,Other theft,-0.083977,51.510441,20,1
2892c2bb9f23518bd36e255765b0c00e9bafe42b36412084b8da2ca61734a55a,2025-03-01,Other theft,-0.095924,51.513882,29,1
ffe2a62d107aaf4a910aec7285fe80fa6a11cca1eb9267e1c6c194fc103ecc69,2025-03-01,Other theft,-0.079521,51.511196,21,0
8276fb58750388dd1d0e09a7d2cedb869002590d06b0c79491bc359de5486168,2025-03-01,Other theft,-0.079138,51.508312,9,0
af2462aa8a520c955a87dc42fb59597a2394773cbb4ac14ef1cf1ad1af8eb4e0,2025-03-01,Possession of weapons,-0.079521,51.511196,21,0
93e2b09b91bebe458f35a7a17528a5b85dcc87b8fba86bec8820612fae49c909,2025-03-01,Possession of weapons,-0.086019,51.513631,31,0
7c577f4a53e29df2d3848100a6331bcb40aab816a16e31d7034d0e4639bdae6f,2025-03-01,Possession of weapons,-0.091947,51.513188,30,1
a416d3de4c30a5a0e259297e6cc8c3a4db854ac9154b4d6b1339f69f66b92d5e,2025-03-01,Possession of weapons,-0.081902,51.517296,57,1
dd07f14fda73f78bd8c51eaf79f68b41cf7c2902dd41bfc9ab1322e965527cb0,2025-03-01,Possession of weapons,-0.081113,51.516869,57,1
231f7b57e0d0c060ca7b89489c59ee301afd516ecef2d48d81cf48fa8e212132,2025-03-01,Public order,-0.081113,51.516869,57,1
5283d13ce3427d53bf2063cb3aaf1a519f3df5d5350737499d3e19931b64f2af,2025-03-01,Public order,-0.084836,51.511939,20,1
c36099ae92b505e0ac6cf8fa3fa2e769c59b766f06cb86449a565c77dad96c3b,2025-03-01,Public order,-0.092531,51.512658,30,1
03e2f76c5fcf52023dea87f7ce48ceb7f7f573da6ca3d3a28b43b03f59c3824c,2025-03-01,Public order,-0.081113,51.516869,57,1
510b3bf839f8e9acb4e3269fb2e4a5a40c82dbaaad39fa85b0d85a37254c1764,2025-03-01,Public order,-0.095764,51.512549,29,1
c522b3be90aee41cf437ac98c079469a80fd084a4b569153730c1df5b672c90a,2025-03-01,Public order,-0.084844,51.5097,8,0
5748d3284f41d4ddff430dcaa69c05bace5dea1f6e7087f8dfe09431d8e9de21,2025-03-01,Public order,-0.079883,51.517326,57,1
e4ff7b15961c342992e84d6565db0ee8ac5b0033a0d811c3774d57a8403be0d5,2025-03-01,Public order,-0.078424,51.518093,57,1
cf768e5e7f08854778f370719a27ce09b83e0800354894d2f3c42c50069f73f9,2025-03-01,Public order,-0.092531,51.512658,30,1
bd4a89a009c0d2345fb0c515fbec80a7c3745b981216b8dee9bc5c683a0c550d,2025-03-01,Public order,-0.092531,51.512658,30,1
7fea9c88919a7058be831f4917315159dd7fdfc57f9ca9b7498b4eb1e6e7461e,2025-03-01,Public order,-0.101906,51.511794,15,0
e08ace8f811d43c9904551324672efe6111bd05692c7cd045fd80d0e55ac9ce1,2025-03-01,Public order,-0.079907,51.517785,57,1
ac53f675d610ffc5a0018e346d2427a54039d137b0630a65fd5212363a58453b,2025-03-01,Public order,-0.078755,51.51844,57,1
adca4bffb981704df2f70d34db96505d7829e6abc508ddb4e84cb2ff269fdb22,2025-03-01,Public order,-0.079838,51.514267,33,0
fc15d69962217b205ced68cf44d8177a2f60918caa854346483824c78f8312cc,2025-03-01,Public order,-0.091947,51.513188,30,1
76548a1bb28c23d0dbf60b8ae6d38cc402413a1226166eea48342069aecdbfa0,2025-03-01,Public order,-0.081113,51.516869,57,1
bc255ab67badec80e5955cd51634f9f55a86ab57a93b67e579f61a8a88cb8c53,2025-03-01,Public order,-0.104276,51.513712,26,0
128fc51885aefa0d6c9179c32a89ad3c8857c934fd024a9cbdc8e8cb3d478efe,2025-03-01,Public order,-0.077563,51.517656,58,0
b455ad1132a69036ab0d25ccd23ea1d5b616a50750e0ecfc91e47aae9ce012b2,2025-03-01,Public order,-0.092633,51.509872,6,0
eed43b6a5031156bf317a1c08b2fc9900e04928ac57ebcf576042744863b8b94,2025-03-01,Public order,-0.087157,51.512624,31,0
99a98998c7bdcbe6a0e3adc0d1a4d3fb16515f9f8351b82400078754317a4d6b,2025-03-01,Public order,-0.081902,51.517296,57,1
362e1cc8338654a8cc83d770e8c181b028b513ff6ceea5cfe5564c343e9060a9,2025-03-01,Public order,-0.085228,51.51119,20,1
1bfa6738605a0a5ea1af95c4751d5d6aae3e80c9b0a5caefc0a08a0f03abcfcd,2025-03-01,Public order,-0.079907,51.517785,57,1
8717fbe29c759460d82deac7ee2059dfaa61c6a55f1b779735c723c528e3247c,2025-03-01,Public order,-0.089808,51.517461,54,0
1a528b67e3fec61753e5de7af46b65b4a94a862caf1648ed8c1d1ec2680fecce,2025-03-01,Public order,-0.087772,51.510665,19,0
2462a8ac2f6d30999eb5a886ab2372aaa907a800a6bc4fbf2c8da7e55d02158c,2025-03-01,Public order,-0.078424,51.518093,57,1
167debbb17f0189e681a56566e66ef8f6241594a5250c22ce5636ac3550149d1,2025-03-01,Public order,-0.086019,51.513631,31,0
2707eba85a18715015488c3457a9b23a9a126d3c7bf8b21f6dc945587573b477,2025-03-01,Public order,-0.079883,51.517326,57,1
052205f4a5d19919790a659afa686196171c5654cfdfed7da66580532696bd81,2025-03-01,Public order,-0.09154,51.511896,18,0
6dffcf2eebdbc5f989e7bb80449394f2e22af1dad70f3ca8ed3f576a2f7260f7,2025-03-01,Public order,-0.084844,51.510725,20,1
1fbe0630d94de13e44f910280068e9bf12e0aad6b76e360db6bc7c2a2167e292,2025-03-01,Public order,-0.101292,51.51477,39,0
23f04cfb2db5f83f04c6a73344064f9cd0e26ac03674a2b839b75491cefdfbdb,2025-03-01,Public order,-0.080043,51.521735,81,0
36a44340afa33f05f09061c07d47d075299d82b486896c219a0d3e684d05166c,2025-03-01,Public order,-0.078278,51.513666,34,1
34a58f53d40d4758fbc5acb4bb0594d3e4d47eec7726c83c7dcf632357aa5d0b,2025-03-01,Public order,-0.078278,51.513666,34,1
0ff6ac1e2b2d7729c9325a0d9099348567b14aa41afbf0a1529429b9f052bb3f,2025-03-01,Public order,-0.077372,51.51259,34,1
c58468863b33e6cc88f40a4878e55ffb3a396adc244ece15dbd4cd06a3973a4e,2025-03-01,Public order,-0.081902,51.517296,57,1
f1541d09864efe6c1fcc1ee3d0767ad8338e7750d52e0cb5c2ea8884a56626c6,2025-03-01,Public order,-0.078755,51.51844,57,1
4b4b19f960a204dcf7e8210e0cc0b5e2abd3e1663b2a373b6ccde96a4db31908,2025-03-01,Public order,-0.081113,51.516869,57,1
f13212d67622144f17351489fc5bc172dd39424b045d1ebd0384288a458bb25c,2025-03-01,Public order,-0.079907,51.517785,57,1
2131dc8dde70925345617d7f059e713ce362f1a6977cb50094506ca2c685e2ac,2025-03-01,Public order,-0.085089,51.512105,20,1
a15116baea0fcaa89b772d2324494564a6005569ece03ff58398a4750772bc44,2025-03-01,Public order,-0.09154,51.511896,18,0
294c25d90a254390858eef6af220e4e5683ca6be63a6d6322b142e8bf6b3d958,2025-03-01,Public order,-0.095054,51.510559,17,0
0939b2482043baa020c9d457e82a8f7198955c33a691397e680245625d05c425,2025-03-01,Public order,-0.088785,51.517102,55,1
a26aa6f1c152cd16c7dffbd1749eaec33d57046ed99f8a2e4ca42713b4bca4b8,2025-03-01,Robbery,-0.078278,51.513666,34,1
ef4ab0c5b5b6bfcb70ea03dbf753cc129eb6163a8503d0259008293c0cf56eda,2025-03-01,Robbery,-0.085089,51.512105,20,1
6623e265f181049ac1a587e4f90b15dbd32aef4e5cbb9b7099c95ec2abf5a540,2025-03-01,Robbery,-0.095924,51.513882,29,1
9e11e80a5532413a03f30ee66585ff3805cc90dece6153443f220cbcff838892,2025-03-01,Robbery,-0.089822,51.516103,42,0
b80c8446d46298f55a5571c8e938af75e8afb277f08f4e65305c71b1b21437d0,2025-03-01,Robbery,-0.079521,51.511196,21,0
aad1058e2303b7073847c0ccfff76881d92efef99b3d14714c65696ca0581f94,2025-03-01,Shoplifting,-0.085089,51.512105,20,1
1df8fe5b3b5f6740affa37e009525f8d51c24846efe0febc6ddb461b59a402c4,2025-03-01,Shoplifting,-0.096501,51.513874,28,0
4f320014ea9d2b5190672bb3d236f0057d308c40231b1ccdb9bb47c6a1ac2fe7,2025-03-01,Shoplifting,-0.085089,51.512105,20,1
a8b4e8248771dbf2f824e021cf26abd88d943932b64e0a26413f17a3e624f041,2025-03-01,Shoplifting,-0.097291,51.514626,40,1
b10aa30a483d7506c8c9d10396f744225f40e2550aac6c7018c3bd75a52efd1d,2025-03-01,Shoplifting,-0.081113,51.516869,57,1
7367bd37af2ed6ed7c7f0f5cbd3d347e5a209f0636095b0fd7aad608d16a711f,2025-03-01,Shoplifting,-0.085089,51.512105,20,1
33122592e26695aa327c1af7e8fab7cc6993879c05c59b221ddfcd404ee71ebd,2025-03-01,Shoplifting,-0.084844,51.510725,20,1
3ab28ae40ccbf36fee2a6f57f7b21e1a1a7cecd0e67e0da90bbeec56de9d1a23,2025-03-01,Shoplifting,-0.095924,51.513882,29,1
9a1b3a47b6b0836437bf5bdac198df6a3c45e45a2053cd53db87a1bc56e9e9f5,2025-03-01,Shoplifting,-0.097291,51.514626,40,1
58bc84f4d6a756b131e272932f3df9b9c47c9fcf8906c42d5794f56207d10588,2025-03-01,Shoplifting,-0.097291,51.514626,40,1
bbbee04c18b2db7042169f63d1a384d7a23929cc9a950021ec74d10f8a0172fc,2025-03-01,Shoplifting,-0.081902,51.517296,57,1
3ab08fca3ae3502f4da1a62571368cf6e8c2d53cbde894f06f0dab8482c6a765,2025-03-01,Shoplifting,-0.078278,51.513666,34,1
28c44d394b62af552582a5fdb9757c86066d95ba17d3ec5ab4626ba41576466f,2025-03-01,Shoplifting,-0.084836,51.511939,20,1
c7dcede6037582e9ae1983e2f8ca8cd97af404cad50b886f4ae86b020e1f61c4,2025-03-01,Shoplifting,-0.079883,51.517326,57,1
4dc7e44fce5c54509c704621397f7e79e04602ab8f5d3f03c756c738955ebcf4,2025-03-01,Shoplifting,-0.091823,51.514427,30,1
38878f061e97c53020f074841d06aa40a947dae6c6f755d9ece18facd55ab030,2025-03-01,Shoplifting,-0.097291,51.514626,40,1
8d0cb631552b08b88369ff135cc0665c3f3eccfd13cb9c152658a908112d04fb,2025-03-01,Shoplifting,-0.079907,51.517785,57,1
24dbf2b7aee0314b8adc660aa68f59b88face05fb6bda24dc90f31b464c4220a,2025-03-01,Shoplifting,-0.091823,51.514427,30,1
2580294c42a5594e954b4f0a68a954f43ca0409c3d8a1c477efab9cbc5f1f0f1,2025-03-01,Shoplifting,-0.079883,51.517326,57,1
31a1372ed8decf657f75c28e389123a4e0a6bfbb7d9b8d22bf1c3332f89d7c61,2025-03-01,Shoplifting,-0.084844,51.510725,20,1
8a8a53cc0bc76e48920588d3034a0f214affe79e94dfbb4d3b93efa02e12f2ef,2025-03-01,Shoplifting,-0.097291,51.514626,40,1
f7d143376133f26685003d2f63380200cec52677312631ba7a9501b41e839db1,2025-03-01,Shoplifting,-0.086815,51.517007,55,1
5fe13f82823cb2ba1253da1afe15d1015d4e991a95dfd6a3ce1ac15f44867c1f,2025-03-01,Shoplifting,-0.087772,51.510665,19,0
a8bbee1885e3866e1ec1bdb0928ea4ba45976b4183642d59a5ec2f2a8e33edf0,2025-03-01,Shoplifting,-0.085089,51.512105,20,1
b6098a118567fda0cf7bf91fc3b6d2f863b49b879ba3b7ccdd036c36fe9c5484,2025-03-01,Shoplifting,-0.097291,51.514626,40,1
5b9a7ea96f63eeb4f4a6a6e350e5137e066c4f0494125a44cc495b59faebb297,2025-03-01,Shoplifting,-0.091823,51.514427,30,1
ca0b46cfcfc52f3581767905a9202f51e25031620795552510d370aae86cf6cd,2025-03-01,Shoplifting,-0.081902,51.517296,57,1
c145c3aeb237a8ad8221357617ebcbecf1fdd33d8059af5bc413d3052ac9b61f,2025-03-01,Shoplifting,-0.084754,51.512882,32,1
6022ce7c8a182319b77da173910db12088018a43e45e09ab62fe480c55b40462,2025-03-01,Shoplifting,-0.078278,51.513666,34,1
d872dd839b5c74dcfddbb0fd1a64993f4437695a44ef14edd512945789dc917d,2025-03-01,Shoplifting,-0.078278,51.513666,34,1
e5c8eb6bb97093e5e3b73673a056d6429f301904af34b4c4ca188e67064f2812,2025-03-01,Shoplifting,-0.086019,51.513631,31,0
49c60b3f5f4ff33985f8d89bd6611e766790f4731413ba10002abfcfcc86c080,2025-03-01,Shoplifting,-0.085089,51.512105,20,1
1feebf4404af8fe69c544d3726ad8ee49b318c26779fc54352e03d34066eb99f,2025-03-01,Shoplifting,-0.087772,51.510665,19,0
5b020bd7a12d7c5137c6214cd877ae5466bd27336eebc95e422bdb713e0fc2d9,2025-03-01,Shoplifting,-0.087772,51.510665,19,0
e3fe62acd8f5de82dc8dd1e28c98c7bbb50bbed32210499a46d12174d66a22a4,2025-03-01,Shoplifting,-0.095924,51.513882,29,1
8978b98f276af90c353205f7efb88ddee911f99024bc084b41ff9cf6c7bc6d00,2025-03-01,Shoplifting,-0.095924,51.513882,29,1
625220bcdd8dd5e9f3cfe67eb21d6cd474c2df85a12ad25793414637993e7480,2025-03-01,Shoplifting,-0.095224,51.513736,29,1
acb5370c3eb8e98d694cc88adffb9fb68d47d738ce0aa5e78c5ae5fa816437d9,2025-03-01,Shoplifting,-0.088903,51.510836,19,0
762e0739b596bce1a0fd0d6c1dd5ffd2109b17ab48836ce77b82ece4f9e9ee2a,2025-03-01,Shoplifting,-0.081113,51.516869,57,1
a9367c4a50049733bb2bbb2a1e9fc492b0947cbbd1d1b5343dd950ee0aa0eaee,2025-03-01,Shoplifting,-0.079883,51.517326,57,1
2a5887ea47275e4da67c5fdc7051dc71b6c37adfc2bb047a7d4ffcceda676414,2025-03-01,Shoplifting,-0.084836,51.511939,20,1
90f5533f6bf4487e961cfd32111fa580b2224ca38a21311367842adec44b63bf,2025-03-01,Shoplifting,-0.085089,51.512105,20,1
aa5ac4d707fcf2b703b1d14f42d57201baafcd4641f28a3cde9ef6bfc3174a14,2025-03-01,Shoplifting,-0.084754,51.512882,32,1
2f5a8e273e6c19ef041aecae03086e354c1375ca8811f2021283ae9a864015e5,2025-03-01,Shoplifting,-0.084754,51.512882,32,1
2200604c6090454f1c06e75ea0a25e52fe4f966d8558fce423c6c9f3199260a0,2025-03-01,Shoplifting,-0.081902,51.517296,57,1
e7f3ddb701eed7aafe59a2f0924e0dbeb772a7923c779884f59c06e8bbace09c,2025-03-01,Shoplifting,-0.09154,51.511896,18,0
58924e0ccf74ae4f344b0d0950d2f932fe153ec94de6db9f1c15b55210d845a7,2025-03-01,Shoplifting,-0.079883,51.517326,57,1
5c2fdd3f3f2eb189701c3447590030669732952b50eeb029b586fff571b0137e,2025-03-01,Shoplifting,-0.097291,51.514626,40,1
20cb0db591f6adde834bc101b81154c8b1a9f7f5d5db1f01bcd7b555a486bac5,2025-03-01,Shoplifting,-0.078278,51.513666,34,1
5812de8b25e3b4b8b6b96fc7617747d7fca96d647c3274dad7c533283773fb4c,2025-03-01,Shoplifting,-0.087772,51.510665,19,0
e501fc66df2ed9d05bd8a1aab36ac3aaf6a8c80011f3bff6f794faff9b4be86f,2025-03-01,Shoplifting,-0.097291,51.514626,40,1
126b3ffc0d372f361d971b5c33a4c13b5a925cf35a279bd47ec532b663e02fca,2025-03-01,Shoplifting,-0.095924,51.513882,29,1
3db7402b4205359c9d01292d03e6b0258c51f1783da696fe1b3c75b3dab634a5,2025-03-01,Shoplifting,-0.088903,51.510836,19,0
5354e774017d307bcbe32c04502a3762b20598d011290e5aa898fa4134d76c3d,2025-03-01,Shoplifting,-0.091823,51.514427,30,1
697ca13ed7e004c9dbf7a7cdfd7160a4c3ce004f688a7a5f9fac8fbdde5a6e39,2025-03-01,Shoplifting,-0.095224,51.513736,29,1
c7138715d8e9b5708a391947094e65e5ad1050553340f7f5383742508bd00d88,2025-03-01,Shoplifting,-0.091947,51.513188,30,1
1f907fe0f2ca4646e79a946811dfe1697e7ced86695842fe747904fe85d5523a,2025-03-01,Shoplifting,-0.095224,51.513736,29,1
0ebedfc06adfdc3bf33ad4202bf01fb638c2f952de53cdb5925d98fa6a5287b2,2025-03-01,Shoplifting,-0.086815,51.517007,55,1
118d140d52b1b52e685d552fe6e0f95b860857eb650e0616b2d3533b686c0c85,2025-03-01,Shoplifting,-0.088785,51.517102,55,1
d691681e0dd5d771ee0e2d27e0c4f7be46322630e2ced2c7163d6521dda041b9,2025-03-01,Shoplifting,-0.079907,51.517785,57,1
0b7865f429e81f898a1cf5cbd218f1fbe527d8300a4a0551ab32d1e63a6d9359,2025-03-01,Shoplifting,-0.095924,51.513882,29,1
ee8e8fdde6d58913a46f43b81bba0896632827b67a41d64de3325fb7e1bca52e,2025-03-01,Shoplifting,-0.078278,51.513666,34,1
f362c609b8c4ad56c24a2f073579365a5d1bf09ded95902d661c024962460aad,2025-03-01,Shoplifting,-0.097291,51.514626,40,1
c6281f48c92395fb8d38feaef99dfa69bab60b002ab9020cb9d7dac9b96f7a06,2025-03-01,Shoplifting,-0.100888,51.514448,27,1
d2c974c8b5a5e56220af06cfeb77332e6e32070349d0205d6280608e59b01219,2025-03-01,Shoplifting,-0.09446,51.512024,17,0
830df1b2dc61063197ddd28c43687db4992b07989360b59c15d0528722075c7b,2025-03-01,Shoplifting,-0.084754,51.512882,32,1
0b41eff703e476ec633cf3d3cc1c95adc1c966d79661d2b70e683b886f5e8b5f,2025-03-01,Shoplifting,-0.089822,51.516103,42,0
4c5eae863f8d777a08cfbc1ce1187fbb32e8300a7b79c9575ac0fe4e123f67f8,2025-03-01,Shoplifting,-0.083349,51.51483,44,1
6a29aff13d57f5a8ad47bf86b68979240a4aabe39361da48e43174c115b91839,2025-03-01,Shoplifting,-0.078278,51.513666,34,1
05bb0280854bb27b7416451e8077d1fbc093aabce77198debd7a2175ce679787,2025-03-01,Shoplifting,-0.09446,51.512024,17,0
43be67b67f5b372647816a3dda25e8f11ed8519cf69ff9e584866c12dc36b171,2025-03-01,Shoplifting,-0.097291,51.514626,40,1
6eb28a123986e476a29b31336144f247502c01f372896878eff9a2d41d937c38,2025-03-01,Shoplifting,-0.079907,51.517785,57,1
393ee30c520e09fbc8405fdc4f89026481a02e17ad2382b93ee1a5b610d172fc,2025-03-01,Shoplifting,-0.084836,51.511939,20,1
3b8dcf0ae3f5760e5a6e0cf5984561d3eb605a957927ea5c27a153ec0ee20f1b,2025-03-01,Shoplifting,-0.095224,51.513736,29,1
d1ace258c82aafe43b5d6d380303b8d4d1ac9ac6f676e6d52b42926a8464d25c,2025-03-01,Shoplifting,-0.095924,51.513882,29,1
80543fc828b76beac36447772272079ff86f9d2aa071f5338c5a03a4944a6c54,2025-03-01,Shoplifting,-0.082993,51.51636,44,1
236051b59b93f4975c253102bcc3b52d50353719b86555bfe15e11938bdf8fa0,2025-03-01,Shoplifting,-0.091947,51.513188,30,1
307b512b0ed9c4eaaf76d89f844ce404f3297362d2274e475f192fe15ac89546,2025-03-01,Shoplifting,-0.081643,51.51007,21,0
65da042600434d693a16048432a74ee2d6dffba53c8be41fe26c8b57e434f3fc,2025-03-01,Shoplifting,-0.084754,51.512882,32,1
89717f33827fa2bec4489bf8084d328fbea51297882cff8aba9e33ffd540be9b,2025-03-01,Shoplifting,-0.084836,51.511939,20,1
5ac0fc7295a664e4b177f61c3b969c6210e234242b240cff8f42fce890c0fa87,2025-03-01,Shoplifting,-0.095224,51.513736,29,1
d147408eb868c32bbb73c32535bb4023d9f964931de61e54e2c7cf9198a05244,2025-03-01,Shoplifting,-0.097291,51.514626,40,1
0b34973d07b95de0df3ef746f491149a078c19b89e10a30151788fa2195ce623,2025-03-01,Shoplifting,-0.083349,51.51483,44,1
65d9b5bc4a85db37f18ac7ccf3be6868a5856f0f9c4f2d507d7d4342bf48afee,2025-03-01,Shoplifting,-0.097291,51.514626,40,1
853e930e496df1e7d4b1baa023d62476c8bc826e75023df16e561e5861a07623,2025-03-01,Shoplifting,-0.084754,51.512882,32,1
91f6a774667d7846d424f263d0f83be4f51f2ab3cec7e987586d6a999a8f71fb,2025-03-01,Shoplifting,-0.095224,51.513736,29,1
ff137eefe1c3e6dd1279d5203d41560e10502350cd7972a3e832c9383a0fad07,2025-03-01,Shoplifting,-0.078278,51.513666,34,1
d2cbcdd4ed9aa46f7b2c73a549988dacec82d6eea73ffb641b9f145ce94bdc58,2025-03-01,Shoplifting,-0.079883,51.517326,57,1
646cfa7e325e7d90ca7a033686c05d8e4ad128144e5f242a2561eadc7009f010,2025-03-01,Shoplifting,-0.097291,51.514626,40,1
36d6b86a164ee57ec6d93c2a0d2910838e1e7d27659508e78992dbbdafa5d573,2025-03-01,Shoplifting,-0.097291,51.514626,40,1
0c3ac14e5252e45ab51efc4eaa264b726199ed068a5658498f30e3c166ccabad,2025-03-01,Shoplifting,-0.087772,51.510665,19,0
b34adbf4d73b79cd6e3da1e933b552044b24d1205aa92a357a0a9e884607acbe,2025-03-01,Shoplifting,-0.087772,51.510665,19,0
0e94476d409f6b5c6d82b970bef3fa22b8e2c41ba868ea0fca089218edad2e60,2025-03-01,Shoplifting,-0.097291,51.514626,40,1
0dce3068637778f0905c2d8d6f440a676fad342f909d751337a2dd2796241c9e,2025-03-01,Theft from the person,-0.083349,51.51483,44,1
a64409db13caf8efaa6916833744c94f9b608a8b355fdafc3deec4ad0c5f9ac4,2025-03-01,Theft from the person,-0.09154,51.511896,18,0
7ab4afd1a69e8f32e235c607651c37e4944d087207e6166305aac28ed8a77a00,2025-03-01,Theft from the person,-0.085228,51.51119,20,1
b58e344a4c3c12a08bfaa90a6e87bf0c09b7f9d69c55ebdedf93d72af67d421b,2025-03-01,Theft from the person,-0.077959,51.511332,22,1
05d0559bba97cbcce5dd46dd005dd6075c527a542c5b9598b4eacc838b48922d,2025-03-01,Theft from the person,-0.085228,51.51119,20,1
f512593d970306b10a77f7976802664962170fe0e0f26b0cda73553ea9b9598b,2025-03-01,Theft from the person,-0.09407,51.513079,29,1
6c0a5f62cc715c47ef4e3715f1981b9cf2a0762455174783e39cadf3dd5a0100,2025-03-01,Theft from the person,-0.09154,51.511896,18,0
c108608a6ac4f8788150c8b03de07910cdf616c3de94e1d9c21bb65eef6f2185,2025-03-01,Theft from the person,-0.104276,51.513712,26,0
a786c863bfd3aff7cb944668e91809c5e9d8bbc7d6b984e0bd8eace5dad0186a,2025-03-01,Theft from the person,-0.095224,51.513736,29,1
8446117345e08c6317d285da2ec63c5fdca41841c7deaef1ba955ae1f95aafed,2025-03-01,Theft from the person,-0.083977,51.510441,20,1
d97a74865fe4efff55c193c8c712eb9e02d50cb59a354f3c4060239c8b72a9f5,2025-03-01,Theft from the person,-0.086019,51.513631,31,0
c39a0a887bc2477e62c1d49a759270954521ba2c775cea0bf0097901f3dbfe7b,2025-03-01,Theft from the person,-0.102272,51.511656,15,0
e7bfdbea35aaf4d8bf33d77decedfb94f34367f0c6df7dc3fc758ef6e0f82c0e,2025-03-01,Theft from the person,-0.084844,51.5097,8,0
1a515749b0faa09874e62d2b5682d483e92506c72a41054f031a4ad54a0e171a,2025-03-01,Theft from the person,-0.084844,51.5097,8,0
3526815789a76237d2f685f14bfcbd7cbb7c0ca308ed6d2eabca3fe40fbe9348,2025-03-01,Theft from the person,-0.088785,51.517102,55,1
07acce0b2841d0259be63231242a1656e23bf3d8901ad74fc05b4585fa1d959e,2025-03-01,Theft from the person,-0.081113,51.516869,57,1
15860021099e8a620d918cd01e98ac5d69066b111cc76b0ce4b394f35f398b97,2025-03-01,Theft from the person,-0.096501,51.513874,28,0
8743b1224aba00920b155c085cb271189b189209ba23ec0dc80fe475855fb10d,2025-03-01,Theft from the person,-0.085228,51.51119,20,1
515fd4f5d4516637b60e190c9cf134d7cfd5be4d05d5b7f427c444c86f38fab5,2025-03-01,Theft from the person,-0.081643,51.51007,21,0
cc1aca5d4389dfea10a052fb24900329a9ca6e5eb4b861336c5e048e438f43d1,2025-03-01,Theft from the person,-0.081113,51.516869,57,1
9040470d7048f1e718118920a98c1685cd3d42c1784612a9cd51b42f5410fcb7,2025-03-01,Theft from the person,-0.081113,51.516869,57,1
d8f92a3208f33ee7310f8db8c67f03094cb6a5fda342e5d425b424d756dcf1f3,2025-03-01,Theft from the person,-0.088785,51.517102,55,1
c41eadeb8107c68e1a0995d12c1296fbdf54716db1ff9d0ba41fb4dd99a79dfa,2025-03-01,Theft from the person,-0.081113,51.516869,57,1
16c9728b1dc268ee9b53660c8ff3eb80055386211502716b21e6b3c1f96ef983,2025-03-01,Theft from the person,-0.096501,51.513874,28,0
138cdc5bd7eb701b48f6fca7c2fcee547d7a50479c0f0cbd2dc10ea439f76ec6,2025-03-01,Theft from the person,-0.095224,51.513736,29,1
648be29aeb77845231b264c578238ac7af97a2761417b804bf2ce08d9d7e381d,2025-03-01,Theft from the person,-0.088785,51.517102,55,1
fad91784ec645ade5cdd63177556782f1550347031b5456db46f07612d8f0b20,2025-03-01,Theft from the person,-0.081902,51.517296,57,1
c3bf764dd987f8c9f4b6ab888c22aa52c17199f4b391ed57950ec6d4c8f7ed5d,2025-03-01,Theft from the person,-0.100201,51.513286,27,1
6c2ad610b4d2c104d3bb5ca25a711d2b57a606677aa2c15c8169c1429e60b233,2025-03-01,Theft from the person,-0.095924,51.513882,29,1
5226f326d87a10bf2d7a28d639e3dd16d02719c11bb4a3304382e485f81550a0,2025-03-01,Theft from the person,-0.089208,51.509744,6,0
df19ce4f7bd40512aed5e6371528f976c3c3ba45bcf4220d5312cc67d7119492,2025-03-01,Theft from the person,-0.084836,51.511939,20,1
f5e9f4427dfbd620018990622fae9973a36a0fc08fc26695c8f97caf2e2ff2fe,2025-03-01,Theft from the person,-0.088456,51.514975,43,0
92e2e39fa3568c4bd63a3b0151592042dcf64dad6cfea1f26786891e992ea2ff,2025-03-01,Theft from the person,-0.088785,51.517102,55,1
862d6a7c3f0f0bcdc0fa7fc4af6beaaef1df1acde12de5b40202dfc7a91d77bc,2025-03-01,Theft from the person,-0.086815,51.517007,55,1
2f92e714edb078dfc68424fe5e6c067dc1056fa7bbea5fd4c0aadbaf03d6134e,2025-03-01,Theft from the person,-0.080291,51.514814,45,0
cdfa1b3602afd75f9909247ddc1155655d5698e3d79de7c2e0094d14bd95dd2c,2025-03-01,Theft from the person,-0.097291,51.514626,40,1
f12bbdf5812578e3cb0341a75b44405b59981d3ea476ab7280fa78903be3f16c,2025-03-01,Theft from the person,-0.089208,51.509744,6,0
c7546b0c7f96aeed66b304bcd595a63b25d28663688fd51b0ef7220cb27a57c8,2025-03-01,Theft from the person,-0.084836,51.511939,20,1
a0715cfc81cefd1d29c45274d94c115b8ef35456da14d67b0763367027d8d6e7,2025-03-01,Theft from the person,-0.095924,51.513882,29,1
f7a0ab46bf0083ed49edade63d5103beac9a81966cea1b63807fe82609389dbb,2025-03-01,Theft from the person,-0.095924,51.513882,29,1
a0f872439fdc32a82605d4f6c1dd5aaa6373363a17f66ed35595065ac451e03e,2025-03-01,Theft from the person,-0.081113,51.516869,57,1
309bd607e04d141efff37025c7f8124f2609da70219b914a13542b6185332e1d,2025-03-01,Theft from the person,-0.101906,51.511794,15,0
0302c5abf03cbd6486b43b853ba0df2a889b485f6ff53434168a20d4e5a9d290,2025-03-01,Theft from the person,-0.082133,51.515222,44,1
2d98ea1c9c46bd6e1bd6caeb7bfbfdfd220f84ad87cb5fe9dc63b2fbcfa09aa2,2025-03-01,Theft from the person,-0.089208,51.509744,6,0
3a062a03982d73d650bbf288860c6b795fa0fad8f391ee71a80280d4510c93b2,2025-03-01,Theft from the person,-0.089208,51.509744,6,0
b613dcbc703a72b936018245aa410a6bb34f8cf94f7a0905b6c380033d295635,2025-03-01,Theft from the person,-0.09154,51.511896,18,0
8a69b133ac49b3a7145b4f4e5e1fe442bb547ec77e00c6f511ab2c698a3c7aee,2025-03-01,Theft from the person,-0.081902,51.517296,57,1
ef4f1384453bdea2374af8c769bad18d9a954111ad2b5f42847fa8ccd5a5da28,2025-03-01,Theft from the person,-0.086815,51.517007,55,1
a0dd0a36c32bd8a038576d6b1408d329c582318f35330a2632f6091a65cc5066,2025-03-01,Theft from the person,-0.087157,51.512624,31,0
279aaa37c1762d9831d21e740983030594f1d3bb36f3f944a36c5729a2e1f6a9,2025-03-01,Theft from the person,-0.086815,51.517007,55,1
c873f49d90b7849dec7c02a46eda7d15a41a191addd0d3ab2f773c08413f5c12,2025-03-01,Theft from the person,-0.081902,51.517296,57,1
44276bdfce68ee83f5f59a907b5ecd390855cc0344e36bd1fceb5d971c28a19f,2025-03-01,Theft from the person,-0.101906,51.511794,15,0
f05f7845ebf05a1a30c3b075c64ea1e5b75e68267f059f061b92853d33868dea,2025-03-01,Theft from the person,-0.095924,51.513882,29,1
52c800c30d5150f19576162c43818af8bbba35fa295fe5550b710503e5b430c3,2025-03-01,Theft from the person,-0.093339,51.511557,17,0
23948238056606200179ce4132beeec506254f882c7f8d651304ca801b10f769,2025-03-01,Theft from the person,-0.080448,51.520689,69,0
4deff9bb90216b306ad5c40ad1c7942563511eafc3b23c3f70a33f5e2522adac,2025-03-01,Theft from the person,-0.095764,51.512549,29,1
03535147c7a13912c6e89c276c02e330f075e6bff0eb922fde885bea4f4185fa,2025-03-01,Theft from the person,-0.09154,51.511896,18,0
e7a597929fc6d6a735da8731cde27f4b4849e4dba6b50613dde303e79561ce7f,2025-03-01,Theft from the person,-0.091947,51.513188,30,1
53045adadb6902f06d426f6f22f7fe63c784920898bcdf643e183cc320b5faf0,2025-03-01,Theft from the person,-0.0836,51.509797,8,0
6204c1eac8fc4296930fb0c7479b41ef0e9e102fdfea9db868104188fd586293,2025-03-01,Theft from the person,-0.101393,51.512685,27,1
9d11eb95235e1a7ef36a1d195578d5537802ac1cf44c6737b9fef8a349f72bf2,2025-03-01,Theft from the person,-0.097291,51.514626,40,1
efce745da8981f39abcb35e875d250aa81ecf65d24f2c32f705b797a0bb3cce3,2025-03-01,Theft from the person,-0.095924,51.513882,29,1
d024f499299638097d44a3e34a25a2e8138ca3047c3dd0c7abb971d380e87d1c,2025-03-01,Theft from the person,-0.097291,51.514626,40,1
81d6cfcc1bbf4ae2c4bb643e50df5c32da1fbeb4fd65c3fd2be52fbe880fdfef,2025-03-01,Theft from the person,-0.089208,51.509744,6,0
82673d9dcbcc2eea5f44df557d79110e8d864d20329feb5b0166f3962cc94c9c,2025-03-01,Theft from the person,-0.077563,51.517656,58,0
42d525554cdd16fb9b679f935757bef9af0b639ddc46cf8919c88740fd4b7466,2025-03-01,Theft from the person,-0.09141,51.510167,18,0
93172506e43d070ce84de194403f23196ac34c3fc5dc711238f6a72b9cfeed5d,2025-03-01,Theft from the person,-0.092531,51.512658,30,1
c1fb6dc0a5c2fa7ebabcdad79aabcb217a1a341ddb5a60d744fc9439d1aeb683,2025-03-01,Theft from the person,-0.077563,51.517656,58,0
672a4fe72509f1500d6ff2c070ab343d69ac476e77a9ce61ac6bfc0fede6b3ec,2025-03-01,Theft from the person,-0.095224,51.513736,29,1
9e4f974e3666cf77fdc4f1042064f0953353436d287d9073f1a2cc89f82a1912,2025-03-01,Theft from the person,-0.093339,51.511557,17,0
740683d4ba4fbacc442b0a2ab7f9d9db174afa8ca54b624ec13c529ab0f829cb,2025-03-01,Theft from the person,-0.095924,51.513882,29,1
6bbe5c35b1ff645785bb5ff9726048acd3b84ffb9e2f8757fa683589e38a666c,2025-03-01,Theft from the person,-0.085089,51.512105,20,1
f39bc6a8ab0fc88ec4bd390cc38ceeafae8cccc5727713411ea0c2518d13bd7c,2025-03-01,Theft from the person,-0.101906,51.511794,15,0
2176f83cbc34ff253fc36b0e69a54bb64b6df2da39ea432f7c8606ed2ebfed43,2025-03-01,Theft from the person,-0.089479,51.510864,18,0
59ad13535d981cdd0b7d118157f07219bb703aa45995f4dc6dcb220a14410bef,2025-03-01,Theft from the person,-0.101906,51.511794,15,0
7958dbd3e5f2abb5d8eb89d5b65cbd194c8219e76d7457e09e3935e73bb87bc9,2025-03-01,Theft from the person,-0.091947,51.513188,30,1
bccc688ad497f67b0816c95c306ae8a275ae495e34c6865a9be5bc064c129d1b,2025-03-01,Theft from the person,-0.081902,51.517296,57,1
ac5b29dd9027aad44a75f85bee8308e65a6cd30208434068ca0ec3f146ed97a1,2025-03-01,Theft from the person,-0.096501,51.513874,28,0
9f3ba46690bb9d7c6cafd00f03fee3f012b3a96f67a1899ed32e66a9a4967044,2025-03-01,Theft from the person,-0.095924,51.513882,29,1
da69f152f55d665f1064690ff68608e4c95a8fdb4ecbec763c017f08487baa0f,2025-03-01,Theft from the person,-0.084844,51.510725,20,1
895111ba3ce255bba180df2c99940905365b7660db99ed08443fccfea6248ec7,2025-03-01,Theft from the person,-0.078477,51.509965,9,0
0519cdcec87c72c5e0c687c05e3749d9c7fae7123a5ef3c7d933c5fd4f317fc8,2025-03-01,Theft from the person,-0.078278,51.513666,34,1
baef6c0ce8ee680b464594182cc6432877287f10cca759d1b27ba9b2af143b88,2025-03-01,Theft from the person,-0.081512,51.518692,57,1
73857277d2d01097995b864f216e01dbb3fd1485469743d709fdd0c5fe3f079f,2025-03-01,Theft from the person,-0.089808,51.517461,54,0
8c1586a3b9144c1d556b451466ef37f06a821c4702c2ddfcb9cb3688558580ba,2025-03-01,Theft from the person,-0.083977,51.510441,20,1
5a7c595ffea74525b0edf4e8d2ac6979e757c3240090786023e1cf1126529e96,2025-03-01,Theft from the person,-0.081902,51.517296,57,1
239a3d3bd0afa3e80f4748752af43d2574f62ca9b3c8fd3e7c29d22bab928a93,2025-03-01,Theft from the person,-0.081902,51.517296,57,1
9ab2b88ae6c0e5ae24d0c34ceea9f840d652746d739882bab69dcca28c1c1c16,2025-03-01,Theft from the person,-0.083977,51.510441,20,1
86142dea5693c6ad79aa0fa79dd453335b3bbcc7ba8240d9960277cb71338ec3,2025-03-01,Theft from the person,-0.077372,51.51259,34,1
9a17495bf11271cb620e47acde31cd88687d5039ac8c1ef69f62c6082b7a042d,2025-03-01,Theft from the person,-0.086815,51.517007,55,1
e6cc22f98a859e1f08d2ba754d89fdfd5da9f554c22beac9f206ad5a04b4bb7d,2025-03-01,Theft from the person,-0.100588,51.512636,27,1
a61d035878aa373ffe6b14f7996d693a0050e1caafc593b523c8a2fae83b0276,2025-03-01,Theft from the person,-0.083977,51.510441,20,1
2d36170ac654a457e8e9f7928b9c22a47be75f328e0dcf52fb210ef5a5b30531,2025-03-01,Theft from the person,-0.0949,51.513209,29,1
323fa440020173818d77e061debda650065786c43d310ee3631cfb313b83361f,2025-03-01,Vehicle crime,-0.092633,51.509872,6,0
663217029c25ce0f79b157fdeb20fc6d1a57cba5ef5de6aa54b966e5b802d6c4,2025-03-01,Vehicle crime,-0.092633,51.509872,6,0
db472c815341a74d3dfc12d3f09183771e87bc87a3f6611944e7f73e102173eb,2025-03-01,Vehicle crime,-0.092633,51.509872,6,0
7c8dad96c8ddea4a868079a89ec161d5994c55d1c2cf63901b23111a755e6764,2025-03-01,Vehicle crime,-0.092633,51.509872,6,0
e392cd86744cffb1145807531a2e423507fbf552ed717adf0465a4d4fac798bb,2025-03-01,Vehicle crime,-0.092633,51.509872,6,0
17f7900a3ebb9c783d0820d42ed440b9f5684b32cee7f2881a693034b80f41b9,2025-03-01,Violence and sexual offences,-0.081902,51.517296,57,1
73ea61053dad5cb54ea4514660a34dc558ce16e3b1277c01d9d7f56e61bea589,2025-03-01,Violence and sexual offences,-0.081902,51.517296,57,1
3f1da0a03a0db3e9d15631a5caaf560898c0967f6b790d7a920fbaf2943c3fd3,2025-03-01,Violence and sexual offences,-0.079907,51.517785,57,1
447c8883eb84d70b3e438dc24d684fc6d4faa902c97820cdf7334ba23e9abbc6,2025-03-01,Violence and sexual offences,-0.081113,51.516869,57,1
2216e16555e97d9b2ce11a6b91745dd3e10ac1a00a58f09e49421ae5a1a01e82,2025-03-01,Violence and sexual offences,-0.101292,51.51477,39,0
400e4de11261ae75b3bfbcd8294c634b2fc17d7cfa3388568c27e7901c860031,2025-03-01,Violence and sexual offences,-0.081902,51.517296,57,1
439d340be05e0c4a57072fd92514da404c378c7e8ee514f00d9af0e31c5654fb,2025-03-01,Violence and sexual offences,-0.081973,51.515948,45,0
81ea2af2d56ca144805b003d6b3dfcf153ffa3edf3c1bcbeb08b8dd4da24bced,2025-03-01,Violence and sexual offences,-0.095054,51.510559,17,0
e722aab3f03195583fb9e00498e426d7c8aef1bbe53d532c9f9d849ffc68ba17,2025-03-01,Violence and sexual offences,-0.084836,51.511939,20,1
55afe84e255d8b3807a2bbeb795cdffecf09eba24662ebcfeaaf033b9049e77b,2025-03-01,Violence and sexual offences,-0.091823,51.514427,30,1
dde5221b0f45d52952221daef7ed9342219ffde64a98fd3ace599ee0b9e5bb9f,2025-03-01,Violence and sexual offences,-0.096917,51.510823,16,0
f34b4b6c0e206a4d1b84fc6e1abec6f1556b45a8347d82be983e9c10c6263247,2025-03-01,Violence and sexual offences,-0.081973,51.515948,45,0
9e386d084fecfcc98c1cea201931765dc89ed7c61af7b2c431e8f2d6b658b9b7,2025-03-01,Violence and sexual offences,-0.081973,51.515948,45,0
6ca719e153cfc480a0871628a44391ada6455bbdbcce2861f6b0be46c15f0b00,2025-03-01,Violence and sexual offences,-0.092531,51.512658,30,1
a666230c799db7b3cc4a55dd3708d571e8ab287ea87b9629de867d1a643ad353,2025-03-01,Violence and sexual offences,-0.077804,51.518083,58,0
917755b2d770df7230cc3ab460c967c0c20e415039e0cee0755f9ff4d67b2b05,2025-03-01,Violence and sexual offences,-0.101963,51.510761,15,0
0a9e041c4ff8101a1a6dea079f0d09bc7db6272c6f9cbeb95e5b83b17b435c31,2025-03-01,Violence and sexual offences,-0.085089,51.512105,20,1
1ade6052d35712585c2e87267f28660919e59f80c838e1a175b26c558774346d,2025-03-01,Violence and sexual offences,-0.079883,51.517326,57,1
c2c230923982e74e5ece1d3c96e961b383d80bf6ce60e00808df88437647bb68,2025-03-01,Violence and sexual offences,-0.079883,51.517326,57,1
b591ed3553e2ad451651c19ff6f7cb15e7cdd05589128c23184146d37d041bc4,2025-03-01,Violence and sexual offences,-0.104276,51.513712,26,0
4caff0f11ad0d391bf05bfac2a1ec3b76e34c7f66d1c4338f3f7cb6b285ef0c2,2025-03-01,Violence and sexual offences,-0.082993,51.51636,44,1
820867cf8fda387fdec5b8dae92b943d07632d8e776bfe4c1855c58e8d2d60ca,2025-03-01,Violence and sexual offences,-0.081113,51.516869,57,1
fadf23181356b402628c6d513e3cdd3551318fc55df1e11648dd9da198691a90,2025-03-01,Violence and sexual offences,-0.087157,51.512624,31,0
350cd46439a3ef6add5e6dc69d247568411212969d62330a3c016a09a88dc0c8,2025-03-01,Violence and sexual offences,-0.085228,51.51119,20,1
38864ccedd440adfa212e26309cb15f39bd5614c6f734fc7c2cbb2ff1460c1b1,2025-03-01,Violence and sexual offences,-0.079907,51.517785,57,1
983e405db2cb21f98829d3d8ad170d408dd50faa32418fa9a22fdffdf3040e8d,2025-03-01,Violence and sexual offences,-0.081902,51.517296,57,1
c2e78b64fb07ab4ff976faf65f1bcce74481b380a56a83cc27287c65fce4a3ee,2025-03-01,Violence and sexual offences,-0.081113,51.516869,57,1
80b3196e0b0c695120c78560a87ad586f901dc7280350e73cebbd2e26ca7430e,2025-03-01,Violence and sexual offences,-0.091823,51.514427,30,1
fac7b910008dc45d548a4a108630465946857a004f743025e35e6e648717165f,2025-03-01,Violence and sexual offences,-0.082993,51.51636,44,1
3faa0212fe0ccc157a58afba8b198d0dcbd9df5c2163924aab5be48d4b1da084,2025-03-01,Violence and sexual offences,-0.083349,51.51483,44,1
67785ea68837c27569157648fea728b84ca26f46ba75137afe328b707c5e10b9,2025-03-01,Violence and sexual offences,-0.082993,51.51636,44,1
cb4068d9810f26feb89ce0cdabff425e0ac48585c607d84f2b1b8f8a342e7454,2025-03-01,Violence and sexual offences,-0.0949,51.513209,29,1
6b6c8cc5073351d3a894ab10b1f51c5be6b539f0046f2f74e139e7f1fa219176,2025-03-01,Violence and sexual offences,-0.09583,51.510967,17,0
0db12f775b108e9c66f341ca41c7d3141666d57ad33774723a03d38afdb19485,2025-03-01,Violence and sexual offences,-0.086019,51.513631,31,0
a6624dd3293c43c1b951335c3f107d445c2da83504ab1ca2676c1cf6903e9489,2025-03-01,Violence and sexual offences,-0.078755,51.51844,57,1
3954eb7c23f0d173425191c1e3229395c4a85b6327052a3e08b5eda1bf1a64ad,2025-03-01,Violence and sexual offences,-0.079883,51.517326,57,1
dcee698dbc38cf15315aa8b1cb49c0f276695f56357b03f21d945462c8dd84f3,2025-03-01,Violence and sexual offences,-0.079883,51.517326,57,1
fb17f04d1a4d2a1ac4d6c31bcf9ee3d83e1b3674b262b8cbb5bd9ae651b7b77b,2025-03-01,Violence and sexual offences,-0.07707,51.510877,22,1
0532dced3cc6de5a08b1240af05fd12b47209cbbee868a4af9776b77e0000dae,2025-03-01,Violence and sexual offences,-0.100588,51.512636,27,1
354f0f6e56bc4a42402220af9eb1509109682535ba1ba40791a3aca3ac4d47cf,2025-03-01,Violence and sexual offences,-0.084844,51.510725,20,1
3725952f42d9a7ab022c4f1720e6e9881989e739c86e3f9996592cf302c2b121,2025-03-01,Violence and sexual offences,-0.078755,51.51844,57,1
65542ae0bd673bb9e8fde2bee2b6d8b87bd3ddb744271d69d5b33a0a520b37a6,2025-03-01,Violence and sexual offences,-0.086815,51.517007,55,1
acd69cedd67263f64677ae667817585291f6ee5a3df1b62a576dddd372297eaa,2025-03-01,Violence and sexual offences,-0.086815,51.517007,55,1
e98d55e1bec54a480a23ac8206cb6e6eeffb9f5dd37df4373a976c609a1fa7d4,2025-03-01,Violence and sexual offences,-0.084754,51.512882,32,1
769ffc46715a7f6e0b31544f2e972f674c1c3e34f55790bdf2a39c34b8a3191a,2025-03-01,Violence and sexual offences,-0.079907,51.517785,57,1
09f7f97df35cb8ceedeef51d07ab0d06f3295e505c631665a781773398c63268,2025-03-01,Violence and sexual offences,-0.079907,51.517785,57,1
de44681eff39166218b282ce9f86dddf2180ba2e51b86e7334bb0eafde05bdcc,2025-03-01,Violence and sexual offences,-0.084836,51.511939,20,1
3f8b14d6ab0a55bad6ab774b58bbf93c11e08c84ceabf702ac5bdf63ae5675af,2025-03-01,Violence and sexual offences,-0.0949,51.513209,29,1
8744029d32a00f8e1f58daf85a9d634dfbc9c614afc1af2cdedc17daa9d96744,2025-03-01,Violence and sexual offences,-0.091947,51.513188,30,1
7884ad767067163780763d728fded65eb5560196f284b17b005fe5e17f07efcf,2025-03-01,Violence and sexual offences,-0.081113,51.516869,57,1
7d876f2df41efa71daa20843d1c3a47e163d748e7d968ef65479537ad8a6ce99,2025-03-01,Violence and sexual offences,-0.091947,51.513188,30,1
66acde4609930cd19e3d09fde9cb73723fec27fe971a619f5dda2cd2ebb0837d,2025-03-01,Violence and sexual offences,-0.084559,51.510316,20,1
6a4367b33123e505bff18f31aecb0366935a7ea414152959e88d120401e0625a,2025-03-01,Violence and sexual offences,-0.084754,51.512882,32,1
1476e98ffde1dd3cd4d291fc9505c564bb26fb86025ba1ee85d20dd732c9b06c,2025-03-01,Violence and sexual offences,-0.081113,51.516869,57,1
649a34f7f4172c8fcbd0a1b9c0fb550449ae816e42fa4ea51a32ab79bcad55e8,2025-03-01,Violence and sexual offences,-0.079907,51.517785,57,1
715d8f99b3be40171d56837c0af520b002d47bbadc299cf5cae346df4a32a956,2025-03-01,Violence and sexual offences,-0.101475,51.511077,15,0
13fef56e5e439d3d1f9e0eee4b52a0c459707b3c4b5a49a9e18fdc71f32366de,2025-03-01,Violence and sexual offences,-0.081902,51.517296,57,1
a1b42a5ce3df024b56b75d44b7b9616e1d660b11558aef66784e6b4cdcbb9344,2025-03-01,Violence and sexual offences,-0.104276,51.513712,26,0
bd231dc850488dce7f01b542db4e35a66252e6a2c5c566042557e441f40612fb,2025-03-01,Violence and sexual offences,-0.096501,51.513874,28,0
af7bf2d6d2de03593fdc5b73fc6825afc40d721188b3c1193a669f77d087a838,2025-03-01,Violence and sexual offences,-0.083977,51.510441,20,1
5afe81c05a00418512b11b6188c966a3bef348d0b73998bd286fc0b49b3d4c9b,2025-03-01,Violence and sexual offences,-0.091947,51.513188,30,1
a2e67de1889410e972db0c094523d6b704b171cf715e035977bdb50b6a77aa1d,2025-03-01,Violence and sexual offences,-0.081113,51.516869,57,1
287e936fba1669072e659fa49d136b8fad4588bb9b9d63239d534d09cf8b9d2d,2025-03-01,Violence and sexual offences,-0.085089,51.512105,20,1
fbe094f72c0f05d8eea65b8bc2e919310abcd167139afc73812e317d7406eed1,2025-03-01,Violence and sexual offences,-0.088456,51.514975,43,0
f48aabd36cb0874bc52494a292e2d2c7f93f58e65ce6cf4f8dd9f6d131735bda,2025-03-01,Violence and sexual offences,-0.092531,51.512658,30,1
dd2873918b86d29d65931a55aa1067c7de39f3142d19660b2ada8cb097e71f01,2025-03-01,Violence and sexual offences,-0.0836,51.509797,8,0
d00aec1060037ec933f564875f1d1ed75b205772490c036dfaad9b14b583f27e,2025-03-01,Violence and sexual offences,-0.102134,51.513929,27,1
a92146d6b7f9613bf8be9d7f564e9cb3eec27e5962770b08a0337376799c6cca,2025-03-01,Violence and sexual offences,-0.079907,51.517785,57,1
cd23d60808436e112d8ff791c845f8d79f80a5b51ea9c9749fc74024ec0397ff,2025-03-01,Violence and sexual offences,-0.07707,51.510877,22,1
282d4b0c98e0bd6a5a882af2f32a23d1e3ce48b84c56cc93fefe17e22a96463c,2025-03-01,Violence and sexual offences,-0.078894,51.520951,69,0
7107dcadddb452c56b89ec88400f04d8a44569232291a83e181afe0a4692eb4c,2025-03-01,Violence and sexual offences,-0.081902,51.517296,57,1
f13090135e6f14b7c44366864ef6df86b5be173d63f895a40d97158d9d093edb,2025-03-01,Violence and sexual offences,-0.078755,51.51844,57,1
a0c98aecb291aee745eca4933c23496343cc1d39bcca7fa0cdbc8d1dc6e98ee3,2025-03-01,Violence and sexual offences,-0.101292,51.51477,39,0
0cbea7843594a44004fe4b031c2b69e88a2ff5189b9ee836685db5b8c668e77f,2025-03-01,Violence and sexual offences,-0.089208,51.509744,6,0
799d35eb0c4f2bebcb3d574ff47139c83db9dcb45f807a9868d8bc258730412f,2025-03-01,Violence and sexual offences,-0.081113,51.516869,57,1
7e2600db2696de7b6043b69b2a0d9ebc15849f6a5db347bc0d3f412b09a42a5e,2025-03-01,Violence and sexual offences,-0.081113,51.516869,57,1
63fe9d75116eae4b43fbf2537959629703307aa92fcdf89c5c7aa6662ba40fcc,2025-03-01,Violence and sexual offences,-0.078755,51.51844,57,1
9b9dc084d9a0674d537a2cb706aa49ce13ae84baf7cfd1aeb419047cc99e0e8f,2025-03-01,Violence and sexual offences,-0.086019,51.513631,31,0
f598df70b43421926bb39502c7d4502ebc15c05de1c49f00fabea7a1df16b9c1,2025-03-01,Violence and sexual offences,-0.087772,51.510665,19,0
f292bbcffd66587a756404ff94e5ef7a367ef058df06feae4cf96755b9e70d20,2025-03-01,Violence and sexual offences,-0.0836,51.509797,8,0
0396efe3b29e5de2b5be2ffa1a74e40a1019f6cdc0652cf8461a3cb75d51e260,2025-03-01,Violence and sexual offences,-0.086815,51.517007,55,1
1a4169a2ee97c78c41827fddebb951c552af7f179f5f0e2a8f9a2a8422b4361c,2025-03-01,Violence and sexual offences,-0.078278,51.513666,34,1
45d7a44158fbb2af55bb2e4c3d39f82ba0923a0550666103fab9b18d86b3d49d,2025-03-01,Violence and sexual offences,-0.087157,51.512624,31,0
3b51041294a6123d0dce0b00825f774697537a321881c01a4f2b4b10edcd2877,2025-03-01,Violence and sexual offences,-0.084844,51.510725,20,1
d60ffb52e75f26c6c008f98e97c9da564c0662b014810d904e04f7d866a3993b,2025-03-01,Violence and sexual offences,-0.082993,51.51636,44,1
36f576bf41fc98432370b5ac13f5e17f16dafd7e3830ce68e022bd11c7b2855b,2025-03-01,Other crime,-0.088456,51.514975,43,0
5afe8fbd260a5595514776f6e130eaff31dce08d476071062bc4eb09a088b184,2025-03-01,Other crime,-0.100201,51.513286,27,1
7489528670d7b30fae2d437a2d7f9f221b0a2642716552ce8cbe551f55947334,2025-03-01,Other crime,-0.081902,51.517296,57,1
491c38369ecf92832c3436a4a078685e3cd374c8df0d448ea0443e9b0d4aae37,2025-03-01,Other crime,-0.081902,51.517296,57,1
ad838552a60079e261d13f8379fe78edd23bbec5479d0cb3d4e489366a9765dd,2025-03-01,Other crime,-0.088456,51.514975,43,0
52d3aec148c99adee3a64d70d0021ed5322300a69bc6a7f4ddc48ced8991034f,2025-03-01,Other crime,-0.101292,51.51477,39,0
4af86994e93ab4d479cae18990fa75c7f62b95fd5eb98f765bd08cf7eff82395,2025-03-01,Other crime,-0.101292,51.51477,39,0
,2025-03-01,Anti-social behaviour,-0.105909,51.513262,26,0
,2025-03-01,Anti-social behaviour,-0.108457,51.512997,25,0
717c66f3b6b135cf132c6929d52ca5e3fa6d361e1915c57d687b3fd36ce4e310,2025-03-01,Bicycle theft,-0.099803,51.519026,52,0
791d8313201a475adda681c541263488397acfd6dc1b24fae3ef1ef9ea6f3142,2025-03-01,Bicycle theft,-0.098017,51.519689,64,0
1649292ba0af63862747fcd7cc698141123acefaf02b19ae7e4f5d8774e9fc8b,2025-03-01,Bicycle theft,-0.098875,51.518831,52,0
25062f97f8bc5f5e851214f495e5d93e4cf9dfc5dddd83134855a637d716c192,2025-03-01,Bicycle theft,-0.098017,51.519689,64,0
431695481d10966bd63bae346734edaded6bff2da0195acf73872934ab53e104,2025-03-01,Burglary,-0.10845,51.514202,25,0
6eb5c88e67e2f5f1792423abebedd02eb7748b638a114e707b289d3e1f1cadc0,2025-03-01,Burglary,-0.099301,51.519674,64,0
2f3daf2ad444ea4f7f1da776ecd4d2cbc52b1f51c68640f6e0348ee73118dee5,2025-03-01,Burglary,-0.099803,51.519026,52,0
513ecb48b3f4a47b1f6ca27592919846e119325165c0c1bba4cca088a8e7038c,2025-03-01,Burglary,-0.109913,51.516806,49,0
de14857507b2d480bc52b417d11a337b7efb9bddcc3422c772cc150431e0b7aa,2025-03-01,Burglary,-0.101621,51.516906,51,0
24ceb5d1133a0411adfae210863ed0317ec79b831a3686931a6d7f84abc0cc22,2025-03-01,Burglary,-0.098017,51.519689,64,0
d3de181c8dc12035da2413ced3d5c2525387e6236d5f4c553aec9cda26e0a53e,2025-03-01,Burglary,-0.10498,51.512033,14,0
af70d5ab6ba83b3be6b5eab5ef2d7f54ac930dde46f261b29674c6ac020faf80,2025-03-01,Criminal damage and arson,-0.112941,51.517484,48,0
bf4e205f777cd634ffc8df59fc785cf15bd0ab11a934b4469a97992fdd7af8e0,2025-03-01,Criminal damage and arson,-0.10498,51.512033,14,0
c845b238e7c0511347d5e561816907f4788dd749a8db715a4b9940fd92221b53,2025-03-01,Drugs,-0.099803,51.519026,52,0
dc980cbd58482176c1ef3167f634862022e8d8f22d934cd6a1ec37092d337724,2025-03-01,Drugs,-0.101359,51.5187,51,0
6b02d3e06b3489e15d05c743508bcf7124412dfe898575f98ceb772787711e89,2025-03-01,Drugs,-0.111255,51.516765,36,0
fcf8741cab8d32b56bdf881b22e4bebd3755f92cc442a25fa49e2e8e2f022498,2025-03-01,Drugs,-0.106076,51.517239,50,0
1c0f9b10ee11165cc6265efff9eb9a44cf95ba0d131f568144207989b0e79a61,2025-03-01,Drugs,-0.108027,51.511884,13,0
e924feb83ba8e380215e6a587a8b87e6d094260d001737727a2e6ecc2c0e970b,2025-03-01,Other theft,-0.098017,51.519689,64,0
9cf18f89f9088fe0a67fce36839618ae99737f31bae1864486e2217355ecb936,2025-03-01,Other theft,-0.107443,51.515534,37,0
32cb9ef15272c1aebc223ad6e9fbd6da9fc9f58c71ecd447c4f5b19747060555,2025-03-01,Other theft,-0.112019,51.516067,36,0
c17fbade5474e36c55909af5e7392e912be031e8fbe316cf2fbc61b4a2bd8690,2025-03-01,Other theft,-0.101359,51.5187,51,0
ef102f962ac03a847964a7fb1609477c946d58f1ffc0fa6df477a6de583d3d1b,2025-03-01,Other theft,-0.101359,51.5187,51,0
ab3c350a3503b953401290f0a1e9eddb22320b38697c36aaa610e7835fa5c67b,2025-03-01,Other theft,-0.106076,51.517239,50,0
76746fccead0243badc6b5670dd29868fc9948d46c8f1a0072ea509034708532,2025-03-01,Other theft,-0.102726,51.513911,27,1
d7875f78a5ad5b4c8550da51e3ad8a96de63379f8ee2eeae63fc2987e63d29c8,2025-03-01,Other theft,-0.106076,51.517239,50,0
dda64acdc614a499c89bd7733d22ca609c3aa5d01adb9fe00cf8329e4fe928b5,2025-03-01,Other theft,-0.105131,51.513941,26,0
fb5b2547ead9631a50a2fd81ec58f063d10941496b7f7fa052bd2091b9c13ca5,2025-03-01,Other theft,-0.102812,51.517051,51,0
e5be7f7b9e5e46ad5c6a123e5868056134b57f4163d3e7512988bae0ff01ed2d,2025-03-01,Other theft,-0.097959,51.517629,52,0
c485bc68284ca951261d4a5a41f6720b4d51a35dafb1c1765483d2a70cd86ded,2025-03-01,Other theft,-0.102726,51.513911,27,1
6a6cec7830adb5542d67428d433ee9865b4724447b256bbf912f99e530b4fe97,2025-03-01,Other theft,-0.098017,51.519689,64,0
f76e3a5ec1586a6bb3ec6ad7321e8efb6a8553a461a91bdd8e76a60feffb7a98,2025-03-01,Other theft,-0.10954,51.515721,37,0
cab4c6e65d528e80b9b63487d4a62000d4c32ffc6db92b335d3e300bb1c56774,2025-03-01,Public order,-0.106076,51.517239,50,0
cfc72079366dbc2d1ce2acffda63784ab6e1a4589f78ea9cf69074e91ea271b3,2025-03-01,Public order,-0.107997,51.513313,25,0
24583b41e1e44339763d581690c8f7ea5ab18dec8929a1a171618b7b6546fbc8,2025-03-01,Public order,-0.101359,51.5187,51,0
9f5e026564df1d769c7d451af125fbb9fc423c6c0326e03520abb211f25ff98a,2025-03-01,Public order,-0.101621,51.516906,51,0
47dd14d93b6766b89c707c4d3ebcc7cf9cd4fcd72acc322106a6fefc512e7bc6,2025-03-01,Public order,-0.108069,51.515041,37,0
8a95ec38e3738cb4efffac9e45457eb6ea27f7699ff6ab8dacf1fef2d2d3abb7,2025-03-01,Public order,-0.108027,51.511884,13,0
84733f3db88f1695bcc1d5f6d2f733889feb34c779727db2a7be8339ad17efc8,2025-03-01,Public order,-0.098555,51.519248,64,0
d0172cd5380e6f0beb1f39d8b6a9fbde5192387ed0ae256c594736417a3e8d54,2025-03-01,Public order,-0.112941,51.517484,48,0
4fc0c86adf7af8b4d92afc4f12fa4197c81599b1faca8cb239e4f6117c66956b,2025-03-01,Robbery,-0.102812,51.517051,51,0
02aa7594b0cd876a5e1679f15fee4a91f7321a4fd3fb8df713452708323d0b9a,2025-03-01,Robbery,-0.102726,51.513911,27,1
47644f94c10e388f8211c855ab6ee2b0554dd638052dab2474d3fc12fc46ec71,2025-03-01,Robbery,-0.10132,51.519293,63,0
5c69ff05fc6e4849704ae14613b28782f6a6758fa4339b4a8e5ea4d35b6d67ab,2025-03-01,Shoplifting,-0.10132,51.519293,63,0
e18e6b43428bb5d171787629d71db63fafc1c74026953cd279f1a5bf55b938f4,2025-03-01,Shoplifting,-0.105131,51.513941,26,0
5cf868342e104f5b12f0f5ee6208672920a4f4dfa00e44f27fd4addfaafffd0d,2025-03-01,Shoplifting,-0.10498,51.512033,14,0
8c36f72647b808e35797abacd636b8a4570d673b367432fb719521f95610f5b0,2025-03-01,Shoplifting,-0.112953,51.518231,48,0
927a9a7c581e891e1ecbdb1f17dc4fdcf6a2d29f5c6510573f467318d0aca756,2025-03-01,Theft from the person,-0.102812,51.517051,51,0
840d3fe0a775347fa8d272272d8e79ddc609e44ed4cbd51d10257fe697616822,2025-03-01,Theft from the person,-0.10498,51.512033,14,0
f30af792ae1cb9b7a7cfdd0e6114168ff0f94a33082865a1d95bcb3d89dfd48c,2025-03-01,Theft from the person,-0.102726,51.513911,27,1
e306b3971d09bde641836d0207e2168029355752f6414705c1bec53b1052f0b0,2025-03-01,Theft from the person,-0.10845,51.514202,25,0
9cc43890cf1a22b95a75bd529e5b550fe134409fd82d354523256626ad077108,2025-03-01,Theft from the person,-0.107201,51.514092,26,0
db627913f54d026aa854a814a31ca5d6d8cb9092f7dd8d1714cabc173f5e0182,2025-03-01,Theft from the person,-0.106076,51.517239,50,0
267dc407eb5058ed7d1c86411d8fb42de493a959e2f90f974c569e0b1d6f1039,2025-03-01,Theft from the person,-0.108027,51.511884,13,0
16aa610e7cab2a80d2198b6ac1b28c1570c0bb6c8467ed7c999ccd4621e0b864,2025-03-01,Theft from the person,-0.102726,51.513911,27,1
1b63916f3829a7f4c71a7a378889326979ddfdbe0e417c183ec6357c36db51dc,2025-03-01,Theft from the person,-0.101359,51.5187,51,0
8a7f0264a271d648f39ecea917fbee9cf779d37d2d4f7a20e3c79954eb448c6d,2025-03-01,Theft from the person,-0.106076,51.517239,50,0
ab5ebe8b538c9064a266f2e7be77c62697aad3824f7781b5c2a45dd333b2db96,2025-03-01,Theft from the person,-0.099803,51.519026,52,0
b1dc66b4c00b492641d2e3d777cd2254ca36a3ddabc7cc49134b9d03abb0b995,2025-03-01,Theft from the person,-0.11069,51.517916,49,0
b6f859e1a439a45ee8d97d2bfa560e5965aaf5523dc3ed9b2a783ee28f464c81,2025-03-01,Theft from the person,-0.107201,51.514092,26,0
8c6cc68e7a569f1ca8c6200a9a6d098a26456ed762fed09883e04d1c5c79c89f,2025-03-01,Theft from the person,-0.102812,51.517051,51,0
acaac5ca755d792e930cdfab9d1025c3899361062558d27b2128df881e7cfd7c,2025-03-01,Theft from the person,-0.106076,51.517239,50,0
a2a65105bcb2412e28fddfdad2e7f3fb20937191a30b9999d17a52039874b413,2025-03-01,Theft from the person,-0.106076,51.517239,50,0
b7e245dd98b610179b970f3aac1be79fd892e375a136e4c203696a7a659d898b,2025-03-01,Theft from the person,-0.106076,51.517239,50,0
4695b53b0b727113ee4255958bed9337dfc4a57e5586095523dadd52c98a344e,2025-03-01,Theft from the person,-0.112019,51.516067,36,0
8c3d54f3e6978605ef55a4e501b5082918876cd19273f05411ef393f739b886a,2025-03-01,Theft from the person,-0.107201,51.514092,26,0
413e0ab10e3dcb052e205ec995cf575305da66ed295bb426db1d5307f8760b99,2025-03-01,Theft from the person,-0.101361,51.519357,63,0
3b0958c5735611bd42d2fd300181bc3bd7c8ebd0c7bc9f30e4f3c665ffcd4d3d,2025-03-01,Theft from the person,-0.102726,51.513911,27,1
bd3e6ff5a3c48dcaf09e1122ed1ddaf1e986c05489b5a843c66ba3310327959a,2025-03-01,Theft from the person,-0.10498,51.512033,14,0
af09e9ce04e893551a8e8390c75267e1e62ceba5ea6f15c381814373cd8750d0,2025-03-01,Theft from the person,-0.10845,51.514202,25,0
f530672d592f373245118cf647d10d17fd110c9ffd0cb389770166a69c3c91f2,2025-03-01,Theft from the person,-0.11069,51.517916,49,0
cdb7dbcf4d775aad8933453f3e71f0d0ffe9e001873a503e91ae3c5b3b5fcf95,2025-03-01,Theft from the person,-0.101359,51.5187,51,0
363ee574ae4e2ad0a7c3895c137b722f8a3dcf544250fb9f08576575f3861e87,2025-03-01,Theft from the person,-0.106076,51.517239,50,0
9d00056e4547a4a80a24f3418be94372333f4af1f2aad958108f93f6c6a69b97,2025-03-01,Vehicle crime,-0.105131,51.513941,26,0
bc8431ddb6dfc51d0f3fae671e549ff6ebea2d21b9c354598aec75bbb7d29913,2025-03-01,Violence and sexual offences,-0.097959,51.517629,52,0
e51a7de7b0d149706efb9434c61d436c311d2ce65df312e9fb0375b32234401b,2025-03-01,Violence and sexual offences,-0.101359,51.5187,51,0
f75c6e9c8da141a0f153a2ae81f3ca17824c8ed1d4cec5d28102ee6c92a90064,2025-03-01,Violence and sexual offences,-0.10845,51.514202,25,0
5781fe50b680375605ee158f92a4a881b539bfa0b36981e93fe62d7cb8644503,2025-03-01,Violence and sexual offences,-0.10498,51.512033,14,0
f68a9af32d9552bc869dde7e9fc4592ad2a7226eae78cf5cc767bfdb87719af1,2025-03-01,Violence and sexual offences,-0.106076,51.517239,50,0
24c6c373beb46e198c8b4d2166a6a4d71688c294013a5ef655acf551b2692a3e,2025-03-01,Violence and sexual offences,-0.102538,51.517739,51,0
93a0ef2dd9fad1026727add4f92b1fa6187a6ddd247d003c1cb9e05ff8cc8deb,2025-03-01,Violence and sexual offences,-0.101359,51.5187,51,0
727772788e3e93c1f39c005d9efe9d5583115f809f2165784c9f4cb07ebabb4e,2025-03-01,Violence and sexual offences,-0.108027,51.511884,13,0
6bfbb8d19525a92ab2fa190602b38140d1d930a61475a8208b76d733d33651bf,2025-03-01,Violence and sexual offences,-0.108457,51.512997,25,0
2acfa8a4a756560ea77e5d51a327ea51cbd305de67d8054c48fcb0bfef992944,2025-03-01,Violence and sexual offences,-0.098017,51.519689,64,0
686e2e1e0770f118c43ec655b4f34fc1990da1ebc9b8efdf6d671367ba27e6fe,2025-03-01,Violence and sexual offences,-0.10349,51.513897,27,1
911e8979f38a008dd9a874b2f2fc49e8b1a5b386198aac13505af81ebd6388da,2025-03-01,Violence and sexual offences,-0.10498,51.512033,14,0
,2025-04-01,Anti-social behaviour,-0.097078,51.519045,64,0
,2025-04-01,Anti-social behaviour,-0.09707,51.518892,52,0
c42290330f920cd1b04fadb0b1cfccc5f002a6b79040ffb222ed03b3d4fd0341,2025-04-01,Burglary,-0.097245,51.515387,40,1
49023a5bd1aa17fa6fb54ed73ae5733f293a065ce2345cc7550b4940ab666297,2025-04-01,Other theft,-0.097245,51.515387,40,1
c482acbe4a5b2bbba79f0537de9d5ba3c117088fdaab5f6b6c3032e4990fa4a6,2025-04-01,Other theft,-0.098519,51.517332,52,0
dba0d09d06a793ebd414aee032d6e70a1f50581a67d56106856c9a6d37c88203,2025-04-01,Other theft,-0.097078,51.519045,64,0
f00e451e2d777a5e816ba712a03463c305a1f8994345772af91e602e24b933af,2025-04-01,Other theft,-0.098519,51.517332,52,0
0f220067cefe474f1450e6f39bfbb8104255727fed4bc0cd9cc92707aaa308ce,2025-04-01,Other theft,-0.097245,51.515387,40,1
a23716aaade9d467f4dcb22c6697b2ee59f7758234cf780969ae8d47b1a00f12,2025-04-01,Other theft,-0.098519,51.517332,52,0
12910592b75db562f8e1d0bd911647a1c19ec01d0a98e77a43260c891607b71a,2025-04-01,Public order,-0.098519,51.517332,52,0
5b9b57e897feca2586ecc3a091941fe9fcbc6a7ca6389b0866a2251c4b005b35,2025-04-01,Robbery,-0.097245,51.515387,40,1
07ba6f5ae1b5a78b8209efeffa6c923338dd73091af006766e078181fe613f4f,2025-04-01,Shoplifting,-0.097245,51.515387,40,1
136f340167fc276005ab22fb463d4ccc0eb1942a2155d175be51e85d113b8cdc,2025-04-01,Theft from the person,-0.097078,51.519045,64,0
bba41fcb7e9451e2bed0349c598446ad6bf16119be54bc035781cc24a7e4f2a2,2025-04-01,Theft from the person,-0.097245,51.515387,40,1
0262aa7bb19de43cd15dc894d05cfb81153f1bd2bf78ac2bd31057e68d35fab0,2025-04-01,Theft from the person,-0.098519,51.517332,52,0
00120c125111edd5f6bcd18e5aaaee59b40ac19b3a96b7d7f07bce89753280d5,2025-04-01,Theft from the person,-0.098519,51.517332,52,0
ea475f7573cddd7fd1e6fbabf3976b03ab1ef0258faf1de61682d116da82007e,2025-04-01,Bicycle theft,-0.09413,51.519961,65,0
e194c52a28668486ef068bcd79ef228f08f885d5fabeb46c095833da29ce0d41,2025-04-01,Bicycle theft,-0.092488,51.520598,66,0
389f12166f5db516759229363882e7b1c34e005bb2bd9aed1615afc1a498d35c,2025-04-01,Bicycle theft,-0.092488,51.520598,66,0
39352102039739faf34644364eb55f8579907e84793329bdb31c29d3864dcd04,2025-04-01,Bicycle theft,-0.092488,51.520598,66,0
6640666919f50ac8fb0255635400215a643b9dfcb3615bee01c91ebc4585d41b,2025-04-01,Criminal damage and arson,-0.092971,51.516271,41,0
5091f16edb9a816f2c1c01a14667310d00dd75c4b8ea0553a15fa4e3c9c9375a,2025-04-01,Criminal damage and arson,-0.092971,51.516271,41,0
1e290d004e73953c7196120b95749232ae5258c114edf8fe59310e1a07e43e6c,2025-04-01,Other theft,-0.091495,51.518145,54,0
3791e449e48f94b1e57be80c6fc91aca28af55f176a7083be94400fa5f6a9c30,2025-04-01,Other theft,-0.090105,51.520001,66,0
067c6a2fad0cbd593a6092ca3d7b39161a86e6a864017c2547f57a0dc25e0db6,2025-04-01,Other theft,-0.092374,51.519517,66,0
ae211b16d701bd8ff86b47af3eb26d36aee0261f0df868dbfff29c2b7d73a189,2025-04-01,Other theft,-0.095704,51.516747,41,0
e9d5ce8009e9915a8ee0ca5b1540d2f3a0c5be7b531973086f414d018e5c8b93,2025-04-01,Other theft,-0.09413,51.519961,65,0
468b5b56dbf471e5fb011245c7f81bc6e88ccb93103fb99c9879b7b0c4dd2115,2025-04-01,Other theft,-0.091082,51.51973,66,0
0e82426f23b738596dee6c00fd752d7c39ad25e0378912e2a59e8555951f73e0,2025-04-01,Other theft,-0.092488,51.520598,66,0
8936dbf62d1e6be22255660de83154ede2b481600b0a288d272b60450fa6e34c,2025-04-01,Other theft,-0.092488,51.520598,66,0
352b3a910bcdd687367555b1d679bcce15b2c2b45f5ab11457b2c432d3d7b42a,2025-04-01,Other theft,-0.09413,51.519961,65,0
5088716c55dde0f9783bf17bb42e65a2f4a1e6a5a826f4ff8f36b2cd2af34358,2025-04-01,Public order,-0.090105,51.520001,66,0
140f612c1240f2bbe6864c05841568661541a6d91c6d421effc00bd15cc06ba7,2025-04-01,Public order,-0.090553,51.518948,54,0
ff933aebc5df081b03d7faf8bb7d6adcc24d41194a146755241d970d098925b6,2025-04-01,Robbery,-0.092971,51.516271,41,0
231a9139a077ae2b43626b40630cae38e95e046f5d062f7213b0ee6aa005f16c,2025-04-01,Robbery,-0.090553,51.518948,54,0
0eb257d954fd477e56d488c183b62d1d9854df39647939d5d77839829df450d4,2025-04-01,Shoplifting,-0.090553,51.518948,54,0
ebc0b1340735ad29cde6b7153f5cac7189e6edc330f95d5c529f6a212645f86e,2025-04-01,Shoplifting,-0.090553,51.518948,54,0
9c7e1ce8ba55a8fb2740d6b6ce573cf750cb1e56a123b813443e149e1fa16017,2025-04-01,Shoplifting,-0.090553,51.518948,54,0
691a4ddb616169bcbd51053cb8bc143d82a5ab246aceaa43ef25cc726d0fdc43,2025-04-01,Shoplifting,-0.090553,51.518948,54,0
6836719b3533a8f1da227e32f9671d3ccf5802ba4d857adc1eab32d5bb21075e,2025-04-01,Shoplifting,-0.090553,51.518948,54,0
af8673aebd5c597c9b550c1b388fa2d7788d3fca0e8029dfe790c3e956d18122,2025-04-01,Shoplifting,-0.090553,51.518948,54,0
c16cd0d5e43ab90f1570ae2113d25194a5291bccf2bb9b40f267b2f55d19d7c6,2025-04-01,Shoplifting,-0.090553,51.518948,54,0
4cdcd733a4e31081e7d14e0b96690097dae38bba55568678ce19449a7c819b57,2025-04-01,Shoplifting,-0.090553,51.518948,54,0
a52ac5cb50bd0c749d87bf4fb3f095804ec21325085f60566b58ee409ec275a1,2025-04-01,Theft from the person,-0.09413,51.519961,65,0
e6231bca19e79f4f7e25aa9b8a51f2779125f223668cd55420d9f3a98ddb2055,2025-04-01,Theft from the person,-0.091498,51.520483,66,0
6555fedec0aa6dbbb9e2d16dca8b67700aa3895a4e6abe2e4841d26e9b73d52d,2025-04-01,Theft from the person,-0.090553,51.518948,54,0
ee39257843e4847304826f0d992e8efec0fc13d4412044a05a6e4939f1c04f36,2025-04-01,Theft from the person,-0.090105,51.520001,66,0
4098518fcc046a616bedc561cec54f5bd5be07c001154c021688bc82066d0e61,2025-04-01,Theft from the person,-0.090553,51.518948,54,0
43516df984df7c78f7b43455d5af371b0aaf1211963e1ee4e15fcbd106fbf5bb,2025-04-01,Other crime,-0.095026,51.518499,53,0
8379efb3c7a3e155682b1962070aeadf3a2ee13df641061da3f215c94d93eed0,2025-04-01,Criminal damage and arson,-0.096984,51.522426,76,0
259477940de31ba1d3abb948c850b93629ad3fcdcaedae0ca7f2e828908546c0,2025-04-01,Shoplifting,-0.096984,51.522426,76,0
9ae58c23cf3d0f046572dbe7c751c1f7040d148ff49144d02f6507ea27e23691,2025-04-01,Theft from the person,-0.095758,51.521667,77,0
fa3cead2d54c0f1435ce53c50a0fc44ecf621ad421a7d0f07aea72b7ceb3dc49,2025-04-01,Theft from the person,-0.096114,51.520747,65,0
ad7914bad8af243c18d0889a3066ff84e9f819d3253e100c47ee750db49967c4,2025-04-01,Violence and sexual offences,-0.095758,51.521667,77,0
0c7069db0ad0a68cef498c75c237aa86c267c8a6f355438bc80f3b681cbd35b1,2025-04-01,Bicycle theft,-0.07433,51.513647,35,0
e75cda2809e07b73eee6ddeef615220777528223ee0897d33e0bc6e3d1e76527,2025-04-01,Burglary,-0.07433,51.513647,35,0
dc8c3d02968801a6edd570476b8129dd1ef9f57ce6a9acc2f2a1ebde2f36feb9,2025-04-01,Burglary,-0.076145,51.512642,34,1
d2a048f0d26b5b042ecb9cc72b0c06bbe9112964b9009ecbed62e58fee9cea65,2025-04-01,Burglary,-0.07508,51.512625,34,1
6a86329a7fc33324b94a04d6156622ca3e2b8a566b18c962ce384d32756b72f3,2025-04-01,Criminal damage and arson,-0.073456,51.513542,35,0
3b7e2ff53234e1c05058a8ed0105922e8f1373e3990684c80468ec0bc59647bf,2025-04-01,Drugs,-0.073717,51.510084,23,0
27b056f0558a28b0b828325783d92a011c36de3f4aaef7a757ca3eef85b0e615,2025-04-01,Other theft,-0.075866,51.511406,22,1
f0974d9c7fdca4c91e0f5be737628bdc1637834d110c53007ae881de47eab80f,2025-04-01,Other theft,-0.077511,51.515812,46,0
be320d013546775024c8d20896872a3446ec3b68d8a119aface5de6aefccf3cf,2025-04-01,Other theft,-0.076716,51.515178,46,0
f1dc65090de44f4f01b5ba5cdf93506dea831e6e61552353888a7a2e7d8f3ce2,2025-04-01,Other theft,-0.07433,51.513647,35,0
89deb244bc53b95e32de1687e6047991d486e983da58b8fc421f9a553c28c85e,2025-04-01,Other theft,-0.075401,51.511164,22,1
3b9ff75713dc00f728a5067c6cf6052acc8638c29f3a2212a3b691d00698de8d,2025-04-01,Other theft,-0.075401,51.511164,22,1
3e64979e30c2b7934838fb0aad288543f83e0b220fccaa947462150e90cf2842,2025-04-01,Other theft,-0.073704,51.511748,23,0
3a579de5383268698b9beb4b4d405d4382d6a37c7b8ee46b2ab6e346cef9880d,2025-04-01,Other theft,-0.076716,51.515178,46,0
940caad2254c47978127afaa9a11ae0a45bbfb86fb396c1713ecdb84afd5a13f,2025-04-01,Public order,-0.076716,51.515178,46,0
9501cde27766504f923a6f1a74b54bded8bbb8ebd21589e2a8c84205ffdd97bf,2025-04-01,Public order,-0.073456,51.513542,35,0
407ccf0545d337c68d08ae5aeb1b8544262fe2afc4eed74b6abea81135f74b76,2025-04-01,Shoplifting,-0.075401,51.511164,22,1
1c57055c7174d6ff05bee487c78d8c33724cdbe336125150a8830c7ea2deca51,2025-04-01,Shoplifting,-0.075401,51.511164,22,1
6ef0aa703ad2169df0e77638477ddb97bc3c48e4dd8a04742774b86812f0f30e,2025-04-01,Shoplifting,-0.075401,51.511164,22,1
6352a439d687a3cdc6b7f63c11c6154809f5f25df5fbf8fb689900f881091af1,2025-04-01,Shoplifting,-0.075401,51.511164,22,1
cc7b98f450778858679eb00d9a41eedf838351e760c2603dee4f93ff279bc59f,2025-04-01,Shoplifting,-0.075401,51.511164,22,1
6fe641d02a4b6f2333873be2549b94be8fe78a3e0af5ebd3577f9660e06ffaa5,2025-04-01,Shoplifting,-0.075401,51.511164,22,1
5b15fb151d33c4f87c04cd6b9dc65f0f30a524c81d9d7320d54ec5d6de7459d0,2025-04-01,Shoplifting,-0.073103,51.511981,23,0
64c2db40041ecb06b602683af18909a4be836b800da5dbb036ccac0929a8af91,2025-04-01,Shoplifting,-0.075401,51.511164,22,1
1c6852128ec8fb2fe2c758768c82cf36db11156e092ec4807981bf9cf496a27a,2025-04-01,Theft from the person,-0.07433,51.513647,35,0
42d5b20df37a7e05cf533ee2faa9d7646af770ebac74f4e591b7875e589c231b,2025-04-01,Theft from the person,-0.075866,51.511406,22,1
417c68030703845a18b2b973ad76e8f13d4f996fdb4b18970749a83d3570243a,2025-04-01,Theft from the person,-0.073717,51.510084,23,0
9b51916171e6bd8e1cc89296646a1afafd5677af14f73134b156778110f64b4f,2025-04-01,Theft from the person,-0.075453,51.511965,22,1
0361e6f81ada37cf4869737486e86972ccb91886304b18aac7b094b8888d3b4f,2025-04-01,Theft from the person,-0.075453,51.511965,22,1
386f10a23a27a011dde076c70c233928cb85a20c6659ebe437b711abdf1e05af,2025-04-01,Theft from the person,-0.075453,51.511965,22,1
667724f78e56d23d91e851bd7970146145be05e72e1bc70546743e08fc8cd86a,2025-04-01,Vehicle crime,-0.07353,51.510405,23,0
5de7eca681cc1d02d069f6bd098e1281cb60852647c8181a3781059fe4917506,2025-04-01,Vehicle crime,-0.078783,51.515383,45,0
810e5075d8c6c559684f8a937b5c0587260beb50bd538741f1eeb1876a1b4e2b,2025-04-01,Violence and sexual offences,-0.073456,51.513542,35,0
4d2389a33cb462a7376e71106cb9e53250412ca4f62592da9028a94c17742892,2025-04-01,Violence and sexual offences,-0.075401,51.511164,22,1
257356fcb5acbb94a21b402e2920c946fbc27f28afca775fdb745df305072a4f,2025-04-01,Violence and sexual offences,-0.075453,51.511965,22,1
241186aa3283a273799f8f63e7c16c8e504db1087577ab8d0d32533f1c396ebd,2025-04-01,Violence and sexual offences,-0.078783,51.515383,45,0
29f6cb1cb0033d69e03d55c16e3f5a931a5cb50bf43ee56274860ce697ce259c,2025-04-01,Violence and sexual offences,-0.073704,51.511748,23,0
d90af90c000851e672f93f653bfa0f5b04a6d5d376c018fd60090ba0aaeb365a,2025-04-01,Violence and sexual offences,-0.075401,51.511164,22,1
12ef7fcda030ba881649ab1faf901f72a0f32e7e3a67d8f5504e509f6b1d14a3,2025-04-01,Violence and sexual offences,-0.078849,51.516212,45,0
1c2e31750616972740f26af617e2e43ae35df30c64c56b966966ace4188469ea,2025-04-01,Violence and sexual offences,-0.075401,51.511164,22,1
61a773be628b2288b735ac0a2470cb99894bddada44db3124133e165e30756c4,2025-04-01,Other crime,-0.07433,51.513647,35,0
,2025-04-01,Anti-social behaviour,-0.081113,51.516869,57,1
,2025-04-01,Anti-social behaviour,-0.101906,51.511794,15,0
,2025-04-01,Anti-social behaviour,-0.078424,51.518093,57,1
,2025-04-01,Anti-social behaviour,-0.079883,51.517326,57,1
,2025-04-01,Anti-social behaviour,-0.086019,51.513631,31,0
,2025-04-01,Anti-social behaviour,-0.100201,51.513286,27,1
,2025-04-01,Anti-social behaviour,-0.079907,51.517785,57,1
,2025-04-01,Anti-social behaviour,-0.086815,51.517007,55,1
,2025-04-01,Anti-social behaviour,-0.089822,51.516103,42,0
b5f873264f1dd2754647de8f36c288de2956bfa9decfde27df9729f550c5c0b0,2025-04-01,Bicycle theft,-0.083349,51.51483,44,1
691ea3b4370c5affe8b32e12b59ca4a6c424374cbf914a630120f4e54e39b1c4,2025-04-01,Bicycle theft,-0.087873,51.516503,43,0
d092774ecf1bfb688633b622662c360544b96ec05f6f1d7e237bc8e8dad23038,2025-04-01,Bicycle theft,-0.078278,51.513666,34,1
b71256deb97adaf5ef3db4ad7dbfc3ab349b4457d4c2b35afa62252e97275fe7,2025-04-01,Bicycle theft,-0.086815,51.517007,55,1
600f261a48e32d85de5919e410a8ea5e8a4728bf95badea359e7197544f08b7e,2025-04-01,Bicycle theft,-0.082133,51.515222,44,1
90b71e7d4e2aa92b233ef6d0772f4f71e2bbf75c79d0da83c3a829ebe9690bae,2025-04-01,Bicycle theft,-0.086815,51.517007,55,1
bdccaac2e6e2ca18fd17ee349ac151e909faa0c18cd79b4bd3db34fcbed7598b,2025-04-01,Bicycle theft,-0.091947,51.513188,30,1
15dcc801be10d117962d4b2dd9401b779a033abf5ea16249d921af60b561850e,2025-04-01,Bicycle theft,-0.081113,51.516869,57,1
7d03d69cd848efad284657874a70028a31b4fa873f79146cbf14012a65afaf05,2025-04-01,Burglary,-0.084836,51.511939,20,1
0bb7df1b1edf64671755e6922c5598b616988aa6320fee9c1f6c50ec2336d7ed,2025-04-01,Burglary,-0.102732,51.513426,27,1
260a2c7d8748683473b4e69aa441df66776d4d5bfd3fa000a6ee58f444338d51,2025-04-01,Burglary,-0.095054,51.510559,17,0
47c2a8210c59e43d0505daa675d2fe62a1d02f75d2f54136fc5c5e6ddd74fa70,2025-04-01,Burglary,-0.084754,51.512882,32,1
2c55d763bbbaa421982a77ab09f9187612947194afc838ce2fc3098a2ff2031d,2025-04-01,Burglary,-0.092531,51.512658,30,1
ed691410f42f4bf4316fa54782fda45161c2a8affba5ad7ff970aa1c9ad691c3,2025-04-01,Burglary,-0.088785,51.517102,55,1
7b0dcf9309b03c39749a983f7d1c436ec2f84f00ab7b8cbf1e3dc6d36e76e1e2,2025-04-01,Burglary,-0.09407,51.513079,29,1
b26d82ea4071745dcb741c3d3f6807a3aa86ba4ac4f54f5534c7e39dc1e402e3,2025-04-01,Burglary,-0.079196,51.513789,33,0
ba765e1894411f2de39e49ed821f24aa164482799748f6578611fcc0461dcddc,2025-04-01,Burglary,-0.077372,51.51259,34,1
10e7f5d5be802d608551f0d233d65ba75c6d031422dbca14401407058e918fc8,2025-04-01,Burglary,-0.08491,51.512588,32,1
b48aa16c1b1ac1a257a8cd9edca8a98b7721ad4ac36cbf99f89f31e505025872,2025-04-01,Burglary,-0.078278,51.513666,34,1
e1d76d4fcbde850828a3175f63a59be69c2d3e9b0b3b42b740f44c5c12e010d0,2025-04-01,Burglary,-0.079127,51.509607,9,0
d474107d5454c01f7ddf22e46fa1d89b2e9278bb86732c4690b5a61fd30b03c4,2025-04-01,Burglary,-0.101589,51.513515,27,1
841f054c92ddba076e0603c2a7ac679c661aac72ee47ff691c43d17c42be73e5,2025-04-01,Burglary,-0.089822,51.516103,42,0
95ba228d6e46b8c90fc79c839148b5651f247db302003269a2caf5258387a807,2025-04-01,Burglary,-0.09407,51.513079,29,1
922eaec9f7af2566a441e090953eb44fdc6cf11900110042c6c2de1339b894b7,2025-04-01,Burglary,-0.089479,51.510864,18,0
900b3f90da70f47507f96e473d1e28957010352016f42bb0c849fce18562c4b9,2025-04-01,Burglary,-0.084559,51.510316,20,1
f32247e9ab0d2ba93c562f298beabae8398de6420271d244a603cb0c33ca5435,2025-04-01,Burglary,-0.09154,51.511896,18,0
578d3cfd38a76c50c8841312ce8d7e89fd2176cf38f3d94a52547c54f785c323,2025-04-01,Burglary,-0.101393,51.512685,27,1
0d7cd7767950adb07c7d1363a645d712ce71a183334c414705ba90a5881f83ff,2025-04-01,Burglary,-0.09407,51.513079,29,1
02f00565871120ebb9d8c056d08dae3fd4e6fa06dabdf074cf96cfc9dd90e7ba,2025-04-01,Burglary,-0.084559,51.510316,20,1
796fc5d69b3ff4c3b48d9bed3e6d394dc1a03a2ebf385bc894d5b63febda3746,2025-04-01,Burglary,-0.081973,51.515948,45,0
6d9b0baa8d059ec57ced19cd8509e9ff380eb51374d06d8b300cc087721b0a07,2025-04-01,Burglary,-0.088456,51.514975,43,0
d28d88fd6235aad9551fad31a973c50e369e11567fca02b1c58a93b033262796,2025-04-01,Burglary,-0.0836,51.509797,8,0
97b5264c95ed51ba15f42d5849bdc849263e4a99924abf059a88185ccac9e58c,2025-04-01,Burglary,-0.093339,51.511557,17,0
a46d4f521487e029b0dfb22dd25f7901259d0ebc2c2667bc937e427513f30153,2025-04-01,Burglary,-0.093339,51.511557,17,0
0f7d446ffddd2ecbc428472e5622d233d87459db972081bbf1e4655d09bcb40c,2025-04-01,Burglary,-0.091823,51.514427,30,1
8ac05857bb60eb6a1f941a65c45757b68fd9604268a7457e15e417b750e9c80e,2025-04-01,Criminal damage and arson,-0.081643,51.51007,21,0
dadbfab6948c765176908e8d6cb9adfdfdefac5249d422a5f09457eb0b667adc,2025-04-01,Criminal damage and arson,-0.084836,51.511939,20,1
ff94f2cd7833240f1db6c356b5c1d7716f57570f5e5766d8cfe8e63001914f91,2025-04-01,Criminal damage and arson,-0.077372,51.51259,34,1
0071bd141766e3db01c6111760295dcc1c556917117f7d0656ef185e7f20ae97,2025-04-01,Criminal damage and arson,-0.091947,51.513188,30,1
cf6d88838880c91ccba6cd49402d745344d520fad3174a4b4b8111f397ee0ce3,2025-04-01,Criminal damage and arson,-0.088303,51.510728,19,0
ac7b94ee93b6aaad12774e835998e5a400a58a7153498f1602063bb3bc03c65b,2025-04-01,Criminal damage and arson,-0.084836,51.511939,20,1
ce4c913d507f779939543b47e7dfbc7bc71bb0ea4f2f48ca17050aaee815bc27,2025-04-01,Criminal damage and arson,-0.078755,51.51844,57,1
369bb5c9728f8a282bf770054013198d5df94e5e6c0c896c3f6697b391347ba2,2025-04-01,Criminal damage and arson,-0.089808,51.517461,54,0
1360bf56038843ff816c279762a662622d01c3506c56ae00178b6ace52f7bae7,2025-04-01,Criminal damage and arson,-0.09446,51.512024,17,0
fe8871d1fed346fa55cc5f0f4d6cd35e4b352b871d0dade2bf07e24f8187bd17,2025-04-01,Criminal damage and arson,-0.080291,51.514814,45,0
40fafa479043f074ebba9e7983734e22c7c9695588c62f609ff5decd247d7465,2025-04-01,Criminal damage and arson,-0.087772,51.510665,19,0
2362f9a6c0b5837b77a5eb99f798377347487cbd2e87056203222ccd74ff6b47,2025-04-01,Criminal damage and arson,-0.101906,51.511794,15,0
b954561dbfc3d63088ac683a2e1ea953c5943b03c555265068917da8dc4c63ad,2025-04-01,Criminal damage and arson,-0.084754,51.512882,32,1
f735b1f656f298dcaeb7f89d857ed98a898f621c6d38629af49d52c0d99e8c45,2025-04-01,Criminal damage and arson,-0.087157,51.512624,31,0
4c71568232273397d2f7c181f7a94e8390127c7a619544ed1f3812970e6f615f,2025-04-01,Drugs,-0.078278,51.513666,34,1
39ae28106e513daa9aff7dd69d8ef5636677d064d9ed680eac0c5a88cdeca342,2025-04-01,Drugs,-0.084844,51.510725,20,1
282e2d2097030859eb8a75b92685b00521d9dea176a6110b3e5a80fbcd643dda,2025-04-01,Drugs,-0.079907,51.517785,57,1
5dbc258a7707e2728683553b649bc3671696ae54b4d728ef4dc541cda3df804b,2025-04-01,Drugs,-0.088785,51.517102,55,1
8fbb7783b55a54e7dbc13228bc42d1b2c4fa46f1644289ef7239b70dd99fd9e7,2025-04-01,Drugs,-0.088456,51.514975,43,0
596a7fe80639a851b153ffb996391b1e9b8738c56694f285182a9b31d193160b,2025-04-01,Drugs,-0.084844,51.510725,20,1
7997cfd83bd231c960c4cda6eb783057494ce93743ec46212e9a9f80760ba783,2025-04-01,Drugs,-0.09407,51.513079,29,1
30b72b9a2dd0b8d0d8f0db0ca7733ec1d972340946eeddf8eca8a5387392e6f4,2025-04-01,Drugs,-0.097176,51.510836,16,0
3c3a6ce7b5b825a4372efe3a771f7c8dc384695d2d7fdda72d2fcf009349d9f9,2025-04-01,Drugs,-0.088785,51.517102,55,1
5e5cfabd54bde43e357791d5aadcfcb2efcae87d236cf911ecff803710b343b1,2025-04-01,Drugs,-0.086019,51.513631,31,0
9866557156f51cc33646e65f74f293b7a400158c43234f4baad153647318c04d,2025-04-01,Drugs,-0.082993,51.51636,44,1
9389792c73bd0e547cc378996acdc62302e6b59dd1d69a5f326a0067178b0637,2025-04-01,Drugs,-0.079521,51.511196,21,0
9648db94c691921dc5786767f55528a8be75d244e93192380eba366ef36a83ad,2025-04-01,Drugs,-0.0949,51.513209,29,1
44b74c038c23e83d0828c1403aa050f7300b10b7beb6d4488799cd576eb2ef44,2025-04-01,Drugs,-0.083349,51.51483,44,1
44b02ce3af2f72163eff3309b0a1ef7f53c8e07571865ab56a49899629143174,2025-04-01,Drugs,-0.079138,51.508312,9,0
ceb9a2553fec077f1bf4262226a6df6e4f81c652e0006e8703e1071c451d0aac,2025-04-01,Drugs,-0.082993,51.51636,44,1
be7109d03a37736210f7cef82175400df4af383bfbe8b7940e9106f029a73627,2025-04-01,Drugs,-0.079521,51.511196,21,0
a78d496080d089ec83fdd3368adb887682772397cb105aa766e173ad4cff75ee,2025-04-01,Drugs,-0.084754,51.512882,32,1
691567fd51cd2439d7ac587ed68a6227ac0b00c9d443104755019bbfcd892900,2025-04-01,Other theft,-0.081902,51.517296,57,1
52b2c79b39f1fdc74d359cf7d61231daa268ac0e4a9a91e4b8605f4b6ff1d0ad,2025-04-01,Other theft,-0.078477,51.509965,9,0
bf4181d0ad586971345019c4731623377b737f4ad2a79540dd8db782cd5262fd,2025-04-01,Other theft,-0.088785,51.517102,55,1
2a8bb9aecaa35da0509fb04e68cee498bf5526c0fb72e690267e2da54f7c78ed,2025-04-01,Other theft,-0.081902,51.517296,57,1
178cba37cbfae51c7c38fa920a69e4cc7bd18e1a184a0a84faccd2c2dbebdf2f,2025-04-01,Other theft,-0.084844,51.5097,8,0
c0c9f8aaf4c30be8285762ef56054f356bec554026fa7a174623958554575be6,2025-04-01,Other theft,-0.079138,51.508312,9,0
b805b6c188cdf1c0d936e4934fca960bd44f8fc893abace5b28402491885d553,2025-04-01,Other theft,-0.078278,51.513666,34,1
3031d1d4b18bc2d7a0a6b86986ba013a4a8b8d8be75b205f5d728d18665467f2,2025-04-01,Other theft,-0.078477,51.509965,9,0
0f9af713146847fdb60da11431cd54653b4143d74630af40c0f72279bcf50a52,2025-04-01,Other theft,-0.101906,51.511794,15,0
9ba5ac95518fd92178d7b475390c88d17b809a1cdfda0163c497aebf8019ff40,2025-04-01,Other theft,-0.081902,51.517296,57,1
dd01172d630feeeac3f6d518377596160b3e4615313deef9a693735bfddebb1a,2025-04-01,Other theft,-0.0836,51.509797,8,0
e14fdaf50cb64974857499872c599ef674a09d09bfcfe04fe973c16419639c7b,2025-04-01,Other theft,-0.089479,51.510864,18,0
c50db32193be39a6598699184955597179be7256c777ffda5526091b4fc1f664,2025-04-01,Other theft,-0.084754,51.512882,32,1
14bc88f8d4575e6d7925210266ff386a4de8ec290ec245f246a5c230dfe21548,2025-04-01,Other theft,-0.081643,51.51007,21,0
dbeffaa5542c5194c7629a92ef4ecc34b10d543e24cda42132afaaa6a9a49c8b,2025-04-01,Other theft,-0.09141,51.510167,18,0
9ee1dc22c50d9292c29576c34ba9ecc0537b74b4100dfb82bcca1a9f028835c2,2025-04-01,Other theft,-0.079127,51.509607,9,0
6b9b0273b4df988ed51edb66ce138a3f47a7e58b0a2c25ccc29fbaf38969628f,2025-04-01,Other theft,-0.084844,51.5097,8,0
0f8296b5d68dd80a7d38507ea67e7322135e4d694641bf090435da38e72dd323,2025-04-01,Other theft,-0.097291,51.514626,40,1
ebaee22aab58f3e86e47cb778cbc3d9be1013e251b13b6cc6ee6967be6051f22,2025-04-01,Other theft,-0.079138,51.508312,9,0
8ab6c49b416856cfd8665f38199d0aef8d7cd9a1efa8894a682d0071e6312110,2025-04-01,Other theft,-0.092531,51.512658,30,1
11ec5532f9f1ff3d7643a6dd4dbbe3e2616ab649300d4425d80419642a3d31a8,2025-04-01,Other theft,-0.077372,51.51259,34,1
dbb47583fb49b300bff85596e887442c0b0d21955c38e22269f5adf8e36749ac,2025-04-01,Other theft,-0.081902,51.517296,57,1
e8175a2f01b35aaca383235b9405e3db98149f2b6ba923fceeb01e1fd640fa1a,2025-04-01,Other theft,-0.078278,51.513666,34,1
fada5e9848a8f6e133d7b6cf9d13a60e1dad78930156cece3852c356764e7631,2025-04-01,Other theft,-0.09407,51.513079,29,1
ccb162062d6221df08ccba39e9018009302f2c4f02311bbc7ff4b1e01d5d88ac,2025-04-01,Other theft,-0.077804,51.518083,58,0
b654df2aad2889a698619f53073c62f8c8e26135fe33ab4fae20d1c2b91aef0f,2025-04-01,Other theft,-0.088785,51.517102,55,1
faca7ca2fdcf52956d13184dce65b31f5cbf819262a8ddcfbc8077708d499d9f,2025-04-01,Other theft,-0.078278,51.513666,34,1
5c7b642eac5c83af61a90d49214a9bb1cddc840ef8ef439044030001530ec204,2025-04-01,Other theft,-0.086019,51.513631,31,0
e06ff784322991a9ec157ab46c4f9c7915d96aeff926a2d66e501b84d3a66a6b,2025-04-01,Other theft,-0.077563,51.517656,58,0
f1529078750bc92ef438c065da00f8898698e642b5e69202a625ae2c5abd012d,2025-04-01,Other theft,-0.102847,51.512717,27,1
66137934ef8ee67550cb614e16e6c7050633e877f8983f55ca41fbe5a15593f2,2025-04-01,Other theft,-0.088785,51.517102,55,1
348e92ed233e6d0e83a3d1b488bd4fd13e275cc3cdd490777d588ce7c38118ea,2025-04-01,Other theft,-0.085228,51.51119,20,1
0b2d1a97aa7d70bad69e5f981cf5e88545cabae9bfd941b9bc04fa1050053726,2025-04-01,Other theft,-0.092531,51.512658,30,1
09ae2f14f24ef9005f10d360d8ef8712d22d9dc9f08c844288f16120cd83fe7b,2025-04-01,Other theft,-0.085089,51.512105,20,1
2718cb8d1eca827e2fcf7be3d111ddf5c73c72998221505a71e6acedc0bfae76,2025-04-01,Other theft,-0.078755,51.51844,57,1
45e2ae92a12012da58ff3ae8a5bf5770a2598fa57e1006216c3d68a7cf8a456c,2025-04-01,Other theft,-0.090578,51.509722,6,0
01b31a4fb0c53570a0198068c74781fcaee971acb45b0f06dd04abb105f1f9f8,2025-04-01,Other theft,-0.09446,51.512024,17,0
fd8d1e7d3cd391d9081c14481b39b6332914a68dbe3d96991090e776026dcf94,2025-04-01,Other theft,-0.078755,51.51844,57,1
c100b54560d9584c086ab63ff82747b6b1f27530bc6b9cb82796185599a0a69c,2025-04-01,Other theft,-0.079138,51.508312,9,0
6d73f78cc63d630677cff7ff6e4e06213644ba9f82ef3c232d9eed58d297f308,2025-04-01,Other theft,-0.088785,51.517102,55,1
85f526b67390f1f7ff8d1782c94604eb49ad2538ae6011305db640c2c85cc173,2025-04-01,Other theft,-0.085228,51.51119,20,1
2126c73c36104d83152ae6ac86219e72614046f8585af8bad8a46cd381f598cf,2025-04-01,Other theft,-0.079138,51.508312,9,0
c9755faf87fb5799be7c3cab37eed009de6c2e7eca6d4e0eef03fda07225cadd,2025-04-01,Other theft,-0.101589,51.513515,27,1
b594632e2ad75eced3d60e27b3ba699f3d4e25d2aa66c98d4560c09a645fd7d0,2025-04-01,Other theft,-0.082133,51.515222,44,1
304afbf7478bb18e9ccdb292c690c9f298d01254188d639e6db53eb6b0cd3b4f,2025-04-01,Other theft,-0.102272,51.511656,15,0
27a2eeae5eadfdc81f2bd6623c431eaf7d592bee31f8393b7cdbf642a06fd7d6,2025-04-01,Other theft,-0.101393,51.512685,27,1
2c42be18828afc69982970eaefcc8c5cea5ed7a3f95c3a52adceed3e77e87c2c,2025-04-01,Other theft,-0.079138,51.508312,9,0
6ef981c69ca8a0d68d69cc92c11029704675c83f698db381e7770d2d1d7da342,2025-04-01,Other theft,-0.084844,51.510725,20,1
0103427926115a17318ec39b6e0cbc7c7ddcb189de0dd224378b435537e4d065,2025-04-01,Other theft,-0.092531,51.512658,30,1
69dec1df398239da80c0e6d02e2d077ba207ed66e7c1c2a4a0771a16ebe7f185,2025-04-01,Other theft,-0.081643,51.51007,21,0
6846f555693496861570dbf203433e59b5ec8099fdb2e24524ee1d0786c96a6b,2025-04-01,Other theft,-0.081512,51.518692,57,1
04cba3b26fea460eee61a3a50ba5b79d6989677850004d497e37c323fdf6627c,2025-04-01,Other theft,-0.084754,51.512882,32,1
dbc84207def39930694064ea670ef65aa9519e161af5292a803cb3f9a00805fe,2025-04-01,Other theft,-0.081512,51.518692,57,1
83e8eea73f809b1816fd5be86215faaaaa1f4881baf03bcd8cf9e5c339fcde82,2025-04-01,Other theft,-0.07912,51.514912,45,0
f920b7985a6338e5d437b303ca5c132ccd3970e2050c2b0029f9dd2d806b8363,2025-04-01,Other theft,-0.078278,51.513666,34,1
41e9407853d766cdc593c160ada9cf19afd000ac686e8b0482b3952864ba54f4,2025-04-01,Other theft,-0.079907,51.517785,57,1
1d9d9ec6c120aa1ea9b98140fda443a12bc80776c6241dadce97852a9fa17f03,2025-04-01,Other theft,-0.081512,51.518692,57,1
edb10b51497b18eebb39f717eb236b5031e9daaab2692d4f1c5be6dadf16a9f9,2025-04-01,Other theft,-0.079138,51.508312,9,0
6b6391b5b9d23e4735761a1d59ed800e4dd5dea4d8cf50100caa56de1afa7354,2025-04-01,Other theft,-0.100201,51.513286,27,1
fc217e5dc4246ce08786fb58400720fbac322ced7e1fed6c7ce8d91c92f53dcb,2025-04-01,Other theft,-0.081902,51.517296,57,1
8971b0231c47a8724fa4a35b107fac97b17fe3adf4b6c365b8c3b8c8dde730ee,2025-04-01,Other theft,-0.097291,51.514626,40,1
374de4d354c0f893599fd3f6409a7c3406ea5575f8abd24a9eed425d551e5582,2025-04-01,Other theft,-0.079521,51.511196,21,0
1764b48133c801805b570855d6ea9a3cbd4d603a8d2659320bddb74482352913,2025-04-01,Other theft,-0.086019,51.513631,31,0
024357c680325953a83418ca2e0077de1988798ca54510a8eb1b86193970051b,2025-04-01,Other theft,-0.087744,51.516492,43,0
d6fb07bb7480e60adc3eaa4d85781814b0167ec924dd33ece6ed4769219a8873,2025-04-01,Other theft,-0.089208,51.509744,6,0
a4e91dfeb5cf8b68548bd1cb371e144a790f5c67e6a67c6b5e7263a446eafa5d,2025-04-01,Other theft,-0.084844,51.510725,20,1
f769f033125c12bc0727076ccd8fa058f9b91a1c25619856e70fee4dc9bd5673,2025-04-01,Other theft,-0.087157,51.512624,31,0
531add3d41641025c8025b2f425c657b43bc86f07e3ae5e2707ecee31ec8fb3e,2025-04-01,Other theft,-0.089808,51.517461,54,0
1f1a3a4e9ca786edca1867e101fc871a48d4c904ccaa8c660bb8f64cbb856a9d,2025-04-01,Other theft,-0.077372,51.51259,34,1
288d9a0a5e76db0e4b7111a9bffd2444d3b1d42afb54a870a348c80f850febfa,2025-04-01,Other theft,-0.084754,51.512882,32,1
92daa696be36bbd84b54eb15312771b043b1c0fd4f123860ba37c18a4d14f0ac,2025-04-01,Other theft,-0.079138,51.508312,9,0
ca99327ed3d742a6eada5be8cd3ae0121d59d3861d4405aaab1b9bb2977d634f,2025-04-01,Other theft,-0.081512,51.518692,57,1
d92db725bafcd2e1b7c868b198bfd9e7fbd145cd4a7a0f3d25b38546dc066850,2025-04-01,Other theft,-0.100201,51.513286,27,1
ac2461876318420074abbc6d9ecec6630158becb29ea392b68e4731db2e5bb29,2025-04-01,Other theft,-0.087744,51.516492,43,0
627b8972ac5ca14fce040d37bce0d1a08e15bb4c2dd3495637e63af947e63352,2025-04-01,Other theft,-0.081113,51.516869,57,1
79ee61a5310ac67ae74dd3e3f9379f86c2e3fadc6763691e972c0100bab8318d,2025-04-01,Other theft,-0.079907,51.517785,57,1
d55c713bb2efb81d52187eb07426bf5ce73ad1e540b1d8bb3ce2b2b83d3e1b73,2025-04-01,Other theft,-0.078278,51.513666,34,1
7c3d6ebf5e117168dc28a6264b5a2f0bbd9f2e5fb04d0fc8ec7cdfe0c29683f7,2025-04-01,Other theft,-0.079138,51.508312,9,0
fd685c831dd6a3bbabb351b19d905f05e06529534716fb1f6325278e3a5c84c3,2025-04-01,Other theft,-0.083349,51.51483,44,1
15ee0857591e7625c2325539c12d4b239d6f5195d655c90682e068cb16683b3d,2025-04-01,Other theft,-0.078477,51.509965,9,0
f2efc79cc09e04fd7247cd4a9ed60d17772b35d87eb41344edab04901f0255ba,2025-04-01,Other theft,-0.088456,51.514975,43,0
d94893efdf76c0ce515cdd5f6d32c756747e056f9273eff5bc9c8f65dbbf5c1a,2025-04-01,Other theft,-0.081512,51.518692,57,1
38648d1e9d606900104a7ca86bcb9732de41c577aebdee23e8d9b6d073211b17,2025-04-01,Other theft,-0.077804,51.518083,58,0
c8ac498752e68ad494b80301e9f5385322de46aa5ae3da2583f6f7f1391c1287,2025-04-01,Other theft,-0.084836,51.511939,20,1
2031888d5ae2bc4d8a78d12a4711b7ddfb7b4f7df7891e59fd334e7a652a903b,2025-04-01,Other theft,-0.079521,51.511196,21,0
5f373580c0360b0e9d79cf73fbf68ec15ddb503e878464ff5f378036e3b887cb,2025-04-01,Other theft,-0.092531,51.512658,30,1
3b82aca5017de8cdec71a00ff12ba3f125531a781e6e59501535e88870e71245,2025-04-01,Other theft,-0.080291,51.514814,45,0
cbe97293d0bdccd5686bd4dc99f09479c922d2a87f3effd27fe539db86c3d246,2025-04-01,Other theft,-0.081643,51.51007,21,0
9312fd6a6004b126b389853b69edb3cb6a183c5d408b2fe08d9c4f70e0fad95d,2025-04-01,Possession of weapons,-0.095224,51.513736,29,1
6cd7a17cb1a1ddc5d5105c412e5314ff56ef943c34ce1836379e4b52bfa9707d,2025-04-01,Possession of weapons,-0.083349,51.51483,44,1
c0b7b61dca8b78d717d5ebfde63ba33d9723ee10f7ab30730769b782ccfb84b2,2025-04-01,Possession of weapons,-0.089808,51.517461,54,0
1747f57091758231cf51fe6a9db051a6ab3586c2cdc9119c173253db42162216,2025-04-01,Possession of weapons,-0.101906,51.511794,15,0
7b0a88be4747380d44107768c422cae74fac683258f6a51e6954566824a042cd,2025-04-01,Possession of weapons,-0.079521,51.511196,21,0
7d1687439446c7e8d3fd623e2f5ce09d405fc6b2dea525716220b10f0fdb1a29,2025-04-01,Possession of weapons,-0.090578,51.509722,6,0
30a8b508577e27279d6c7fa7edee332c65c55349402e88b80ed9157262b6c99a,2025-04-01,Possession of weapons,-0.083349,51.51483,44,1
5bd3f3d834c127312c39f4b2cc05137c6d90d8a029a9faf75dc7c0c9d500ae00,2025-04-01,Possession of weapons,-0.081512,51.518692,57,1
034de481c382c02be3b52e3ac06e5b87e506d312d344dd3ccec02b75030332fc,2025-04-01,Possession of weapons,-0.083349,51.51483,44,1
c5e15578351627eee92bf10ac299f945be681c985ecdec027d4bdff6f06a5206,2025-04-01,Public order,-0.08491,51.512588,32,1
78f8d27077bdf7fb8cc19e5b2f87768f4b83bb55281b7851c3d5f2d44ce6a881,2025-04-01,Public order,-0.079883,51.517326,57,1
59e0f9c25598a29a7e1d0a769e5a0c58b550bfd5ab07c54441a6ff26e80d3a7a,2025-04-01,Public order,-0.101292,51.51477,39,0
ff9456ca0ae3647c2c51d10819e8b42b74c40c800272dd49066b6950fe824dd3,2025-04-01,Public order,-0.095924,51.513882,29,1
fd84a8505678e316c431c5a55df3fffcfab6c5b12b056bd0cf95689d2b5f8317,2025-04-01,Public order,-0.089808,51.517461,54,0
9b8405ed3d12eefcde6c77a8145f9de7d875c87b7d14fcc5abf870ed0c1dde99,2025-04-01,Public order,-0.081902,51.517296,57,1
c130452371ea84d54db9454d0532f040631286101d9ec7d1f8aef68a2da5e234,2025-04-01,Public order,-0.082993,51.51636,44,1
98b64f5d160b20b37d58a8c706d6a31f9cff9c2b14f7fefc3e84e6d167da9eac,2025-04-01,Public order,-0.081113,51.516869,57,1
65d217f8f553db35f7c6df25ab58c9e31891f8b21e486dc093c882f477218cde,2025-04-01,Public order,-0.078278,51.513666,34,1
3cf1492359210634b10e87acb8a8c5f4a1d4b4136f9bed4b7c6c1ce95a0dbad4,2025-04-01,Public order,-0.096501,51.513874,28,0
110996357be8dff390b8958174ec57901db58be7d47102f6c5340e12c999fd63,2025-04-01,Public order,-0.079907,51.517785,57,1
258c5313a33604fe7fccd02b3e5fd1d4404910b657d6ae05e3f0badb7766fd24,2025-04-01,Public order,-0.095054,51.510559,17,0
755c9c4b6c196ee5d4d914b4b4aa95e6b947cfa9f231652cd8e1c16499d75851,2025-04-01,Public order,-0.085089,51.512105,20,1
e2ad5fa73d65e76c61e3aa73c83fdb47e6d6bdaaac1f85dddd0308b307dc2020,2025-04-01,Public order,-0.081643,51.51007,21,0
cbf8512d37a41fdecf125debbe9ed66d17e5faaca2cd1d538792772d0c509761,2025-04-01,Public order,-0.086019,51.513631,31,0
09c01690e56f8cffd6c12b0c9e0022793e0d868f56ec156e4f8f47d74bc0c256,2025-04-01,Public order,-0.087772,51.510665,19,0
ba6b0e6d8b7e03c91c5e53dfdef7b279eadd510c8ead3668a00727523051f82d,2025-04-01,Public order,-0.082993,51.51636,44,1
a7a7cd6777dbc6ea1d6b9593af3c524e805113734658ce1a482dedc4fa97438f,2025-04-01,Public order,-0.079883,51.517326,57,1
bf1e0f2938ccbd557dafa1956f8357d934d0c5d76307952663cc434f225828e5,2025-04-01,Public order,-0.101292,51.51477,39,0
d269d9116e7e48f1276c6fa96389f57ccfc33b7dd4a14d1edddb22a163f12ed6,2025-04-01,Public order,-0.078755,51.51844,57,1
461d99822564da79b905dbf399a3c15b17b20d7434eb7076aec734c0fad866f5,2025-04-01,Public order,-0.088785,51.517102,55,1
d8580b3e2e6f43287b6a103a1bae3498afeaf9ff3822b3d5162b77833639b73c,2025-04-01,Public order,-0.083977,51.510441,20,1
874c52efca554947d1f73233c1d52cb9fe5fa6508717ba749b1ba9701d44bb92,2025-04-01,Robbery,-0.087772,51.510665,19,0
9e30a9bd488f7682bef8b84624a5da02177df653570f67f0655c6704ad312b21,2025-04-01,Robbery,-0.087157,51.512624,31,0
8d470f18b290ef06c62aff3c2c13279995db526ec120dd38431c004efe881225,2025-04-01,Robbery,-0.084844,51.510725,20,1
a9310930f357ee2294e2890420389764b04d0c415fc0d936e540e7602f2b3a14,2025-04-01,Robbery,-0.079883,51.517326,57,1
7ef4ff6d5b231ad140fec806088b8ab2ddde9222b5a14492f1ed304f52511dd9,2025-04-01,Robbery,-0.095224,51.513736,29,1
0e76d039e40530a51c452ce0b5d20a5d5e4f50d46832fc10dfc97138e8363b28,2025-04-01,Robbery,-0.091823,51.514427,30,1
38694e04cfe5db7aee1e6d5cd17da7dddf2a76ce009743a885c92956e52b7f69,2025-04-01,Robbery,-0.084754,51.512882,32,1
65b35226bca15323321238bbb6a7b6262b7d3687ed78aaa509c5560a7b280999,2025-04-01,Robbery,-0.082993,51.51636,44,1
f974dc4b06cc93e2d73ae7f9d7b43031f71fd20ef93f65d6b0fd239cbaab33e1,2025-04-01,Robbery,-0.091947,51.513188,30,1
bfe77f926349ad735de2a99d040c04c2234bf182751490c8592e847b505d077b,2025-04-01,Robbery,-0.09446,51.512024,17,0
be59dafce308d82fb334d1e6e9a251fab1120cdbd2c895fcad5529c403fc784b,2025-04-01,Robbery,-0.091947,51.513188,30,1
e9f8db53ba7bb0bc9ce5ea615f733e0c1acb3b66b60093d5b5a10e2202d3cf7c,2025-04-01,Robbery,-0.082133,51.515222,44,1
ca5cb457f80a0fc48f525eac17952858daebcca2b74b78df2aca8cccf9c137d3,2025-04-01,Robbery,-0.097291,51.514626,40,1
553de1183aa133467d9b909519662a91f62e9ab425e0048caff4b144f8351001,2025-04-01,Robbery,-0.079883,51.517326,57,1
3c7eb5f3dd526510544d9fa9f0c593e51f0c683fd37931f9c252401a9ce7dda2,2025-04-01,Shoplifting,-0.082993,51.51636,44,1
e50647908b543efd8b786fe8c50382e95b108fb0029c0072dfa3486f77594e52,2025-04-01,Shoplifting,-0.078278,51.513666,34,1
aaec15d1b8e3becedc670d8aee1e693dd9747069b476d3f73cc43914f65afc1e,2025-04-01,Shoplifting,-0.084836,51.511939,20,1
b0ff6e00627cd579b4a7959f1842d29bf5a6fd614ed5e357c8d24cb19b2a1b62,2025-04-01,Shoplifting,-0.077372,51.51259,34,1
6d29599d675c34afdfa55f964ea6d3e56c420a6cac12ad9e83e84773bd74815d,2025-04-01,Shoplifting,-0.091823,51.514427,30,1
e93ea2b9542bc6816c839fda1c6c94d533b38f3cc8f19fe00658a6121b29cc8e,2025-04-01,Shoplifting,-0.097291,51.514626,40,1
01b786fece85731aaec2db9df9acd9d0d63ccabe6bb46b67662c4dc739c2f762,2025-04-01,Shoplifting,-0.088903,51.510836,19,0
d514109efb85a9ea057a4bccfe4d17ebbc9970ff466caf3d8e8bb2ba8efe7f76,2025-04-01,Shoplifting,-0.095224,51.513736,29,1
0a43859b071a37ff962565c2fd27de037e74ed1140076c55fc64fc2c49872855,2025-04-01,Shoplifting,-0.079883,51.517326,57,1
c07160e7158aade19f677fba45bf688522ec24554ddd58938780f21e552e2e2c,2025-04-01,Shoplifting,-0.086815,51.517007,55,1
fdeaf7d8cf929ea6baf1491290d95ad854867644aff516df48f15238ce043ea7,2025-04-01,Shoplifting,-0.078278,51.513666,34,1
50bfff900dcdaa923f329985ddf69c169cbce0a2a91fd500559e4f9e0f13cb04,2025-04-01,Shoplifting,-0.078278,51.513666,34,1
6971537fa4c03ef3380e86e162902c4d620236d53ac4585cd3d94e7485638994,2025-04-01,Shoplifting,-0.095224,51.513736,29,1
3543e682d7e95678bdb8a34c59c57cb3657ab9e3fff12ed0db8a097aea2b5008,2025-04-01,Shoplifting,-0.095924,51.513882,29,1
19c884b6133efb1ba28b3c3ec207a386db5cba7fc19e4d866143a1654efb9a21,2025-04-01,Shoplifting,-0.078278,51.513666,34,1
44e48014b76cbca9027cf3f149c98a34f95edaafcabe1e6b4af5782d5c3d0c0f,2025-04-01,Shoplifting,-0.084754,51.512882,32,1
bad18967ba9955abb83959b570bb370cce170fdbb80a42d2c553224b56f00539,2025-04-01,Shoplifting,-0.095224,51.513736,29,1
d8dc80673dc3539ae65c0c348eb8b22447dacd54cefa93f830f5fb5c37cc8c9c,2025-04-01,Shoplifting,-0.095224,51.513736,29,1
82c531f1bca841472287eb7bbbf086f0da8d92e5ffde91a2cfde91fd04cbb079,2025-04-01,Shoplifting,-0.085089,51.512105,20,1
0e051b0bfb56ca64b1fb5a9ad831c6ba0a46839ebd879cd8776e604343016374,2025-04-01,Shoplifting,-0.087772,51.510665,19,0
1f845e1e78be6fe8e5ac97c9f2f39699de990b6aa8cb6834d94ecd1d517ec0f7,2025-04-01,Shoplifting,-0.079907,51.517785,57,1
3a9681f3ac03f5b061e827104e7d157028089ab7cebb614c6b9e99200ba086c7,2025-04-01,Shoplifting,-0.078278,51.513666,34,1
1f6847250cc1cb4cfc548117441ea7bc422015317a999134e9d8826dfdcfa75b,2025-04-01,Shoplifting,-0.097291,51.514626,40,1
0e9c1649cd292e920deaae352ad66c6654409b45e4750b9a8025a893820d3670,2025-04-01,Shoplifting,-0.085089,51.512105,20,1
a3c7e575c1ff2da91ee9ea8eab4f5b5ce807dc10079a6e6146dcd2ffe265539e,2025-04-01,Shoplifting,-0.095924,51.513882,29,1
e8c1064cd236ad5b238c3a626eac939a570091867f0e2aae7841c7cf4a811fa8,2025-04-01,Shoplifting,-0.081902,51.517296,57,1
04a210b30d2974feb198210eb81f7c04e2d417f8c135c741155667658b74e119,2025-04-01,Shoplifting,-0.085089,51.512105,20,1
036be2a436f27c718eb6d27d303d65907bf69269eca4df269cbf19b335dc242d,2025-04-01,Shoplifting,-0.085089,51.512105,20,1
c851949896f576d7fa2702490b177f967293110816d9bc752b81e188066d3cf8,2025-04-01,Shoplifting,-0.084754,51.512882,32,1
ffd992fb06bc203990054a48c4c7aa3375707eac1c91b0f3b81b1fb99a9db68c,2025-04-01,Shoplifting,-0.081902,51.517296,57,1
7810ff52ed2ee3e6db696ab4d0289f7af33b923405c6ecc4f601712276eb82d5,2025-04-01,Shoplifting,-0.091823,51.514427,30,1
d03d863cafbc78622ad046230db0a2789b63fcaa9a9f24252b973db6e3d764de,2025-04-01,Shoplifting,-0.079907,51.517785,57,1
a8cdd1ad6feb71519f6a3dc2d0858d5b718ffd0bbcdc033d7339732a28e8c7be,2025-04-01,Shoplifting,-0.084836,51.511939,20,1
e742d9258d3a1c8c73ddc665289c60c5cc3e5c5b456f8c5d21579eb4fdea0029,2025-04-01,Shoplifting,-0.085089,51.512105,20,1
4a33433d4750a39755f603fce943167621b62c6951dc2f0a856dd482af8e9989,2025-04-01,Shoplifting,-0.097291,51.514626,40,1
d801d66205ea108063aeccec8cdfea1cf4682cf2209bd9c9c62b42b8b74673cc,2025-04-01,Shoplifting,-0.079883,51.517326,57,1
7daa8a4188cef2a54cdf90585313b51c5b18bc4ffe48eec43631164a8f98a487,2025-04-01,Shoplifting,-0.078278,51.513666,34,1
de07be2289c63d8dc4392e72fa76b444d6d19328f3e204e904d493e7246d014f,2025-04-01,Shoplifting,-0.100201,51.513286,27,1
583607fbc74d0aa63cacf892d754a3e3080f4d6318779f7b7e524613d944ea6d,2025-04-01,Shoplifting,-0.082993,51.51636,44,1
638cdc1dcc4499905aff2b994b6b955cc5348cc0ae5ef5c41e2d8a125838d7fd,2025-04-01,Shoplifting,-0.095924,51.513882,29,1
7a2963905bebc6285b85f167961f0f9fe1c3e774d26f979a14872ef500e40541,2025-04-01,Shoplifting,-0.079138,51.508312,9,0
66f59398b85839d5257dd90e05a6d40b20cb7419539776c55df5154edbfdb329,2025-04-01,Shoplifting,-0.087772,51.510665,19,0
9b58bdebba28b3bff42ff473b9cbef313fe8401f750da8cec5243140b168e73a,2025-04-01,Shoplifting,-0.084836,51.511939,20,1
0924e935f93a82b8e219fc2cf833ada343774cf5b6507a56f1d0e46e90508a2e,2025-04-01,Shoplifting,-0.086815,51.517007,55,1
ea817e2bb01410ec7881de49a53d3bc0304c20efc7f75569c6c3e34dd8e01f5e,2025-04-01,Shoplifting,-0.091823,51.514427,30,1
d2bc903578f43c62282ce4d6b8dd09fd32caffbba6042a78558fea38f9679554,2025-04-01,Shoplifting,-0.086815,51.517007,55,1
a796dc564bf024d4bd0bed7f0133fb2e20fbaf6ed162c49bebcd7ef25ed90566,2025-04-01,Shoplifting,-0.097291,51.514626,40,1
c31478fb676a57c26a132eb1825b88e405b126341a793ca303cbefe94a34c125,2025-04-01,Shoplifting,-0.095924,51.513882,29,1
c1dd0cb778916e3adec5ea00cdef3e397a1ea6a432c0ad6a0159b341f29da606,2025-04-01,Shoplifting,-0.096501,51.513874,28,0
ae38ec74c70e3b646b1466d69e51712ae835725a88f964aca3535f8edec78064,2025-04-01,Shoplifting,-0.078278,51.513666,34,1
5101f2f26e6d6f98ba3f5b389671977f7d239651d4ba97ad478458ae70a3bc52,2025-04-01,Shoplifting,-0.089822,51.516103,42,0
d22f61947fb1dde527580f763275e9b12b25f3a7235ef1b7c5fe04e9f29dc6ea,2025-04-01,Shoplifting,-0.085089,51.512105,20,1
48820b12a1969f1a6dd79dcd6172ea1d991aaa27c3f5f7052f8a6a31b31ff889,2025-04-01,Shoplifting,-0.081902,51.517296,57,1
3e5af059710f12c76205270477166a25c5737dcda1b80ba2de6567b1efffae30,2025-04-01,Shoplifting,-0.078278,51.513666,34,1
e5d1daf1f9d6b04742ce8a812a807bad554f71401e7545f7359cafad74934a47,2025-04-01,Shoplifting,-0.096501,51.513874,28,0
97e4ffebf674d524ca53a5df01be1a212131f0a862deb6a9aed476d8dcf13bee,2025-04-01,Shoplifting,-0.088785,51.517102,55,1
6a763836c7c3e477b0431cb1b1df4e2bcff30adead67323d23096e7ff8238f7c,2025-04-01,Shoplifting,-0.082993,51.51636,44,1
fde99731682340e82f8400f23c3a2aac5653d49c24b128819c62caed2e90e931,2025-04-01,Shoplifting,-0.081902,51.517296,57,1
bb331fe3f1c567ae22d02d40bcdecb0e28db7e092705e8b9386b5ff50085c1f1,2025-04-01,Shoplifting,-0.086815,51.517007,55,1
45957790ccae4c5c9926d1e822135fccf0fc7981ecd6dd1dfd77857fc7488522,2025-04-01,Shoplifting,-0.097291,51.514626,40,1
961212d33e44932994617c8ef0e55d1842f7b07f5daa10f9cb63466cf554cfad,2025-04-01,Shoplifting,-0.097291,51.514626,40,1
025b5ed1d05c0927af291a4ee3125903e3a68d562348a58c8b2202fd792049cc,2025-04-01,Shoplifting,-0.085089,51.512105,20,1
87d2b164c6dde9ff9bfb5e42984c24355be7c5bc217f7d48fb6ea87662545b1b,2025-04-01,Shoplifting,-0.09154,51.511896,18,0
828627d70a89d5a7e4982504403de6c9e54c5ad400803b78d1c2a5dc2c0f2c17,2025-04-01,Shoplifting,-0.084754,51.512882,32,1
f500947a3b76fbc82c4727166e4f3f284946ded0cfab39886134f78504d8722d,2025-04-01,Shoplifting,-0.079883,51.517326,57,1
1c3802c33206c75471b7059a65879e0a7b732fa08732c5322de8379f3ecf19be,2025-04-01,Shoplifting,-0.079883,51.517326,57,1
e21a26e42bc84b437e6e90556683f76098e75e244f688e1698d06671868d0c9c,2025-04-01,Shoplifting,-0.086815,51.517007,55,1
f69a187783ce1cc834e220de2926f7103aa2d7600b9183aa5e659a7918ede052,2025-04-01,Shoplifting,-0.091823,51.514427,30,1
39cb85b55eb03ea02a47d5bb6f10f94dde05eb2dbd18ba157aa364688425e5ae,2025-04-01,Shoplifting,-0.097291,51.514626,40,1
84bfb2f0caf9c2f48282f457b5d732aa656ad9f491d812691afa7822c318f33d,2025-04-01,Shoplifting,-0.079883,51.517326,57,1
176c1c5dc0d4f5a9127f97688852f2c74ea8f97b5125fd4f53bc95e252ad6f5b,2025-04-01,Shoplifting,-0.078278,51.513666,34,1
e1d5c53a4f0d525c3fe891bac048017c76dc5fcd2758a0720dccc9f538ae4c2b,2025-04-01,Shoplifting,-0.091823,51.514427,30,1
5479bb1fff483209a7569a9df21e9c42872d45b9a5f2486c14878bb8006444a5,2025-04-01,Shoplifting,-0.095224,51.513736,29,1
7cc2054069d52489ce396108f25ac5edb7429f7ce6d5cf1c290164a46ddf0e30,2025-04-01,Shoplifting,-0.078278,51.513666,34,1
39873373dd85b47b158d3088946720237a8c5d9f72b851d859fde832db6560c7,2025-04-01,Shoplifting,-0.084836,51.511939,20,1
9f1572143a77742c9fea2dc611143e375be41a2931df309c6bdcbae2ee7b9215,2025-04-01,Shoplifting,-0.091947,51.513188,30,1
c16742c3596cf6f3bc09d3789d4017e0a7fc6555886568de0fdb91f5c649b345,2025-04-01,Shoplifting,-0.078278,51.513666,34,1
c8ac409ee6376cce9f8a2562608b61627a85398f79a49f9b287da923bbd05c2a,2025-04-01,Shoplifting,-0.078278,51.513666,34,1
0e961002df1cdcb79ca27df7c52ce566403cde34dd95e91e52a9bd8a827ab4d9,2025-04-01,Shoplifting,-0.084754,51.512882,32,1
f27626b85b77c86a078009f621ad0f6eb08082dc336cc0273ab52d3c5eec194d,2025-04-01,Shoplifting,-0.089822,51.516103,42,0
8600603e2088c51c93bfd7299a908c96ded4331ee64ac00c02ddacd204f56f21,2025-04-01,Shoplifting,-0.095924,51.513882,29,1
628f2f68054dd84452ea447ff7bc3ff15adf10c86eac25ba3f40bdd3040aeedd,2025-04-01,Shoplifting,-0.095924,51.513882,29,1
a722757febcb4db6dcdded7c1fb3c102ddbb28f83b28da1f346db995b19e6b73,2025-04-01,Shoplifting,-0.084836,51.511939,20,1
98f2948390ad3e2b7a5de6b164f45996ba170e50d9d6e3ea3e0d97aaf3da41df,2025-04-01,Shoplifting,-0.097291,51.514626,40,1
4dd28ababc33f7366cb7a3e8981ae005f43e400d839a4ee83d8d00d3398a8a99,2025-04-01,Shoplifting,-0.078278,51.513666,34,1
1634065f1037328c16c3232359c09aefc82a4ebdc93ca0b2009baeb7676217fa,2025-04-01,Shoplifting,-0.088785,51.517102,55,1
fda11dff638ae97cbb4ea23385b5c98a7c0bc50b90fa5d147fe252575e5d0b65,2025-04-01,Theft from the person,-0.087873,51.516503,43,0
4001ebd1cc67a628516287dd10b10011c1aa5e523140ee387218cb818fd23399,2025-04-01,Theft from the person,-0.091823,51.514427,30,1
afab76b7ab7ab6815524dcd1c7da098d6f1798a5534a4b4c12b62bb86985e865,2025-04-01,Theft from the person,-0.083349,51.51483,44,1
6c0b5c7ed51b90c3401176f416f3eca16e9dd0e6a8feba11a719b9e2cb8b40a5,2025-04-01,Theft from the person,-0.095924,51.513882,29,1
d2a5122cdab4d4d6d09835bbe98ab5eb585dfd1e5035ac839ab82eb8f259cc9f,2025-04-01,Theft from the person,-0.09154,51.511896,18,0
e0c8496e2f68c0e99ca70e53278d94fbd94624aafc295e59cf88a76267c997c5,2025-04-01,Theft from the person,-0.089208,51.509744,6,0
aa3c53173ceaeb4a7bc75dfebb559e6fc401bc717d018b217f13fd9cee611b79,2025-04-01,Theft from the person,-0.084754,51.512882,32,1
d77d365a93e55360a7641b2761194fe6117c6b771a4e8fefed56d8fc8f7055da,2025-04-01,Theft from the person,-0.078755,51.51844,57,1
7f086f8cf2d044b232cc2b2dcd58b1a639f1170077445e0ea57c8ca5fe2a7811,2025-04-01,Theft from the person,-0.088456,51.514975,43,0
e63bd3ab101ff31d4fb9605ff4a2d2a8d729ddf0f97564c848b60d0f900c045d,2025-04-01,Theft from the person,-0.089208,51.509744,6,0
301faecc6790b82f79f9c00119555ca9cf21784820034c72bd96b8c7e1728e4f,2025-04-01,Theft from the person,-0.081902,51.517296,57,1
c7770d2d5cc5185a044ee3eabc13c8845308eb3b2d6ef2a3269d87537b72445c,2025-04-01,Theft from the person,-0.081902,51.517296,57,1
5ddac2973657a7292687379bcbff5d3ddaaf509dca0bf956d42cc5da0c351c50,2025-04-01,Theft from the person,-0.081902,51.517296,57,1
b121fe7bca098b92126f0572e2bbe0e59a2138cbf036bb85b9616fbf918b3afa,2025-04-01,Theft from the person,-0.079907,51.517785,57,1
444387c06531f6b301ed6409192044e02392e4f3ddee474dcd88cc23d3be6370,2025-04-01,Theft from the person,-0.088785,51.517102,55,1
c7bf86bc46e709fe0fc3749869756fdc79055a254de4b00c5115c95b09cb3900,2025-04-01,Theft from the person,-0.09154,51.511896,18,0
66007525a4052fe04c503e08ffeb6487b8c5dea07983cad4f48a362e5cdd9a75,2025-04-01,Theft from the person,-0.082993,51.51636,44,1
a703f5fdecefb72853fef9d404c97626cff22176b11f7f9c83a6e60d4d56ab9c,2025-04-01,Theft from the person,-0.079838,51.514267,33,0
a5be670c3422bb7419995165a53aedac62817cea4f187ad5c3cbb26a97008a25,2025-04-01,Theft from the person,-0.081902,51.517296,57,1
20c8172ce4bcf9ca752e77be0e363cd92e47d925450b527eac74a4c4f4a0e46b,2025-04-01,Theft from the person,-0.081113,51.516869,57,1
390b6fc2554ab515fc8cdf7202f009ba2a189964abb76987c400f1c9e52c2ba9,2025-04-01,Theft from the person,-0.084844,51.5097,8,0
6faf450df6d52197c5e8c4cd46c8e062eece4d7481d298e7b671551f28e468ef,2025-04-01,Theft from the person,-0.096501,51.513874,28,0
ef0b29c6c105f20a0bddf8bb20e0e199c4cf281feab721dbf5419516943416ed,2025-04-01,Theft from the person,-0.09407,51.513079,29,1
02ec3223ddfce2fe0252a05386e3a59d015835240c480b47ef7e68406343252c,2025-04-01,Theft from the person,-0.086815,51.517007,55,1
24118072679a9b601cab0fbe9105d890aaeb55c146df32548d9460f91a5d3838,2025-04-01,Theft from the person,-0.092531,51.512658,30,1
7cddf73a906f7ee1d1ed29e7237eaa79f3bbed35896715fda7089ccba249765a,2025-04-01,Theft from the person,-0.077563,51.517656,58,0
806b9dfe1be8a12a8e20e60ef7a5a5d9111feaaed1ba2278b6e493321d4e5019,2025-04-01,Theft from the person,-0.081973,51.515948,45,0
9187b9714bd5d7d55631e520a540f04f5b46fda52f093df783a222747d4928e1,2025-04-01,Theft from the person,-0.081643,51.51007,21,0
811a9bb44389950aae8623d05a182be2c7b286e267b064d23451f30f91c47e19,2025-04-01,Theft from the person,-0.097176,51.510836,16,0
950cdd7806b7e1b83c1e5559d87519a67a1ee73eb12706b003f482f5d381afe7,2025-04-01,Theft from the person,-0.101393,51.512685,27,1
5d9eff13c8f5a6ff8414f8fbb25402c08b1b247b61a23f9b26ebe672e6847011,2025-04-01,Theft from the person,-0.084844,51.510725,20,1
159e9cecf5bcd010ed569d3fdc32f39632cf098646f740671c8f4bca3f7f5321,2025-04-01,Theft from the person,-0.088456,51.514975,43,0
01c5c4492f636e33d7b1955c34aac9a7a4dc7ae6aeba2d948686f95ccc06c896,2025-04-01,Theft from the person,-0.101906,51.511794,15,0
5e48d9b9c3c1548ff9ff6f58cd457173ab7044bc8550741123d918f91bdb4ff9,2025-04-01,Theft from the person,-0.100888,51.514448,27,1
90f471a609fb638f851c15cf46db7af2c2f36f5838d67412592d8659f8a0d396,2025-04-01,Theft from the person,-0.095924,51.513882,29,1
b86a99c0402e3b47a5116ca73ab785c0365d0f31b1ec2c99b8d4147b7483cea7,2025-04-01,Theft from the person,-0.101963,51.510761,15,0
8389679ff89c347412b8a9e4233429f44fe31c820bdf0f15d83d5721fc2fe1b4,2025-04-01,Theft from the person,-0.104276,51.513712,26,0
23809b6685d0534c60ac4a7c00b9f34c00c8f34b3c3047532e25d63454247147,2025-04-01,Theft from the person,-0.088785,51.517102,55,1
a270a11aee8043d29da3c0f3540d4ae3dc2e3cf10f9ab5e896e6e92b583b15f1,2025-04-01,Theft from the person,-0.082993,51.51636,44,1
7b00223382bff931e632c922bbcb4455bcc94dd418fd100a027a6cb8359948c1,2025-04-01,Theft from the person,-0.09446,51.512024,17,0
597c06d64739cc2fb12010c61d3d1414ec3ce5b17ed70f915e4403cccd3db25b,2025-04-01,Theft from the person,-0.095924,51.513882,29,1
c90dd927a90d16cb11a40e6ce1f170d8fedfe3265585039a36a8826c6fb2dccd,2025-04-01,Theft from the person,-0.095924,51.513882,29,1
a99fee109348840d6a0af34626d2a2e243ef109e4025ea2f8fb5bb533e65cd50,2025-04-01,Theft from the person,-0.101906,51.511794,15,0
3606296ba3d1b716204d950f486edd9c124e218f8bd5e753d9740bee251bb076,2025-04-01,Theft from the person,-0.089808,51.517461,54,0
bcf360f8e027faf4760b8006c087d1c18b6554c6d9d52556c1c8543a57bf279e,2025-04-01,Theft from the person,-0.095924,51.513882,29,1
3291f12dda050aa053e94f1607ed4dd2fd584a83b7adbc4c7661f979684befbf,2025-04-01,Theft from the person,-0.095224,51.513736,29,1
543ae4b57de8c5e9120f317a6827ab1ce76e4156f848cbc892686463a613a41c,2025-04-01,Theft from the person,-0.078495,51.51777,57,1
d4175f8b5c1d26f669514db4a9aaaec61068c1da2a397d633bbe05a7d02dcd22,2025-04-01,Theft from the person,-0.095924,51.513882,29,1
60d75520dae26c3712b17abcb0ed6c83f4801f83dcfb6395fe648335b6cb99fd,2025-04-01,Theft from the person,-0.088785,51.517102,55,1
f4cd320182a77ea8567bcc74c1870a3b5281d6535361ff94001875871f76e2c9,2025-04-01,Theft from the person,-0.088456,51.514975,43,0
7eaac49949c4a9b78c505ebd60f30a43fc0f88ee0ee3c97bd0c75172e336b238,2025-04-01,Theft from the person,-0.081113,51.516869,57,1
84dc2c044379d37807b005fc98d545ba536d3f0e651b07534456c9e48bb95805,2025-04-01,Theft from the person,-0.079138,51.508312,9,0
db9262f049a7706c615c37feacdac01e9517328af072a2dffee281b35f23c43a,2025-04-01,Theft from the person,-0.095924,51.513882,29,1
502197fe96c131f1824ab6896adf69571e4a4f1a826fa04cb1a11b7d8f382a06,2025-04-01,Theft from the person,-0.095224,51.513736,29,1
6e1db5c1eb6011bce4b3d149a9546e393c07ef3261af8d6e3e71e72f703d0298,2025-04-01,Theft from the person,-0.087157,51.512624,31,0
89682fa109c41bf21bf11cdb2ab5450c86dd49114e685115ca3f423034e3a007,2025-04-01,Theft from the person,-0.088785,51.517102,55,1
309f5e636e6a0cabeaf54c3bd08f716445e36b013072ed1a76184c661b29fc10,2025-04-01,Theft from the person,-0.086815,51.517007,55,1
762d6d35dce456d5ac02cca6f8e9edc8a219a5001bc852acf4b27ca2faaa174b,2025-04-01,Theft from the person,-0.083977,51.510441,20,1
845d47c300fa6cf48c61221cc1e03c188aade8078946d12593929d20767ba5fd,2025-04-01,Theft from the person,-0.081902,51.517296,57,1
3fabdd4bf8895ca292730a99796a112ffb9f4fe381f99bb99e87aa9b02171a1e,2025-04-01,Theft from the person,-0.081113,51.516869,57,1
6ea7b8b2aecf0b3b68b0e548322a6be4fa63cabbf0425b69748ecc02015f4060,2025-04-01,Theft from the person,-0.101292,51.51477,39,0
aaa0baa573e74f682ceb2f66a20245fe5b41200cb484cd77a990c1342b761359,2025-04-01,Theft from the person,-0.081512,51.518692,57,1
a0a6a14f31ac15a09bfdc7244976c93f4be1ea2d59bbff03f751f12033958d94,2025-04-01,Theft from the person,-0.0836,51.509797,8,0
1223cfcc6cc731d84b1bcfdaf7b7c3ca2878214daf27b85e38d25c6f72c17b9a,2025-04-01,Theft from the person,-0.101906,51.511794,15,0
934ecae7d3cd0271c509916b7800d2386d44c668c422408d2da9e0ce127c8fae,2025-04-01,Theft from the person,-0.101292,51.51477,39,0
fa2f1e2dc6e65d5f78ea7d89e608d49c8623100e3347de5123d038ef7b4bc143,2025-04-01,Theft from the person,-0.077563,51.517656,58,0
5757b81b3da49a0db4ef64cbcb83cea1d3a6ad306e5c290e088cdddf545744c2,2025-04-01,Theft from the person,-0.09154,51.511896,18,0
b8666b10eaa4bad7f90881cb58ea15e9a5ea5a2ac5b92994fbf524395c2c4e69,2025-04-01,Theft from the person,-0.091823,51.514427,30,1
eab160da5e6f21cbd85fa8e873a4dce5d2d673ccdcf04176870f5b41cf761b81,2025-04-01,Theft from the person,-0.087772,51.510665,19,0
bd1c4f143570a703bc8fd474b49eea6a8cced1af243b31b61d111a6a007590ac,2025-04-01,Theft from the person,-0.081643,51.51007,21,0
38ffef08fde80c1307d3dc35e45bcc4ff2ead8fe326800d2aeef7100ca61bc05,2025-04-01,Theft from the person,-0.084844,51.5097,8,0
fb2455ac29a4f9f2d90bf6cfcf59c2846ff3d89c61cccef47dad20ed3170abd5,2025-04-01,Theft from the person,-0.087157,51.512624,31,0
9cf8a54b9037d2ff94bb45cdb1cc5f9b138dc06843aaac4eb852b0c876e8311c,2025-04-01,Theft from the person,-0.088785,51.517102,55,1
0d266116e961c51206ab6d32d69b4c766d2b9fa6f6da355144629aeb2d3d17de,2025-04-01,Theft from the person,-0.087157,51.512624,31,0
0ffdcc301adb49eefdf0b2cbdd8f5e6f167610236a24bcd2e3c8dc6018e865a6,2025-04-01,Theft from the person,-0.084844,51.5097,8,0
471687b1fa08f0598bb7c6acc43ec1d3f61ea5c120760d6679571e2a8ce435ff,2025-04-01,Theft from the person,-0.084836,51.511939,20,1
b3724cd7008f5767900bdd3ee77a83d0b0772200f23b1e38bf68a769232d61ae,2025-04-01,Theft from the person,-0.077563,51.517656,58,0
ba310061872bfe8f17f944802f43b30196a4e13772c1cf3d2f1a0cd2263d962a,2025-04-01,Theft from the person,-0.097291,51.514626,40,1
9baa460da68b4be2d26a3191c7e3c53f435c3b0d2daa921f63413221d52d4823,2025-04-01,Vehicle crime,-0.092633,51.509872,6,0
f25bdc001d9496a907ca5497d8ee2b3791658658e94ce8d3c20d01df54b727f0,2025-04-01,Vehicle crime,-0.09141,51.510167,18,0
b18ef2794ac11cccdef692b659c068d837591a89f8fefcda0722f70de16d3399,2025-04-01,Vehicle crime,-0.078059,51.509967,10,0
9ed16cd8b78bad1061b2c24270470e5345e44fd3f2c7b44c2af24393d5ee3e6e,2025-04-01,Violence and sexual offences,-0.078278,51.513666,34,1
e6a900389a7f5d504096f6c789e6415ca902a37f8ce7ef5e6818e3aa8c1d6de6,2025-04-01,Violence and sexual offences,-0.084754,51.512882,32,1
40815fbf70a5a8a4e9e53d880eb457fa3b1a3d04ea8e0f9d3005013e0e7ef79f,2025-04-01,Violence and sexual offences,-0.086815,51.517007,55,1
4da8cae51c7b045da1819378ecdc5f21cdab4487dd3341a80aa0f5ad4245a4fb,2025-04-01,Violence and sexual offences,-0.095054,51.510559,17,0
260ea2860553159a459d85be417ec4286fae8cffde7c74ef4b9652ad75a63499,2025-04-01,Violence and sexual offences,-0.078477,51.509965,9,0
b42fafde547450a235b7ac7b32bd3b41788d459bdfc910f135e9e36e069d6698,2025-04-01,Violence and sexual offences,-0.083977,51.510441,20,1
39ad8228d0934ddca92be3e3d5c41c5bf1561fe6e34b2f4d956bf5245797aa08,2025-04-01,Violence and sexual offences,-0.09154,51.511896,18,0
d3618d0b2b838e050696f7c3810cc268f0da617eb3d454ef4da002099401b18e,2025-04-01,Violence and sexual offences,-0.078755,51.51844,57,1
5d82f1d980fd197290646969f4e12aa36e0765f05dec8f91da6de5d0cae89e15,2025-04-01,Violence and sexual offences,-0.079883,51.517326,57,1
39bcf60a3bed0a77275d8c9d79460de54957a118a57fe2b04da2569de3b315fb,2025-04-01,Violence and sexual offences,-0.091947,51.513188,30,1
951ea130e0d9cc572930603e7b98797ef97a07a932b67a1d9654c3cb6e22ce1d,2025-04-01,Violence and sexual offences,-0.081973,51.515948,45,0
898616e0a7b6c9457f108ea7a7a341f49bd671bce2049b631c9f3d8312b2b8dd,2025-04-01,Violence and sexual offences,-0.085228,51.51119,20,1
561afbebbfa56229ae5fe63af9963fabc16ec6b59f32600287f7378106f4ff77,2025-04-01,Violence and sexual offences,-0.078477,51.509965,9,0
40002d0edfd13c8feeb09c69d6fc6e113d68251bbfb4b02e49213cd41c0db766,2025-04-01,Violence and sexual offences,-0.081902,51.517296,57,1
908a34b16c5a5bbfbb8f929ed99d6864f02132ec359bc70becf2d992f87167ec,2025-04-01,Violence and sexual offences,-0.0836,51.509797,8,0
30932a00f64302be29aba3645530fac7c03f1fa3de85772ee2cfe03df79f0b1a,2025-04-01,Violence and sexual offences,-0.084754,51.512882,32,1
6f5e51bbf0e3e8750ed2c73f08278e3af003ca41b61de038f9a7a3a5c1a05319,2025-04-01,Violence and sexual offences,-0.090578,51.509722,6,0
03a1aa316295f82a551126fcaa41d612e4fce9074aeac3c59ae62608d7762c2e,2025-04-01,Violence and sexual offences,-0.09154,51.511896,18,0
6dc79dd8abc8cc4c41e783756634a019d60e3a34a1ff325d133e681dd449f634,2025-04-01,Violence and sexual offences,-0.089822,51.516103,42,0
82f5867d7cd74c235d1d2e52bb069631389ddb2dc81f0ca7ff1827255c4663ab,2025-04-01,Violence and sexual offences,-0.09407,51.513079,29,1
0457c783ccda5c7a4799c6f27f3ecbc701f0b7e1ec790cbcda499486ec99b79f,2025-04-01,Violence and sexual offences,-0.087157,51.512624,31,0
e2f309e3dfaf8e80c451a5223071ab0c8bed2e2f590c829a2d7cdd760b84becf,2025-04-01,Violence and sexual offences,-0.089822,51.516103,42,0
677eeb39d8d43d6f4a3a65641be1186cd58a861b11b5ccbcf5a3541319c9767c,2025-04-01,Violence and sexual offences,-0.085228,51.51119,20,1
a946824a0830aaddbf373766395efedc5a2afd78c869fe4e22ec10c9f71c29ab,2025-04-01,Violence and sexual offences,-0.081902,51.517296,57,1
1999c72a29babc0b4a7e14645623b829d030d3828342550505278af05141cc36,2025-04-01,Violence and sexual offences,-0.083977,51.510441,20,1
a0d0415cb99aa112d8fcc36af79162cd2ce822476a75fe33b816417439e5f343,2025-04-01,Violence and sexual offences,-0.087157,51.512624,31,0
a826a567e660f5cac91cf7728d5a28920bf1a562ffc75a82049b98d204d0cec8,2025-04-01,Violence and sexual offences,-0.100201,51.513286,27,1
6786ade6bd64b4e81b02e834643d7357bcd54af633218ae538e7302ccefaf285,2025-04-01,Violence and sexual offences,-0.079907,51.517785,57,1
626350c8d32dcc057ec7da51f814df611457ca3c721a17420f2ad13481661dc0,2025-04-01,Violence and sexual offences,-0.101292,51.51477,39,0
01b93b2681f1c6cdc8cba787bf86097172e95a30b4d7055c975933a8e2fc404c,2025-04-01,Violence and sexual offences,-0.085228,51.51119,20,1
1dca5769eeebc7307d154307bb1a1082968d45489dc2c24860201b4dfd5f1a93,2025-04-01,Violence and sexual offences,-0.081902,51.517296,57,1
1a195fb79605981be5bd54e4590dd90c2510f1c8fb37f1a402f7108266854c5f,2025-04-01,Violence and sexual offences,-0.079521,51.511196,21,0
95201d00e52cff007940b58969d285a2a8731d4df4b21967024e09dbc67e0a9f,2025-04-01,Violence and sexual offences,-0.081113,51.516869,57,1
2e4ff5c12cf7760c7cfceff1efcbbcfd4531d43f32c985fef6035718396a8b48,2025-04-01,Violence and sexual offences,-0.078755,51.51844,57,1
8d61dcb0a6fe3e5ecb95b688b8f3842ceb8c0696516597f23b1c842b8dab8fea,2025-04-01,Violence and sexual offences,-0.081113,51.516869,57,1
e1a55f308cd25efeff247b49b9cb71ea4a5c2e95b262a5b54343f054c9a98c96,2025-04-01,Violence and sexual offences,-0.091823,51.514427,30,1
bdd51c1769ff5aa606071bf4cbe61e8e83bcab254dccc75bc4021a729083a954,2025-04-01,Violence and sexual offences,-0.081113,51.516869,57,1
4bb5b276f7eb6965f0e0201ccb9853217c44c45a5b15733ba3d6535d779e3f62,2025-04-01,Violence and sexual offences,-0.079907,51.517785,57,1
ecab571991840d75c9edcc9a84a442e8c6f99342b57b1435cd56957ba4d9f7ff,2025-04-01,Violence and sexual offences,-0.092531,51.512658,30,1
05fb73b01d0350024ddedda44885fca20aca29a53f50ad5ba7db2408e3112b66,2025-04-01,Violence and sexual offences,-0.079907,51.517785,57,1
2d6fad7b37e39d899a14c8afef7a3091d7b3e1a885886f67061c481af7a6c981,2025-04-01,Violence and sexual offences,-0.0949,51.513209,29,1
e7e5c7c082d6051d97e04062bb2677e8814fdf8319de8bfdf1e964fb87ca8189,2025-04-01,Violence and sexual offences,-0.0949,51.513209,29,1
7c768c7cc7e9e90a8b15415fdf359c681e8524b88e29ef5310e02c97bd493f5a,2025-04-01,Violence and sexual offences,-0.079907,51.517785,57,1
142b66c87cbcae492ada831e2c9ca43df2a7c4f30c199f14a0faca9983eb8d3f,2025-04-01,Violence and sexual offences,-0.081113,51.516869,57,1
9b2f8ed568a34ff519893dcea06a29b4f2e80747454cf8439030b83fef1b9986,2025-04-01,Violence and sexual offences,-0.091947,51.513188,30,1
e4eabca70b2811380b408a60502c45367f876d19b35ef12591527c8c2565f338,2025-04-01,Violence and sexual offences,-0.081512,51.518692,57,1
442bea6b39094a4ed6417ea58bf32fc57830176dbf7235d20a52d0ca21fc1e5e,2025-04-01,Violence and sexual offences,-0.081113,51.516869,57,1
31ee8727a06e13d21b9ca7805a5397233f6df66d63e803622d707a878165265b,2025-04-01,Violence and sexual offences,-0.087873,51.516503,43,0
78f71138c6e24c3015313891dd5cba893d624e0d96b8fe17d4abd0e5f44ae6bc,2025-04-01,Violence and sexual offences,-0.089479,51.510864,18,0
3b6f50c451f7a74970e6a6dc8a8f61b379c750696132516786aebab032fb0451,2025-04-01,Violence and sexual offences,-0.081113,51.516869,57,1
3853645c5e3c53fd3a07e44f2b23db07908da080e306f7ddc891222da77ef193,2025-04-01,Violence and sexual offences,-0.091947,51.513188,30,1
ce220f52e86ad575e0cce56df98c687d9c5433a160be01b50be4bce8b5914751,2025-04-01,Violence and sexual offences,-0.100588,51.512636,27,1
a7777ee5c8e71022cc96ffd9de75e1987db78842cc57f564314de71c635286d4,2025-04-01,Violence and sexual offences,-0.090578,51.509722,6,0
4af3d7d3d121ba2117244a68919433a46d614433d8f14e20090858e9efb5732e,2025-04-01,Violence and sexual offences,-0.09154,51.511896,18,0
bda50adae459f98d6406fc79eb3770aa4916b8b25179ea62bc16831b92d7c903,2025-04-01,Violence and sexual offences,-0.081902,51.517296,57,1
353c659a119dbfdd335043daf3602ad6a9b6bd774406ef3fb2cc3687ecc6a88a,2025-04-01,Violence and sexual offences,-0.086019,51.513631,31,0
777656004cd87237a363acc67801b56e0d222d55e9c683ea517a6d8e02e7cb87,2025-04-01,Violence and sexual offences,-0.079907,51.517785,57,1
9dc36ff9aee3c7090e91daf5bbc9f3f962094a1b47495c501b175439c60c6226,2025-04-01,Violence and sexual offences,-0.086815,51.517007,55,1
6a7b85483703f9f62751ef21edc8b255cdf583ad0338aae444655b1aa5fe7dc7,2025-04-01,Violence and sexual offences,-0.0836,51.509797,8,0
72c4f91142aa79ea883016572994ffdba4a98b47e0288361112e2aa944f4fd54,2025-04-01,Violence and sexual offences,-0.084754,51.512882,32,1
68aab5fef2757f471ef0de562b385dbee38430c0fcf44e6df3974adae23c04dd,2025-04-01,Violence and sexual offences,-0.079907,51.517785,57,1
050daef9b45bae48330368b1c437d9098d10dfc51d01e5ba5009e643c75aabff,2025-04-01,Violence and sexual offences,-0.079907,51.517785,57,1
6b124e9066be3c6e9624b41fbd827034133047b5c6f7c9bf42d647a81fd830ea,2025-04-01,Violence and sexual offences,-0.079883,51.517326,57,1
f141c60332b8b34e69dad424d13f6d3601bc183e434e10d64b175268bd6e2bb9,2025-04-01,Violence and sexual offences,-0.096501,51.513874,28,0
2e3edc6b0f4a10af6b1fc9f1e44360f4d964d32f8d8727c934f3ff6d52e1502d,2025-04-01,Violence and sexual offences,-0.09154,51.511896,18,0
2fd947423080f1ce9848e11bc03b8b2b8634f68eb819498c65305f08dfc1554e,2025-04-01,Violence and sexual offences,-0.081113,51.516869,57,1
8be22d6c6c344bc6bea7db51d27eb2d1e228370d18a3cf09ce3a140406c26c0e,2025-04-01,Violence and sexual offences,-0.081113,51.516869,57,1
cf38405b91c9279225aa68aeb39dbb7eaa2322a769f7988494c1b5b0e9331ba5,2025-04-01,Violence and sexual offences,-0.079521,51.511196,21,0
9ef10219bfd0802bb9e51c1ad71a1affe87ce599b00c68e2ecc902824a240749,2025-04-01,Other crime,-0.091947,51.513188,30,1
ff056c222f18a59ff34865b0395dcb9f5c4a0d1a957f06a229be7c8401543589,2025-04-01,Other crime,-0.09407,51.513079,29,1
2a75679d56ee3c8dd82e7ad9f674ce50056b018cc32ede5b9ab17b504dbec6ef,2025-04-01,Other crime,-0.095224,51.513736,29,1
d84aa3529c8d56b675685c4ff7dfe74093b600b225ce063ff062ae8192017281,2025-04-01,Other crime,-0.089808,51.517461,54,0
7d729ba368ccbeb9381b791ad5bf8f17f78186ed3e2f3131d9eef6232fb836e4,2025-04-01,Other crime,-0.101292,51.51477,39,0
1d4a11fecc1ba84b5df43bf4b65656814d94faf1d99bd18268f92c240dab346b,2025-04-01,Other crime,-0.101292,51.51477,39,0
464b223ea52d7ca26d7d35f07e31b08d68c6f0bf978d9dd993abb78848076ebf,2025-04-01,Other crime,-0.101292,51.51477,39,0
3b1ac5fc3857bfcb9d9e67ca577c93ac99315f6dc1f16aed7d2841c51799fd65,2025-04-01,Other crime,-0.089479,51.510864,18,0
d84622c352194c50030e5e5589e2ed4c8b9d42fd35e192e614e020b146b1cbff,2025-04-01,Other crime,-0.101292,51.51477,39,0
c698fd5392b7f75f2a8b42d4f4175ae261cc6e27ffb6ecd5d329e8ba9cffc88b,2025-04-01,Other crime,-0.101292,51.51477,39,0
,2025-04-01,Anti-social behaviour,-0.098017,51.519689,64,0
d35b7aeac5a5fe05b5d82bbfc349be50bba8f11b30cb78220e0e3400b8f05e41,2025-04-01,Bicycle theft,-0.108457,51.512997,25,0
a3acad319a6c9080f5a77d8a51a600c4cffa54fd71fe4901629a2e94a49b7d0f,2025-04-01,Burglary,-0.10132,51.519293,63,0
2195a85b2cec8311176679fcf2070f3f5f0c805aeb1ef94f39ad89291f12f7a8,2025-04-01,Burglary,-0.105131,51.513941,26,0
959af963e1a663599d2c761933af91d26714006580df4473dda3dd43d67cd7bc,2025-04-01,Burglary,-0.099301,51.519674,64,0
7cd9016aeb93313c31b6d8c11cf24cd701ef61b6d419be124421748f24df25a5,2025-04-01,Burglary,-0.106076,51.517239,50,0
97ac67298262124c85d6ee9562c268d4def60fa39acbef64f0760430ddaf3fa7,2025-04-01,Burglary,-0.102585,51.517308,51,0
123c89316d6924ca783e76f8fec204c417675ef4b5de9ff707b749136da07890,2025-04-01,Burglary,-0.110474,51.517193,49,0
6121a28ef4c78000f5d3aba62b5931da99e2de7246b9be5c351400914801e0e1,2025-04-01,Criminal damage and arson,-0.102812,51.517051,51,0
6457524c5bcc237702171ce297f455dc3f8723f8e7eaf94ece5dd6af97e3885f,2025-04-01,Criminal damage and arson,-0.108027,51.511884,13,0
f616d3746e7662d175cd4297bc4e80961d187a8c740cbde1a0b4e3f5d549567d,2025-04-01,Criminal damage and arson,-0.106076,51.517239,50,0
8e473537644e72824860cae18f078bf2b9f1107f31091598fb9339ac54fe57ec,2025-04-01,Criminal damage and arson,-0.106076,51.517239,50,0
2f1b9ff539a0d56772600093317c943a36cc7185d09e397a7d309d5cc18c17b9,2025-04-01,Drugs,-0.106076,51.517239,50,0
a0861356348c539aea4f2784c78d18c5c63f377a5bf6aeb54f742d74bf54bbe7,2025-04-01,Drugs,-0.101359,51.5187,51,0
966bddb99f67732d248e89971dc9f322278829c5e3c689d2330df5642a2b6c57,2025-04-01,Drugs,-0.106076,51.517239,50,0
260cba6e09dc35a5c40a6c7a078dfbc0038f7d9cb38f21e6ae39f8976bf348a3,2025-04-01,Drugs,-0.106076,51.517239,50,0
fdcef081722f88605add1a6d0396fa3d7da6afd6edbbb111892173fff0beb98a,2025-04-01,Drugs,-0.108027,51.511884,13,0
71e87f134095766065630324881fa61ce97181d7d0feeb665b46d30a643fd57a,2025-04-01,Drugs,-0.109164,51.517846,49,0
f0858c7d04ea0d1a30ef8ff50c384fa2c0d2cd88c5fea5171333d84a53e1db7a,2025-04-01,Drugs,-0.102726,51.513911,27,1
7bd722f32416b237d470bc9c769ae1c1d0ecd4494ce2f18f05dc4208677d305a,2025-04-01,Other theft,-0.105909,51.513262,26,0
aa7f85f724b0c3273eaffedc17f60f0a0318d49a38730f3bfd0f520011d219e4,2025-04-01,Other theft,-0.101359,51.5187,51,0
04e9d56e8fd45ef6bac3dfaf2fbbdd724b33740e1d861a680043b77713e740b5,2025-04-01,Other theft,-0.10498,51.512033,14,0
d952e7e79a3b2bb94df7c7c95ddc2a66614dbe648b90e32dc5a4e143b87924fb,2025-04-01,Other theft,-0.101621,51.516906,51,0
33880709454b09b0657e882a27f3a56e5bdb65321c9c8f2d2f2f3229b552bf15,2025-04-01,Other theft,-0.10845,51.514202,25,0
7e80dd3634993920b58ca92f067f5425e34683759079df7909cb8e2c98aa1027,2025-04-01,Other theft,-0.109297,51.515681,37,0
dc46805808b1813761fb4aad72094c16e74c385aa498dffa1243a5da5aa9f4be,2025-04-01,Other theft,-0.10498,51.512033,14,0
aec7f1774bfb8f9c16f6cf80723b27239e3b70dd0989e46f74b612965ceecd12,2025-04-01,Other theft,-0.101621,51.516906,51,0
e83e693898674ff2a57c503be2ef5753510c6fa17dac8c4f6ec90f15bfcada6b,2025-04-01,Other theft,-0.101359,51.5187,51,0
d94646467bd7b29c1897f4eb4c3bf6dcfbc6edde5211222d3b24d295a7134c8d,2025-04-01,Other theft,-0.109387,51.513839,25,0
a3502639d129414fcd8a9780eb2ace28f458e317fee2fff63ef837b3e9cd9067,2025-04-01,Other theft,-0.10498,51.512033,14,0
dd64361a6252192c48fffbbe55d2eca89ec308ac83813bb1489b4815c6ff7aa3,2025-04-01,Other theft,-0.108017,51.514213,25,0
2deef44a31a2b344f463307216fb02a0bdb00262d853690267c8f96c4d778e8e,2025-04-01,Other theft,-0.101361,51.519357,63,0
33944fbcf64ab810ea5ea59d1b0b9b9ffab059e86ed82cad6ed2f604d21670de,2025-04-01,Public order,-0.102726,51.513911,27,1
2b62e9c7c627d295b8a46c67b164c179992da635d52a544bfc1ab75635184fe5,2025-04-01,Public order,-0.099803,51.519026,52,0
57fa1cd415859eb9be14933166263f91ef1460a756e54b710c4c9ce762d07f00,2025-04-01,Public order,-0.106076,51.517239,50,0
7cad1f82f879bf052b635a3d58449f0fc611a8ba00c94665f3d5349875413285,2025-04-01,Public order,-0.099803,51.519026,52,0
36887950dd0c5b150bb82bfc555a9d530203e4e0160133b415298997d9b08195,2025-04-01,Public order,-0.106076,51.517239,50,0
b8a7b16b6583764c53b7dd87e0f4cc0e1a8e4d885b5bab42b82e046d80e51d0e,2025-04-01,Public order,-0.097959,51.517629,52,0
08c68d4b85e78728869aef334c95dc9b068b8d8c012f2951bb774e7658bbaf48,2025-04-01,Public order,-0.112111,51.517687,48,0
b8cc718872754f914b3a5aec7ce4634e7914c8385308cd259b3e75ed47e315a1,2025-04-01,Robbery,-0.10498,51.512033,14,0
d125cad147244c9da1578dbcaaef782371d6bb9a3c54b548733325748eb78f65,2025-04-01,Robbery,-0.103393,51.517978,51,0
e8abe3b6b583c7568e10874af77cc5949ebd968bb8b0b80dfd321ad99eb65670,2025-04-01,Shoplifting,-0.10132,51.519293,63,0
c2f62fe6390f38bf24779a5f31d16ab67b24232654538b7f5075c7764e8c5096,2025-04-01,Shoplifting,-0.10498,51.512033,14,0
e41c13030683f9d8162c37430deaf0e6b7e9dd08a2788878dec772753d06d01b,2025-04-01,Shoplifting,-0.102726,51.513911,27,1
f0cc4ef85235a0a17095bfb96d7b7b95ceddfc27a5f5334d8796a44d96a1a48d,2025-04-01,Shoplifting,-0.109387,51.513839,25,0
c15720a63a58ad67b16c149d98917992384449a047a92206936e55b758a20a10,2025-04-01,Theft from the person,-0.10845,51.514202,25,0
b15d8e5a7783cf0606d4daa45ac58a53a78506831c3391f6ddbad85a01821c67,2025-04-01,Theft from the person,-0.101359,51.5187,51,0
36f86dc8f2ac015680acc97bc7581d1f33b943f7a89eb817666c751d19c07aef,2025-04-01,Theft from the person,-0.103393,51.517978,51,0
7f4fdfb8cc472941834dc66f26f66f5d4580b441e785a364f81572e2fdc42732,2025-04-01,Theft from the person,-0.108027,51.511884,13,0
bdfcaa712b6d02d1b67faf7964f8b68a6e2df3f509c45a141fa13af1128282ea,2025-04-01,Theft from the person,-0.106076,51.517239,50,0
93bad8c6d65ed5d9fc4328b6272b4e54fb9ba683dc6b7b1ac215c937bed1ba81,2025-04-01,Theft from the person,-0.102726,51.513911,27,1
71660b8a1d53bc14111a47a1fcd663fa5033be1fa5c8d183350e1f4923dd4b28,2025-04-01,Theft from the person,-0.107201,51.514092,26,0
7d11b8ac6831fe891c94d9f553256a62ab3109cbbb5ef32dd88f56e2c2218172,2025-04-01,Theft from the person,-0.102726,51.513911,27,1
abcf1affdfd391c21ecf3c2853fa029084fa1cd9f9a7b083a8ef701f450adbc0,2025-04-01,Theft from the person,-0.109297,51.515681,37,0
ef4cff3ea3415be5b72d919fd4a9ac55d90f7a4498e62924ad03c0715f9b66fb,2025-04-01,Theft from the person,-0.102726,51.513911,27,1
18caf4a0afb3164233a1593fb0103183c79c9dae23bbd1f3be089d53347bec4c,2025-04-01,Theft from the person,-0.102812,51.517051,51,0
f0cab2150436a33c1b86d0df938ca19308907b4e885d383e1584dcf07819672c,2025-04-01,Theft from the person,-0.10498,51.512033,14,0
2ada37ea73e148de226198e3a6be6dfae8e40834124ea54dd9c7b8db62fb3c14,2025-04-01,Theft from the person,-0.106076,51.517239,50,0
0cb3551510df8061b990a9caec8d16ab1c58b40cf8b9f0fffcc791a90ace5d03,2025-04-01,Theft from the person,-0.10845,51.514202,25,0
cf94bbb3f5b5297942fdccda841be493bbeb0b1cfc58a7c8efb180449ad5eae4,2025-04-01,Theft from the person,-0.102726,51.513911,27,1
c10853128d3157116ac3ed8f71bb83566be071c1806b7f87afc49a45fcea139c,2025-04-01,Theft from the person,-0.10845,51.514202,25,0
1de4cc29862dd030293b5ae2f51844ef0150cab844a9efc3df5640ed989de492,2025-04-01,Theft from the person,-0.108027,51.511884,13,0
7b34cc24e1bb76fe284849cf9ac11b1a6043b7510c2b8ddb52027d7f6c454b1f,2025-04-01,Theft from the person,-0.107979,51.51548,37,0
394d7fc1675753f71e9efc2a6b9ae95b5f3174c54c74cfe6174ec72a6bdb428a,2025-04-01,Theft from the person,-0.107201,51.514092,26,0
611f098e434ce053669ea0e3e76f6661c94ab2c26bfdb45f327092e59346e3d5,2025-04-01,Theft from the person,-0.10498,51.512033,14,0
310329071325406bf590fcbbb02a6eda678adcfe5fe648c1e4dc32af2d1748f1,2025-04-01,Theft from the person,-0.103393,51.517978,51,0
fc363c9cce06acb8eefad46f03b2a0780295a905e762c9138f3fa37129570001,2025-04-01,Theft from the person,-0.101621,51.516906,51,0
fde825c0480a57b2706a1a461ffa97cd20127c8d17d30d85fb3b22a318566e78,2025-04-01,Theft from the person,-0.11069,51.517916,49,0
9878ba7955d4dd450a9a0a15b7723150dfb992bf347e9d47dd9e73556ee6490f,2025-04-01,Theft from the person,-0.106076,51.517239,50,0
3b417008f151728a331f235790903df247abaa6e3a7ebf4a8939f6dac9d74cf6,2025-04-01,Theft from the person,-0.10845,51.514202,25,0
b6c1ac7d9b4a001bb21f9c0f55ee826cba7aa3ef158fd9bec522e15869016426,2025-04-01,Theft from the person,-0.108027,51.511884,13,0
113692239f86a1e1048546f2189b802a81ec1473ebfce5fdc0ea5177f9878989,2025-04-01,Violence and sexual offences,-0.098017,51.519689,64,0
984f065f7232c5f47a8faa6bf67b9107048363fe1b5157f66a10e33798a07c6c,2025-04-01,Violence and sexual offences,-0.101621,51.516906,51,0
7fb8f2f163d48a5348f151715c857f81a59b24d85f6a884a0fd61d1459b02bad,2025-04-01,Violence and sexual offences,-0.106076,51.517239,50,0
d2d829e3ecc8c4b823f9781692b874edcc99d9bc6a63465e180be2591874ec5c,2025-04-01,Violence and sexual offences,-0.109913,51.516806,49,0
ef36dc95a394a4120062ff749cb26df80397905eadf76059c5eb8da03d00cc61,2025-04-01,Violence and sexual offences,-0.109164,51.517846,49,0
a0be4539b1240fe60b4c3705be18ded0b39346789795e9d58ee0d184ec08fa45,2025-04-01,Violence and sexual offences,-0.10498,51.512033,14,0
49cf851a2ced6ee0a809474b29d52139a25c78ef7dae53382c78f73e8791da38,2025-04-01,Violence and sexual offences,-0.099301,51.519674,64,0
a239b631fd89d006a6e661daaff57176160e89f58104382cf16a543e3b3aba0a,2025-04-01,Violence and sexual offences,-0.099301,51.519674,64,0
56bd3efda860a2ebe0476c9ed4eb89778e3ceaadbe80d2dc82923618c88cbb42,2025-04-01,Violence and sexual offences,-0.099301,51.519674,64,0
b440ff68d21f5a7978460e9451ed174ccfa0791140ca98c538a4d798fe3a8292,2025-04-01,Violence and sexual offences,-0.102538,51.517739,51,0
75d149754de9e3be60268c8c3fcb3c01f2dc208d105f057548fe079c870c6636,2025-04-01,Violence and sexual offences,-0.111255,51.516765,36,0
edadb07b937d5da810fcbc4aa6d212634b6769dcbd613646ce448ff94025f2a0,2025-04-01,Violence and sexual offences,-0.099301,51.519674,64,0
cfe8da96a8f2347c108d269ec648962f0e2a6826144bb0d244cfbbcd6da7344c,2025-04-01,Violence and sexual offences,-0.102538,51.517739,51,0
7646c875164eaf42a4a31df37316d902bea53984d0abd17d158e5819d43c1845,2025-04-01,Violence and sexual offences,-0.10498,51.512033,14,0
e3370547b2e1bfc64d3229f9add31a679561a6f6a8b604b49ad9d18ed761bddd,2025-04-01,Violence and sexual offences,-0.10498,51.512033,14,0
8b024a2ba384b41ba84a4244d21b6a3b2d00b18e29f4270c84d85928b708ffae,2025-04-01,Violence and sexual offences,-0.10349,51.513897,27,1
725e1aa97bbeab61f01b889d37d4bca72f57b423fd266a740d24e77284272b72,2025-04-01,Violence and sexual offences,-0.103393,51.517978,51,0
6e4993b11d7c1f293370844547cc77b0c3a5620a2b8408802207bfcdd83b1c59,2025-04-01,Violence and sexual offences,-0.102812,51.517051,51,0
bf61be2a0ab08b632dd3e1291d9266d1d0fadd1b15c611fce971fc42cd18e676,2025-04-01,Violence and sexual offences,-0.109913,51.516806,49,0
bd5a1ee19921a54fa0634b93e62d1977c09efd843c804f852c80d7bbf8fd1f62,2025-04-01,Violence and sexual offences,-0.101359,51.5187,51,0
4362f6cc3a724f182445dc59e72a7aad019780522f353c37317ff49aa0f07cf9,2025-04-01,Violence and sexual offences,-0.102726,51.513911,27,1
30422a91da68a93c46ef646c6d60f31fba6f13b802b5bb359ca68ba3231530c0,2025-04-01,Other crime,-0.108027,51.511884,13,0
,2025-05-01,Anti-social behaviour,-0.097078,51.519045,64,0
37af3ffd1890b918df773a253a3cf8a23422fc0c9b3a9a68c07d7fcc8e0564fc,2025-05-01,Bicycle theft,-0.097078,51.519045,64,0
9d07e096bb7692313fd0754a5ea29c7c37410126a9480ad5df789baec10814c4,2025-05-01,Burglary,-0.098519,51.517332,52,0
c27f28ef11e2e27f7b7889e0a7654d7d27120946409f6abbf04e24bdcdd1f614,2025-05-01,Drugs,-0.098519,51.517332,52,0
eb52dc6eea5fdfc56bac6070bd0ba67fe760d9bb8c503b567e9e95218b158621,2025-05-01,Other theft,-0.097245,51.515387,40,1
9af57784036b5a5568fd4e8e9e3e8304bb4da0c98aad49c2814a9c438ccfe6d2,2025-05-01,Other theft,-0.097245,51.515387,40,1
aca666c3d0324e5cb688a2e86171bd1376ccef9c82a1004339e4dbb36b10129b,2025-05-01,Public order,-0.098519,51.517332,52,0
2c3e4abed7671e29538a1b96a274da6d74e95e7adb6a34bc03ec2d633cfbb3ed,2025-05-01,Public order,-0.098519,51.517332,52,0
146582d77cdfba8470c274bc403b47d339166cbfa3ad0f60c7921b7c1cd122e2,2025-05-01,Theft from the person,-0.098519,51.517332,52,0
754963f10273fa17a31651337d45d7cf32774fc2c9c86bfe94f598786848f6cc,2025-05-01,Theft from the person,-0.097078,51.519045,64,0
9e9411070c6898a4291d1dc620fc531ae3662e5fc283618929c81351bf2e82fa,2025-05-01,Theft from the person,-0.097078,51.519045,64,0
d838c3810b770fd6d36b629ef7f138ad1669c0ab15ce902e94af5321432e79fe,2025-05-01,Theft from the person,-0.097078,51.519045,64,0
07b7401f44e9b3f4d536b9d522e313fd5453d92cec39a61de0a2e7330b1676eb,2025-05-01,Theft from the person,-0.098519,51.517332,52,0
c3bc10f348389eabb6b0e13ac3ad286787f1e90fc005801b148e77d412b95943,2025-05-01,Vehicle crime,-0.096367,51.515355,41,0
771bded62abcd430eb4ee0b0e8cd09c3d539559944cfcd11fce557f255167d4f,2025-05-01,Violence and sexual offences,-0.098519,51.517332,52,0
ebc0e6d40e6041bcce1c0aa3973a9af4ccb1604c99c2082c2c8bc7ffb10a471a,2025-05-01,Violence and sexual offences,-0.098519,51.517332,52,0
,2025-05-01,Anti-social behaviour,-0.092971,51.516271,41,0
,2025-05-01,Anti-social behaviour,-0.09413,51.519961,65,0
83ca1830491ab35b8a4d8eb5376b0831b19a4521e75dbc8331d56595891c8c39,2025-05-01,Bicycle theft,-0.092971,51.516271,41,0
6d29f2ab54fe20666a599bc0ea4c172535fff351f8c2a344d2e30c0a92b5ff5b,2025-05-01,Bicycle theft,-0.092488,51.520598,66,0
017f61d649c3e07bcfb41212a467f83b5325c0e09574ff691363dad56ca2c754,2025-05-01,Bicycle theft,-0.092488,51.520598,66,0
71570f6b0eaae5549978ed2bb798ac0f0b7ddc49c5f17c8f76f5cfaffe8cc6c1,2025-05-01,Bicycle theft,-0.091668,51.519865,66,0
4c510b43d4ebe7c0738778df4a2645a2e883f606e6020513fa3b79cf26cf901c,2025-05-01,Bicycle theft,-0.092488,51.520598,66,0
fbbdc06102e4116d0f04b7e9f5265067ec4ff31cb9ea5e8d5284c63befc15622,2025-05-01,Bicycle theft,-0.092488,51.520598,66,0
28c0052baffa9afadf1c178870e704cc57fa50d7285c249080a51a951985f2fa,2025-05-01,Bicycle theft,-0.092971,51.516271,41,0
2177b1fdb4d51edc75d0de3c812ffcb6a38c2ab99c121141a04bc6412b803728,2025-05-01,Burglary,-0.09413,51.519961,65,0
f39f3416fe7c35d37c80841f9fcea5b0388a2d8e053d813da26ca9792ec22819,2025-05-01,Burglary,-0.09413,51.519961,65,0
6f942888c45e941a82243bf670420d261488132ce862c99489dee1a66123a3d2,2025-05-01,Criminal damage and arson,-0.090553,51.518948,54,0
abcf49c68b29c0994e9d1b788f092097579030db5e7947160413bf024c78b9ef,2025-05-01,Criminal damage and arson,-0.09413,51.519961,65,0
104fb2c894c3ece6944e0480e716b45a36557e73c4c7d60bb14a826a4053e330,2025-05-01,Criminal damage and arson,-0.095704,51.516747,41,0
29e8fdc824d7c1ef9b689889ce94270fe2eee075d69a9b329ddfadf70d3c8591,2025-05-01,Criminal damage and arson,-0.094655,51.517369,53,0
21823258429d09a5e129e6a18d9556a8767703a577e32ac80e07099503266710,2025-05-01,Other theft,-0.09413,51.519961,65,0
33261ec3827fcdcf3dcd053ade001aee78769b65f946e8c4a2e18b0c3d384957,2025-05-01,Other theft,-0.094655,51.517369,53,0
b7b94deeeac7e2e50a624a959c2603d0f1fb175e73462e8167c155f8a4f4ffcd,2025-05-01,Other theft,-0.09413,51.519961,65,0
b69d4b6865a75a7816bba8b4c741155f100d06ec47c76e748f07654a7192e601,2025-05-01,Other theft,-0.091498,51.520483,66,0
62bb9227c4d9a0f4dac7b81e7e7fdcd5643b0b643d80d5a673490c6e0fd4754d,2025-05-01,Other theft,-0.093886,51.518166,53,0
57dd3ba046be9dedee69508081db71e61b76aa3b1287972dba15699a52667ace,2025-05-01,Other theft,-0.09413,51.519961,65,0
98db1dad52df4acdf90bb72bd794a50411d38daa78f7e40aec396dc1638482ac,2025-05-01,Other theft,-0.092488,51.520598,66,0
f733ed1fa569d7e8f6dd8950557413af0ee02c4eb1c52f8e9867114ff7a3b6a7,2025-05-01,Other theft,-0.092488,51.520598,66,0
0a93102add5db989e3d056f380191f4f21ba1da16a6c136d6563e87ab04123ad,2025-05-01,Public order,-0.090553,51.518948,54,0
5d7d4ca14700d9baed78b678e66fac5b2b67e58a4e6fcdb47ee9f7ee6a87ceb4,2025-05-01,Public order,-0.090105,51.520001,66,0
9141de080c32db9adf3ab69599d195362de89a6f8ac08dc190883f25b4db222b,2025-05-01,Public order,-0.092971,51.516271,41,0
42bb277d1acc4a9e84c971ff62514bb750425e27c65a29c5e300da9dec72e05d,2025-05-01,Public order,-0.09413,51.519961,65,0
54a75e1a54cb7e79ea6fea026c61ba78e5eca61ac5ebb1d664e859e0325e50f3,2025-05-01,Shoplifting,-0.090553,51.518948,54,0
fddcfb2f58f3ae4c188f012b150250f78192f63d68e5c1396927262cfe4b94b9,2025-05-01,Shoplifting,-0.09413,51.519961,65,0
a961570543f3a8f311f9f8e1a997b22eb3aa8ad3e53b7f7ebded172c472f7485,2025-05-01,Shoplifting,-0.090553,51.518948,54,0
02c86696ff76f9b2f2a11f672533a6fd0152883ab1e2b8fff17f0e3185f472af,2025-05-01,Shoplifting,-0.090553,51.518948,54,0
297eccae9be10c9de4720f18f9f401f210592a7df108c160624a0a588dd90bf2,2025-05-01,Shoplifting,-0.090553,51.518948,54,0
6982be6d0d25355bb5af8c47be6afaa5f12c4d904ccdec83846155f9047fa49d,2025-05-01,Shoplifting,-0.09413,51.519961,65,0
12023af8738ff50bc45d3851f1db84a06b8bc674e165ba9806885d85a8ec851f,2025-05-01,Shoplifting,-0.090553,51.518948,54,0
b6226af1888fbef40ba2ea4f4da81fb866ae38afdde596f46e197e3bc7a17469,2025-05-01,Theft from the person,-0.090553,51.518948,54,0
c1507262f400a9ad7309cdf6169ed349bcabd076d6c76f222b1697136782cf8d,2025-05-01,Theft from the person,-0.091495,51.518145,54,0
6c83137be15f5b4c5bc5ec682420d7208d1903f6765bdb0a23a0ed5ca3775898,2025-05-01,Theft from the person,-0.092374,51.519517,66,0
b489e1d2b052eb0a2a6da9667816b55368d22d65f8b4e8c53e7283adcc1d861a,2025-05-01,Theft from the person,-0.092971,51.516271,41,0
8d950b5d2f03e509e4a0e567fe387613ebe666efe937f83ca349ce0e12966492,2025-05-01,Vehicle crime,-0.092374,51.519517,66,0
be5ad15e5186a43363fe6f29cce5d06416d2e2da3cb933811650a4c92f607601,2025-05-01,Violence and sexual offences,-0.093845,51.518462,53,0
4d477d07e05b04647ad5365df0f12e93f8822bdf7147356b939a8fbbe82049a3,2025-05-01,Violence and sexual offences,-0.092488,51.520598,66,0
5b798bc1385c28bf7c4da8571d32773a54e6ec71837fb2fa9149efd9767e0623,2025-05-01,Violence and sexual offences,-0.09413,51.519961,65,0
e9ef7701d38c4289b371963cb2ba27a868c4d819994d15940af42e239f95f0cb,2025-05-01,Other crime,-0.090553,51.518948,54,0
94fb3620136b0e181ac953c2c261586ac10367f2463e22147c1126255dad1d2f,2025-05-01,Burglary,-0.096984,51.522426,76,0
26e8d327e31d877c2810fac231ca73ea026c99d3e33879cf17c6cc980f4b182d,2025-05-01,Burglary,-0.095758,51.521667,77,0
42b1a1fc01425bc20e7c8ea283389d2d6990acf6dabb2dec3849ab47f9c9d806,2025-05-01,Criminal damage and arson,-0.094759,51.521435,77,0
60a028247bc349613fc445f3eb13ea97913bb1c92e168525b6dabc4b0575740f,2025-05-01,Criminal damage and arson,-0.095258,51.520526,65,0
6c33978634935a6589a41cf11ec51b172d8015cd5449b7496f83db3aeb2d8a1a,2025-05-01,Criminal damage and arson,-0.094759,51.521435,77,0
e9b86b4a7f590cd3ae0352a3fe2fffb0785491c6c7b551e54f7997b47f688832,2025-05-01,Drugs,-0.094932,51.522823,77,0
272645e094594a64841b737e6bb0627576d67c0c354f7dd2afa5ebd562a45913,2025-05-01,Public order,-0.095258,51.520526,65,0
d7b026612ed8ccc352b49f8ce107031975c77d72e9ee3aa47de96b18c657c534,2025-05-01,Public order,-0.094759,51.521435,77,0
204c75ccae1a6479fe88ae70555583046ff5c7cc5fc69022d979e0e06d41e500,2025-05-01,Robbery,-0.094017,51.520901,65,0
28d228441903c6f717e0ddfb660fba02a4a49822e16e6e77bb18a206d0d5847d,2025-05-01,Theft from the person,-0.095758,51.521667,77,0
2f50de0a8a614595d53661f2dc36693d6ef6a958862d7167d66802a698d45939,2025-05-01,Violence and sexual offences,-0.094017,51.520901,65,0
51232219cfa458e0616a62bf1063e1c6eb07a79dfe46116bae96e0be3d7345e9,2025-05-01,Violence and sexual offences,-0.094932,51.522823,77,0
faded5e81ec8765403c72ae21431a61604a0edc8309961ba9283966c705543d3,2025-05-01,Violence and sexual offences,-0.095258,51.520526,65,0
1a5c4512114ec02923b56800735b7d77ffe2a619d898db1127f429394b8c48e0,2025-05-01,Violence and sexual offences,-0.096984,51.522426,76,0
0c532c115b5b240dbf60c887ed3e3b70d5f75d1432eabc1cc6c1752ce09cb09c,2025-05-01,Violence and sexual offences,-0.095258,51.520526,65,0
e230d2bd7c335ec42b382f444b6616101697c3fc8719b68b7367600a3defc71e,2025-05-01,Violence and sexual offences,-0.096114,51.520747,65,0
7a804209da086813857d8369adcd26a29eb19fd57623871d7e99c7f44c1fa56d,2025-05-01,Violence and sexual offences,-0.096114,51.520747,65,0
c2a73dea3ee9e44c8784b66285288561d67544d39c5953cc394465ab8d954d47,2025-05-01,Other crime,-0.095758,51.521667,77,0
,2025-05-01,Anti-social behaviour,-0.075866,51.511406,22,1
e0cbb8e5983588c6755eae175f07029f13be3570d399e1d16abdc00c19f2a449,2025-05-01,Bicycle theft,-0.075866,51.511406,22,1
5cf291a2e65ebe29b78c4c51e4f81c9d6b3ed31e1691288a90b15f065024410b,2025-05-01,Bicycle theft,-0.075922,51.515894,46,0
4ed6e3e4510e43d92aed008777a0bd8ca830ef1d4f0ee238bc19433e2e5c937c,2025-05-01,Burglary,-0.078783,51.515383,45,0
46a0bd626c1d55c1b22a02f91f531eef3a9595b1b577baa60a3beb2f15335b38,2025-05-01,Burglary,-0.078839,51.515753,45,0
eb1a55a034417016e74ecc69674905c74c9970a643b3e8ace4d4ca09ecabc0b5,2025-05-01,Burglary,-0.076145,51.512642,34,1
50dcec261ca9479615f0c918ba9b68baf0725f8747fa63e6b6e08c257bfae571,2025-05-01,Criminal damage and arson,-0.077511,51.515812,46,0
217df1c1d1b038e0c41b5db1206dd1bdc33684a5a09f3383fa591629d2939e26,2025-05-01,Criminal damage and arson,-0.076425,51.516271,46,0
f89f30af9bddde3abf5bbfaa8062dc7920f0f221a221cbebaf098254aaaaf442,2025-05-01,Criminal damage and arson,-0.075453,51.511965,22,1
04e250bb0edfad76244c89ba2c8a483ed0d343985aee66d00e3a76e3d9e07040,2025-05-01,Criminal damage and arson,-0.076425,51.516271,46,0
d9453c7111a2051b390688071df376fa1de6cda49fc492a892befb6eaaa2d891,2025-05-01,Criminal damage and arson,-0.075401,51.511164,22,1
c0f551cb872734bf6ed5caf58ae13ba90b2396b030877453fc5095ec87fa766f,2025-05-01,Drugs,-0.07433,51.513647,35,0
90728b752e4c454f6df07bfc21e8fae7381d1ea123bdbcf9aecff3c835fa4688,2025-05-01,Drugs,-0.076425,51.516271,46,0
a66ad5a5fe91dcae2a98efa0ff2549c86156e28f29daafa41a7fcf8c6cc1d7bb,2025-05-01,Drugs,-0.075401,51.511164,22,1
93b6fd6c36c627c36687e4961b87c10be52344017b8a7bcc0bca08193702f434,2025-05-01,Other theft,-0.07433,51.513647,35,0
566bf6822df769057ace334fa0ac4735665e2922d0c2f6dba72164c28fb40b4c,2025-05-01,Other theft,-0.075401,51.511164,22,1
4487142555d8814d50f61f352a679880f1fb8f93f7f4520acf2cbe6a82570835,2025-05-01,Other theft,-0.075401,51.511164,22,1
883dd353c81a60701809df40e0ec8e2b31470b42454f478754588599f1604b5e,2025-05-01,Other theft,-0.075401,51.511164,22,1
da61b131fc876b562feeb12658ea45a53a630fd148a9c78c0b7b5bcefa3d24a0,2025-05-01,Other theft,-0.078839,51.515753,45,0
b7e3abbc6b3698d5bbd88dc9d02362e45ad60ae74676a7aadf95057d9b073fc0,2025-05-01,Other theft,-0.07433,51.513647,35,0
0266f72f47233f4bc61cfa95e0083d7d5a0594b1a299035c9f81a5767facd613,2025-05-01,Other theft,-0.077407,51.516215,46,0
7ce1881c1daf0e943b13d5e373cbb1242c2885f40e8eeea75ca540949e91f343,2025-05-01,Other theft,-0.07508,51.512625,34,1
c6a22e862e84aa78f6218bef1ac32a76fd6436c32d291088e37b57a10133b386,2025-05-01,Other theft,-0.07508,51.512625,34,1
bd56c9e47a957db14b78fcaed62b06d11a19245d2ca0b303a55aeb92f36226aa,2025-05-01,Other theft,-0.076145,51.512642,34,1
f2be74e83bbd5c413f0e9882b7371c76dce8e0bbb0e074d0f0c338e12a08a286,2025-05-01,Other theft,-0.078783,51.515383,45,0
fd9794fc9383be2d821170ce3b4480b3848a0c60afee27b0d725a8a1480b6d7d,2025-05-01,Other theft,-0.075401,51.511164,22,1
5c356df8200de4c771a4125224c86055947c81c7e5c4b4575289d6d45c35c57a,2025-05-01,Other theft,-0.078783,51.515383,45,0
faaf1f875d6e8924ca274023838fedb4d1477c57c254e8867fd746496cbafd90,2025-05-01,Other theft,-0.07433,51.513647,35,0
e9431eb1dcb9e7f12d376f1428337e02a879b556f6718484aa5e3f127c4481e8,2025-05-01,Public order,-0.076145,51.512642,34,1
5657346504b389c55333de2c1b7dfb62a48d592b80b0a78f6392034f589a3d71,2025-05-01,Public order,-0.076145,51.512642,34,1
0969dd3e4cf02432a870b7dfb5d7f797391f8853346586d0f304155e2784f330,2025-05-01,Public order,-0.07433,51.513647,35,0
0e4c7b147e15f2a122245d0d7282efbd84f5dcee3e928fdab123a7092bf648f3,2025-05-01,Shoplifting,-0.075453,51.511965,22,1
496f46f7bcfae8e415d4b1152ff58fd4876875fe6e1d392dfe03bc45682a8173,2025-05-01,Shoplifting,-0.075401,51.511164,22,1
0a923b2096d4bcf2a91fb1fa25bd4b339b3addd8ade7f637378f8e37cc00bcc4,2025-05-01,Shoplifting,-0.075401,51.511164,22,1
1c5d61f6c326eaa8f1d5d7457dd02580c8d0d8b95afaab6467c08786dc7dd5ef,2025-05-01,Shoplifting,-0.075401,51.511164,22,1
7412c6b55b4bc863f7342949f159c3edbbcf8952d8a1ee1a221b9d398e96311f,2025-05-01,Shoplifting,-0.075401,51.511164,22,1
7873378b29293cca59294f48836c88fff2402b4a0adb2a1b7f53518bfa6f60a8,2025-05-01,Shoplifting,-0.075401,51.511164,22,1
0bad492946ab145973cbd18a24ff6e3a602edaf582f0559e2b883512a76f6cc5,2025-05-01,Shoplifting,-0.075401,51.511164,22,1
be66d282405bc5aecdc9bada455b30350a6f92609f22577120dc0acfb25373f5,2025-05-01,Shoplifting,-0.075401,51.511164,22,1
e77a115c2f5c07a497833e8029026a9110a3d12b924a84af7bcf2d33351f5118,2025-05-01,Theft from the person,-0.076145,51.512642,34,1
bd1dfdf8368b3003183b1f63666bd8145ae5ff0726a4e88d026d55d7db5633ba,2025-05-01,Theft from the person,-0.075401,51.511164,22,1
59cf94b644600acf2767527d66e9b668f766533e0a8adfc2c9460f3f36116960,2025-05-01,Theft from the person,-0.076145,51.512642,34,1
110dfdb6e5c36b292262f3a6f045f270a00a2c8b95dab2fc1c33e7454f622e09,2025-05-01,Theft from the person,-0.075401,51.511164,22,1
434b8bbb777e6295b3a5330252db90915682b596be0319e5c565ffad2b1b9b32,2025-05-01,Theft from the person,-0.075866,51.511406,22,1
caaa8b9fa68f26813e3d0705d7757ab221b157d503d90b82ec8f14f0be5a5151,2025-05-01,Theft from the person,-0.075401,51.511164,22,1
555ebefbd34fc316dd4def8b8f370b4968ef58e32d4eb621b905335dbd823517,2025-05-01,Theft from the person,-0.078839,51.515753,45,0
d9e3c3511525b3a6516194a4a65165d382c2e25754c414327c95ed8b12753319,2025-05-01,Vehicle crime,-0.073717,51.510084,23,0
637cc94cadfde9a42d56f2708b9b034756109e09ffa4b68cda16d95acdd98983,2025-05-01,Vehicle crime,-0.073704,51.511748,23,0
05c979b89b9afe6346c16b751c40b3886aa88197b6030e757fe419f1fcfa7b11,2025-05-01,Vehicle crime,-0.07353,51.510405,23,0
ec5db582c7ac8d21516e618ce72b143de6871060c41f481fed12aa2fcf367360,2025-05-01,Vehicle crime,-0.07353,51.510405,23,0
3f734672e61b40ba0d65ddb0afc8964c438607c0013b3e179468f5b78f76f7a2,2025-05-01,Violence and sexual offences,-0.077511,51.515812,46,0
258eaa3b0f2b051fcc701f66718f62b1b48d464502f7ac72249ac94921191dec,2025-05-01,Violence and sexual offences,-0.07433,51.513647,35,0
c1be78312de6e26699aac7df6450eca0aae4da0012bb9171b20872f28ec64862,2025-05-01,Violence and sexual offences,-0.076145,51.512642,34,1
70a6a6fb821bfdc9b2b0aeef1918cbf1f8b9ea782d79a6421438d1979ee67e06,2025-05-01,Violence and sexual offences,-0.07433,51.513647,35,0
d168b25b0ca594866cba676b12d38844ef56c5df2314930048d15e0d99886d15,2025-05-01,Violence and sexual offences,-0.07433,51.513647,35,0
7521cda507c16ba6f0ab7547fc5b1e4af433c6f87d9453459bf870bbb83d7ea0,2025-05-01,Violence and sexual offences,-0.077511,51.515812,46,0
a84fb80213f7b86d6c31a577d6b95007a97ee8fb351365fd13ecb76435e5bdcf,2025-05-01,Violence and sexual offences,-0.077407,51.516215,46,0
,2025-05-01,Anti-social behaviour,-0.078755,51.51844,57,1
,2025-05-01,Anti-social behaviour,-0.081643,51.51007,21,0
,2025-05-01,Anti-social behaviour,-0.083977,51.510441,20,1
2a3c92970b2758a35f1fc6a8de23ec13cbec102cf109e3f6206cb4e6038d25bf,2025-05-01,Bicycle theft,-0.081643,51.51007,21,0
b20f355ca12eccd48e4e6d2ac06e0e11e51ecbc4eeafa69a07cb4e986d2f7d37,2025-05-01,Bicycle theft,-0.086815,51.517007,55,1
bd3b38719256928c873997f6e11fbac3b07568847b98d0d9df788de1411c74ea,2025-05-01,Bicycle theft,-0.078278,51.513666,34,1
cad2cee99dcd5c059668b85ea809bece0f9e0201fc7374621aeddc50c600b486,2025-05-01,Bicycle theft,-0.086815,51.517007,55,1
c651712a0a2380c02332964d496ffd1f72ab4f72f97d2abbf0d91d1bde4e503d,2025-05-01,Bicycle theft,-0.081113,51.516869,57,1
c27d33b0df543ca60e7e54aa75ce0e69ef778ea718c7f697780289355bd3e71e,2025-05-01,Bicycle theft,-0.092036,51.511049,18,0
55cd52453ef6ed86eedab2473e74d1eb31649db811432469f411330aa3d0e16b,2025-05-01,Burglary,-0.091823,51.514427,30,1
3dc94660a15bd14fe42f58cbc0ee0a5dbbde6082e06e8134f0b90eb32556f362,2025-05-01,Burglary,-0.079907,51.517785,57,1
81100ef863d7ea406806bb3cec2063020cc2f6437b6a75a74eb021d0f106d525,2025-05-01,Burglary,-0.079196,51.513789,33,0
20cc2c2cfc39b865810b031f0a90370b63c3b27c3a2ec14f831759db0fa4a897,2025-05-01,Burglary,-0.092531,51.512658,30,1
1013e707944d69da5ef28a061d3bf1cab1253738453c6f0abdd21090f22f2f9e,2025-05-01,Burglary,-0.087157,51.512624,31,0
1f5aa035c0918cbc6c12663728bf96b66fdb1af51d1342b984bd3bd01b3353bf,2025-05-01,Burglary,-0.07912,51.514912,45,0
d89e1689b689bd16e261b145bb1d3f24bacae82974ec2994a4bd40e82db294ef,2025-05-01,Burglary,-0.083349,51.51483,44,1
3f316e85526c47aad38bfb8ac1628265a3c94a185ff1bfa73017598a3f700173,2025-05-01,Burglary,-0.083349,51.51483,44,1
0bfc0feee00d62ebf0d9b2688e147f9712493ad335f6a69c9dee7df469b52e45,2025-05-01,Burglary,-0.09407,51.513079,29,1
a802e06556257147531ea87f7ae96af1fbb526da558dcd8ddaef4e733fdc5b3c,2025-05-01,Burglary,-0.084844,51.5097,8,0
9dfc1f293f701c8520039e41a3743bf8d4e010921327779da08458711c1a9e3a,2025-05-01,Burglary,-0.07912,51.514912,45,0
25d145e9a2fc5274ba726c88547108fddb18c021e14276ee07fbb88d7b040964,2025-05-01,Burglary,-0.07707,51.510877,22,1
2f4fb3b111f6f3abdd4b91e9d38bd2a97741a1033f0160ea19a3f600a2e751e7,2025-05-01,Burglary,-0.079838,51.514267,33,0
aedbb4f987e95014a7cb8a803a7f875c7d26b353e64a285d3c712c8dc2bd8d3f,2025-05-01,Burglary,-0.07912,51.514912,45,0
a2012ee46e6259b1e9a602bde74da70846615fa988b7e877afde24aaa4ae461e,2025-05-01,Burglary,-0.083349,51.51483,44,1
bc6dbcd9290bf42fc191444a468bd3e5ca3f308808236e4f1be8a2b9e062b7a4,2025-05-01,Burglary,-0.08491,51.512588,32,1
928e969e0f0f86f7a6941699fd9a002a019121bef068de6a80acbc4a0a21fb63,2025-05-01,Burglary,-0.101589,51.513515,27,1
8c8ff7c6caa57a2145edf98f9114316ad806d35aa70a99a13f1586aaab8c23cf,2025-05-01,Burglary,-0.087772,51.510665,19,0
055200198e299b5ef63dde625a3acb7b87d7bd1c2da91b358cb2e9c82c3ac6f5,2025-05-01,Burglary,-0.081973,51.515948,45,0
973a7e873361a5e665311e0ee2c5b79b5e4a925bf9d15b6bb88bffee2952df9d,2025-05-01,Burglary,-0.083977,51.510441,20,1
dff4c2bccf926ae034829b1cac0c1f0ec9351bbbb924d5a8ca60f07ec02e1930,2025-05-01,Burglary,-0.102134,51.513929,27,1
261c46a057cac474142801f1cef92fb01919c8bef3fe749adac2bdec466a9eca,2025-05-01,Burglary,-0.086815,51.517007,55,1
22775fca0fdaee87be988e7fb52620d817f5ed5fd6b01342363486756b798ba8,2025-05-01,Burglary,-0.089479,51.510864,18,0
6b6026ac8c4ea76ac73060c81750d113dae69af03dc2ad08c2115e314aff55c4,2025-05-01,Burglary,-0.078278,51.513666,34,1
27d6d6d1edc8cf8374af1b48866fafb1edd717f10e0b1d1bd71959b70701c592,2025-05-01,Burglary,-0.086815,51.517007,55,1
5e1fc973e798f1d4401e371149eb918ad163a3d3ed5544c1284af82cc683fefe,2025-05-01,Burglary,-0.086815,51.517007,55,1
db08b89a1c3b8807e50c9b26afb9f9db6fd10a68b693c3ae977baba96cc675c6,2025-05-01,Burglary,-0.086815,51.517007,55,1
2b60f9fa7d332efe39502232307fa5e7f56815722b664b10c202580047fb198a,2025-05-01,Burglary,-0.078755,51.51844,57,1
6aff2ea4cf69037f3f2211cdebcac7f02d9e5208edb3cb704bb99f5953844d73,2025-05-01,Burglary,-0.085228,51.51119,20,1
6069a61cf02b76df2e6603f4cb8b9005d3cb61dfa3c3bdf26701beb4a2df6dc1,2025-05-01,Burglary,-0.084754,51.512882,32,1
127842f63208564402279b043dd53904a11b23994cf6aa3869dd36dca0aa054b,2025-05-01,Burglary,-0.079907,51.517785,57,1
186ecb5d33b71098bb143c030f4013797e39cefa8d0afa3a2acc035882dffba7,2025-05-01,Burglary,-0.088785,51.517102,55,1
25a6c050d4777c5e546e5953071133e48c07d9bd57a70fd4efb858c77373b34d,2025-05-01,Burglary,-0.083349,51.51483,44,1
038dfde85d3bab38f99b07563236a00f99760d75920236bd0c2cf1cb018523a7,2025-05-01,Burglary,-0.093339,51.511557,17,0
451ecca279e080450f79c1f396e0850e0c592aaca8ba540316fb88ab2da91f78,2025-05-01,Criminal damage and arson,-0.09154,51.511896,18,0
a85d65d11de3a1450a66b074e35b473f67e9148738d6a91d5db36e871f882fa7,2025-05-01,Criminal damage and arson,-0.079907,51.517785,57,1
0e99539cbcdf6fba2c6985d07fce6958290892a8a023d9aa436537b1e4d37c16,2025-05-01,Criminal damage and arson,-0.096501,51.513874,28,0
6431aee5b9c10492308dce45fe226887dc683f6b024747f8f7cbb41823dd91a9,2025-05-01,Criminal damage and arson,-0.09583,51.510967,17,0
4ed3d877aca18d107b72746b34c2af7cc48fbc42fc2f39ecfb0a6f0c54e70233,2025-05-01,Criminal damage and arson,-0.079907,51.517785,57,1
0278acbb7849c8d1372393118c3c12737d2896fd106e6c478f0b28c06c7efb11,2025-05-01,Criminal damage and arson,-0.095924,51.513882,29,1
47f8ad045a9bf72ce28b83f9bb06ca088bafe3cb48157fce73f4096289f1c91b,2025-05-01,Drugs,-0.084844,51.510725,20,1
d31b41a80eaa1e9243fbacee5d87ab6e7fce1f1f60f75459eb8c391e85769850,2025-05-01,Drugs,-0.092036,51.511049,18,0
719755e4571d016138db94319c01aeeaf7d62459adda970b9915198ad8fa2957,2025-05-01,Drugs,-0.084844,51.510725,20,1
c3e249559d3d1541794c58e94edad6e71a768d2f7e6df9c6ce9c975538ab3121,2025-05-01,Drugs,-0.081902,51.517296,57,1
20e4763a9b09e9529cc2a670a3a0c698630449bf7f9961d2df16c2d79b1c4afa,2025-05-01,Drugs,-0.0949,51.513209,29,1
0d46cd9cc27682a2ea633dcdcfd9f6ec1edd35958f3228ff1ec5646bd8bb7999,2025-05-01,Drugs,-0.090578,51.509722,6,0
85818f839d97db3845f8152213efc9dac405184388c48044469a432f632aa116,2025-05-01,Drugs,-0.079907,51.517785,57,1
56e9bd0cc78af03400f3be72abd4d54b454ff103d4416d7c7f11a8c7908691a8,2025-05-01,Drugs,-0.09407,51.513079,29,1
e8c1846d8fbc05e08910a076752a16409e5d8ece2f842ae99dd15e54e36f94ad,2025-05-01,Drugs,-0.087157,51.512624,31,0
e566d4b7f99391c816e8587e2945b55b25b63e8b114314d0c894bc6b3525fe1b,2025-05-01,Drugs,-0.087157,51.512624,31,0
2a33ee91d3b8587d89a4aadc0f1bddc6f899357841a76e56175704ddb68bae02,2025-05-01,Drugs,-0.095764,51.512549,29,1
b9984981bea62f4be0ab00830a61b4d57f7d53ae9baed941247b8dacfa98e53b,2025-05-01,Drugs,-0.079907,51.517785,57,1
4e5bbadc6ca10b1fee2d031cb32b5d0e074a4e687816b9992615c0b51fa984e9,2025-05-01,Drugs,-0.081113,51.516869,57,1
3f18609c4c0fc891da0a489a32901afd91bc9b93cd82bb595dd9d52e3e08b2bd,2025-05-01,Other theft,-0.101589,51.513515,27,1
71520ef1d9449d38b388d379b747557edddbda24ddd97d809aa89bbf88fdccbc,2025-05-01,Other theft,-0.081091,51.50882,9,0
a7a5d4ffe8002db997023bb416b9e73fc4ee756d71586abd59e4f10d856f591f,2025-05-01,Other theft,-0.084836,51.511939,20,1
b55afffbe7e34249141b5f4972644af7270fad90bb059732c89d67d928e8dbc5,2025-05-01,Other theft,-0.102134,51.513929,27,1
a867f549e4ded24bebc5ef07f389333f9f2299761a771ad9c293f5b878053ced,2025-05-01,Other theft,-0.089479,51.510864,18,0
5624ba61b382779e11546f8b3d69f5c619905504009ec82d7f7127d10c270a01,2025-05-01,Other theft,-0.081512,51.518692,57,1
70ea8125be72cb295c7d380d3c2965ee41d4e84b9e48f45823caec397eebf357,2025-05-01,Other theft,-0.09407,51.513079,29,1
490dd449f2bc1d6313e131cbbdab00987f374b2c4b78f68d25bc0dcf9e1a287c,2025-05-01,Other theft,-0.101589,51.513515,27,1
c846f78cbd967c3927a63582b3db679da4ed3fa1f82154122945a79c9fb0ff3c,2025-05-01,Other theft,-0.09154,51.511896,18,0
f6bcde199f43608226c2cc92ef80337a2efaf230a9ee5fc0857759f02358fbc4,2025-05-01,Other theft,-0.083977,51.510441,20,1
be355eccc44e06e0be28720c1d8d72bcc29886ebb3051ebdc7ef4a340eabc4f8,2025-05-01,Other theft,-0.092036,51.511049,18,0
3a747357145fafef7aad9f274c48fa74c9fa1a2d4451a0bb3b2c8f94be739fa5,2025-05-01,Other theft,-0.088785,51.517102,55,1
4b1e54f23eb23d57c5b2f531c35f7626c271d628cd816ad4a0a87c790694a350,2025-05-01,Other theft,-0.081902,51.517296,57,1
3ce82866ce50963b461a25bb5558028ec929feb59adb9eac67d22b9f0ec7a1ba,2025-05-01,Other theft,-0.09154,51.511896,18,0
8bce9327de1c5acbc6aab384dfde2ab0709e52bf4ebc3cb2c94be2d1c7d1e44a,2025-05-01,Other theft,-0.086019,51.513631,31,0
66ca3f78ebce3006c4aaf8daf728a25dedba427d9513ca2c94d7798da4e7e9d3,2025-05-01,Other theft,-0.079907,51.517785,57,1
ce66e57ee906fa17d8489e61f863ab8d76e0d1f0e59ae33e2293640ee339a748,2025-05-01,Other theft,-0.081512,51.518692,57,1
80e03dbfa6788577633b76994ad260738457b1c6db86258cbad8eec33e4e89e4,2025-05-01,Other theft,-0.100201,51.513286,27,1
c967bb6d9462af658de97283fe620d657e00f354d37c17e7f95ae97749c9d637,2025-05-01,Other theft,-0.079127,51.509607,9,0
ba557dc9ed1dc8ea94975af4eb71f6232cff935d43ef963595c1bada03a4b2d3,2025-05-01,Other theft,-0.079521,51.511196,21,0
cc9a1d78af0e1def9d4f4d1ec1092895e9de7c7e0d27ecf4a266d90b51d81293,2025-05-01,Other theft,-0.081113,51.516869,57,1
421b2ee07bb234d98d950e288f797a80c38dc63d6ed619a10e306c34d35fd860,2025-05-01,Other theft,-0.081902,51.517296,57,1
13a2962a30a3419ba367a64fee64df60ad0d9421caef1926702e5711aa4bede9,2025-05-01,Other theft,-0.086019,51.513631,31,0
58317126cf9e21b7ca20d8c68fcf7385a61a9311b040eb128867898385dd7377,2025-05-01,Other theft,-0.088785,51.517102,55,1
17f3a200500caa85d9cef197046be4e65f402fcade37b777e8ec52545bc0b01a,2025-05-01,Other theft,-0.085228,51.51119,20,1
5e5ca87686894ad3c8d949438f21f3d9c154abd57cf1ee64b91a8cb3a7d68887,2025-05-01,Other theft,-0.081113,51.516869,57,1
3d25199ce5c460803645c561af571ba9002edde535dc101fe6a128b4eb69832d,2025-05-01,Other theft,-0.078278,51.513666,34,1
dfd8e5c315b4030facb3d31b675617865b7b5882b68afd2f5899aa7154d1d053,2025-05-01,Other theft,-0.084754,51.512882,32,1
732b54f468fb234caced49a0080290411117f5a3afda813563cd0951fda7fb79,2025-05-01,Other theft,-0.09141,51.510167,18,0
b9c3d125a316c93331bc988ecfdac371fe435b9f1d73d2a62bfcff9b8ce216ac,2025-05-01,Other theft,-0.077563,51.517656,58,0
481a915125c63842f68833dd31e5d61edb5307c891e503dc9925bfd49ba21018,2025-05-01,Other theft,-0.09141,51.510167,18,0
9c2d6a4e0bc32dfbe073da06cba53738d948b078bbe04ea143c4f11828fa2f97,2025-05-01,Other theft,-0.077804,51.518083,58,0
f68fbb4570d3ad394abba61677cd479ecda9129d8277dfa2cdd42c5aec535363,2025-05-01,Other theft,-0.09407,51.513079,29,1
672f13804513f7dbc7b1000ffff981cb6418cc49c19c60c6685634c84f402dee,2025-05-01,Other theft,-0.081902,51.517296,57,1
0d1c68acbe5b35a5d025d52f69ca425c23e8be0fb491a4abe9c18ddb1372104e,2025-05-01,Other theft,-0.091947,51.513188,30,1
031fc822de3f3e73ecf3f291953bdd8c5d3f1da362009feead08ccd856b59a72,2025-05-01,Other theft,-0.079907,51.517785,57,1
16990551d1d8997d4c75c40725c904a715086c874bea15a9b6094e52387b9ade,2025-05-01,Other theft,-0.083977,51.510441,20,1
286af7d16d139116d6b0b0e05f4ceddc07d83d388e22c136010f6f992a3594a4,2025-05-01,Other theft,-0.079521,51.511196,21,0
27177fcf3ac8cc667e052fefe4e3b0481029eeffce02b3af4d7f5e3b89b595a8,2025-05-01,Other theft,-0.097291,51.514626,40,1
091ad1296ebd11fa0a479e96cc90e1ea83c0b3d23d0ad4e7ce2d7c3e34ef4599,2025-05-01,Other theft,-0.09407,51.513079,29,1
583f81f1354ea1928e207c4afb428c493ea9eb1de2f2c2c299207a776e57cfa4,2025-05-01,Other theft,-0.086815,51.517007,55,1
3afe799a4a234bae78bf796ca39870fe32d52828324953f518a048d5657acac0,2025-05-01,Other theft,-0.090578,51.509722,6,0
92b11ee7b3f90881047ade4a3fc7fab4a207e4631490dc6cd0611cd7c02cff36,2025-05-01,Other theft,-0.079907,51.517785,57,1
8016e5a8d4965de1e2f059f03a681f11a77ec42c0eba5a6ef37a626940c42b40,2025-05-01,Other theft,-0.079138,51.508312,9,0
d202d95b0d85785ead4990b7cd4ebc457d86b29fa95a4c1b05870f10c7a05fcb,2025-05-01,Other theft,-0.079138,51.508312,9,0
c32d7d19cc91c4766d10919f7e31e6785e1799c56b0f2202940ecd1c5d34945b,2025-05-01,Other theft,-0.084754,51.512882,32,1
1d874fa22e85e4aa56d3fc1dc5c4ad66a6e8dec7d192c70fdc88db792e6cfe7e,2025-05-01,Other theft,-0.079138,51.508312,9,0
b75c4b83bc307e57e7448d7f81fb586ed3bfc5a7b5beb285b44e14ec78ce296c,2025-05-01,Other theft,-0.092531,51.512658,30,1
9430755ebbe340570efaf67fe2dcfa123821f7214c9875c33d5ff97b5db49fca,2025-05-01,Other theft,-0.085228,51.51119,20,1
5c59555849ec3af2dde2dba3a459afcd1a51e33d8ceb0ffd4c9f5bb83e7e9369,2025-05-01,Other theft,-0.09407,51.513079,29,1
5d5b3fd4c83a7be8397d1584e2cf60fa3d3a5fd7cad5d3f69702b9640c240ab5,2025-05-01,Other theft,-0.078278,51.513666,34,1
f1462cd917cce9af129916afa6ba4123bed217961103b3f912f2fd47b00c18a2,2025-05-01,Other theft,-0.086815,51.517007,55,1
014af8c59ba9a9659c1db725aa915c49dfd635d0284c5e3ecc887fc41547cbfb,2025-05-01,Other theft,-0.09407,51.513079,29,1
5d99af01add90213f02f411c70c56e706447c230563cb35d491d512a4fd74195,2025-05-01,Other theft,-0.083349,51.51483,44,1
a5148fb3cf2882241f81b68b70df252656d26552650f614b14b965a9a8408b98,2025-05-01,Other theft,-0.079196,51.513789,33,0
988767e028ac7478c850b1eb3264e91bf2e40ac0931a17d7b6ea396a8e09d8ca,2025-05-01,Other theft,-0.078477,51.509965,9,0
9fd757957085f441b9cae293605830e738e50b6196041f6333afdaee53a04a37,2025-05-01,Other theft,-0.085228,51.51119,20,1
fb7d617645c045d32b446e894a92676ff03666e40faf9898e8f762505d744e66,2025-05-01,Other theft,-0.092531,51.512658,30,1
b9516640d71d816e5cb8de9e93c38c975cc980cfc136182e1a35f6a7b70c72b0,2025-05-01,Other theft,-0.081643,51.51007,21,0
8be8628ab6df1ea0f7ed31f04d5167d5cb4061f01d08fa964524d9ba10b60387,2025-05-01,Other theft,-0.101589,51.513515,27,1
f82e1e19af9d7fa2df4dff7a2c710f26b0d36818813ec8afbe8c7c683b382113,2025-05-01,Other theft,-0.084754,51.512882,32,1
ba3e1a23675704b280c29968be2c063427f1121dcc89dd734e4c2623b57c7d3b,2025-05-01,Other theft,-0.078477,51.509965,9,0
0170c91383ac4ca146da655bbdfa5ebdd6b93ea9d25f31f81e2ccc4169844332,2025-05-01,Other theft,-0.077959,51.511332,22,1
0b5f8b8a0a35e8d1635aa2c096854bc730baf846a238b816f92e95489558b0ae,2025-05-01,Other theft,-0.081902,51.517296,57,1
b4ddc99388b8a3e3eecd0698745efc9852dff58ac1d33c67a9f6fb8253fb22ea,2025-05-01,Other theft,-0.082993,51.51636,44,1
fde42ad92db90b0aface164f2a37d3655558cd477c475a13b919fa1dd58776aa,2025-05-01,Other theft,-0.081902,51.517296,57,1
02eb0d663c079b2f44bbfecdbf3cd597d51e6d237e68b999b0e946454b5e53e5,2025-05-01,Other theft,-0.081113,51.516869,57,1
eb54b3181e10068859c63c0ad2804c7d2ddcb9b07f89eaefb732f89052274245,2025-05-01,Other theft,-0.085228,51.51119,20,1
44f667f7a481a3d6ec71cd3d5e3ec6fbbbf2f96ba93f1edbe455265baa4d3a1f,2025-05-01,Other theft,-0.08491,51.512588,32,1
f75361c7ca9845cf230743b91abed1915f07ef69fd0da37c29de80c419bc802a,2025-05-01,Other theft,-0.096501,51.513874,28,0
26637ca4bb02e0d72cccfd5e9ba57d4105968bd00864c0dd3f2e411b58dd8afa,2025-05-01,Other theft,-0.079521,51.511196,21,0
0a7ee4a3bdb5a73b6842fc4efb2dc6a3f772713c697a038c85cdd7558ab45c32,2025-05-01,Other theft,-0.078477,51.509965,9,0
bad66c34e6f8db095df0581593aabf5c192b15dad9746737806f539c673c0d5d,2025-05-01,Other theft,-0.087157,51.512624,31,0
8d83ec9662117ecb1cdcdde706e01f7ba4fe4dbbdbaebb5d52020c69f0b2cc82,2025-05-01,Other theft,-0.086019,51.513631,31,0
22f172757e1fee62080fd35d887ee62413b53aca49338607caa1321f7af4e620,2025-05-01,Other theft,-0.08491,51.512588,32,1
a3681db3c01d2e565236e7dd6a5c52ddd5e7e8e731164c36003b797ff772ef22,2025-05-01,Other theft,-0.089808,51.517461,54,0
8daaf8d5bf88a17315da8fbde03bacfcb69f4e217931088ad09d0ea77f97efa7,2025-05-01,Other theft,-0.088903,51.510836,19,0
1717d89a1cd68c45700bab5ef6cedff19ff92ed4860ce90190f61ce18c576acc,2025-05-01,Other theft,-0.084754,51.512882,32,1
a035c86518192cf06a0b5b30b5deab7b11c98f3817dc6312780d73c429f6addd,2025-05-01,Other theft,-0.077959,51.511332,22,1
9322df5b7150b46f93ac87719a36145255a7b9e39127f43a34d1a7e70068e68b,2025-05-01,Other theft,-0.092531,51.512658,30,1
1eca8e758669949beb5bd59b3c8001ec7e565627e316af877882e03af7bbe273,2025-05-01,Other theft,-0.09407,51.513079,29,1
1d5705f23311ea6a2887d7c73bdcffdcd511374f93e517884d75476f6b543583,2025-05-01,Other theft,-0.081512,51.518692,57,1
c55c516c17fe92e35963644573d846e3b8e215bca64db74b4906ae8b5b086b47,2025-05-01,Other theft,-0.077804,51.518083,58,0
980ba9de2aeab2da1d7fab643cd6b673579e28e751a66989e68460e13f111387,2025-05-01,Other theft,-0.089208,51.509744,6,0
eca0d36dc8dd612d5af2ef3272e28e65e515387374da6b2ccb872bfee6241b76,2025-05-01,Other theft,-0.092531,51.512658,30,1
2e4f0eb5630e5c32efeb90b6a11f3a0f6f65ed3207708182bf56c2ce8a4f0b52,2025-05-01,Other theft,-0.085089,51.512105,20,1
8bc3b3b0a1bad22fb5df8bc9a37bf1bb01de23a1fb8ac2651a76f168a8f3fa63,2025-05-01,Other theft,-0.092531,51.512658,30,1
b20d6ad87b44b4dc876dd34ce40eb820feaeee8c8bfc66ae4414d325c10fe00c,2025-05-01,Other theft,-0.083977,51.510441,20,1
260732b996d6fe5219f4655b644f453a04a61a663285a19b7951c808f6aa8d50,2025-05-01,Other theft,-0.079138,51.508312,9,0
b412470ab45649ab243ea319844c5e5017a066ffc322d534ee9605a7dfffeb9e,2025-05-01,Other theft,-0.078278,51.513666,34,1
5145d8e41fc637517d78763a6b0a6d1112cd1b95d03ba5119a717260821dc94e,2025-05-01,Other theft,-0.097291,51.514626,40,1
b1967cde2c27f730e14b0a2e8ff6eb1b75303a65034d6ab36c070b50417c1fc3,2025-05-01,Other theft,-0.0949,51.513209,29,1
36516bccd3b7c5f299ba4e266bab07dcac0d2725cc9ff21a1a8e7becac53564f,2025-05-01,Possession of weapons,-0.07912,51.514912,45,0
99490ebdaee6b6fe041e6ed40ff8b54f57f25eeea75c7cd908ef0217b19724a8,2025-05-01,Possession of weapons,-0.079907,51.517785,57,1
9b4749a8aa3084b5657c8a45ce794328bb579a5237f06feeebe5da7dac010fe8,2025-05-01,Possession of weapons,-0.0836,51.509797,8,0
67c29cbbe7a2d05682ccdd92b120255d3d63cc96096b9695f6ebfd2907afe930,2025-05-01,Possession of weapons,-0.078477,51.509965,9,0
ec069238a3994e3c2fd6f41d25b09509897f9d2b58a631369ea0078726b6980a,2025-05-01,Possession of weapons,-0.079883,51.517326,57,1
4639684f5cb1413d33334e28046d4e4e7208707fa76d3e71c580d8a103d12b75,2025-05-01,Public order,-0.086815,51.517007,55,1
8147e41d5e76e2d00f4f996213ff686cd15847e8a3c8255ccd8b073d3de87db9,2025-05-01,Public order,-0.079907,51.517785,57,1
73ebd12e689c83db272878a4dc2a0d9e166f957ee11e03d637a9bfb8129ad047,2025-05-01,Public order,-0.077372,51.51259,34,1
b5fee03074b5daa934646e370a2feed08fe1c4a8d2f973ff3d5a540916cecc06,2025-05-01,Public order,-0.077372,51.51259,34,1
94f469569f2c02e784b6a86e4a4f745328acde6fb061f99f2ae8eee49b6ebb6b,2025-05-01,Public order,-0.077372,51.51259,34,1
d2aa6e16e5de12aae57019d20f5b77b196cfd5d4cb2020c6274c4dd748fa4196,2025-05-01,Public order,-0.077372,51.51259,34,1
19f9f02a4ad9a16a62d2354c59cc164a8325b120b254f3164cf72d7e70be477d,2025-05-01,Public order,-0.081113,51.516869,57,1
03714b64e0804f0c07d7ade743c1cc6fd710ea55409be4285ff2ca98b0177658,2025-05-01,Public order,-0.089208,51.509744,6,0
9c012ab0c48177a55415492c14c369d24db9772abd9fbe4533bcbd339415f5cd,2025-05-01,Public order,-0.083977,51.510441,20,1
29e9e8ec4e29b27ef8901ca1c36f987acec4c75965a07eee19bc5fbaaedd6861,2025-05-01,Public order,-0.095924,51.513882,29,1
b4ed8176b9b015702dc45d48dcd0674cc74600fef52f4606392d611e969cb443,2025-05-01,Public order,-0.081902,51.517296,57,1
ab7df35f7a66f1d1ece49e64d00f63459bc13154a414239e9cdc24bd52880c66,2025-05-01,Public order,-0.079883,51.517326,57,1
0b6caa2c424088aa1d35d52615f47f1fba679421e9a5f2d63dc7fe738ae093e9,2025-05-01,Public order,-0.081902,51.517296,57,1
e2e087bd4c13d0c1eb208a75bb44afde974d4c076a188bd8404ec58d31acaac9,2025-05-01,Public order,-0.081902,51.517296,57,1
8aa82bf60dff137af73beea1f0519f734bad08b10f29b996299fcf46d081b2ff,2025-05-01,Public order,-0.088785,51.517102,55,1
1975767567ee1671b10967caf553d50e184dd3a1607618bdc7f2abb15bca3ceb,2025-05-01,Public order,-0.081113,51.516869,57,1
1cdf2b899ab1d9afc803aa88eefc30ce6351e319af28c0453c5e5f15ce4eb45a,2025-05-01,Public order,-0.082993,51.51636,44,1
730f48d48b85812701728278790fc7d78105f0f456d89dd60cdc4c7fdc9c6a75,2025-05-01,Public order,-0.081902,51.517296,57,1
f6d9bfd7d6fbdd1a77617f6ab073eb2629fb375a59b39ecc1ff5c2541311b405,2025-05-01,Public order,-0.081113,51.516869,57,1
ae439ed03b079938db70c523574bb47804331d2ea7587175565675e56d269431,2025-05-01,Public order,-0.079907,51.517785,57,1
5d15b4f64e9693911bfaa3442c0036607c3e676e193922b951e3fff96cbb2163,2025-05-01,Public order,-0.101292,51.51477,39,0
07ea0aef2e860052a85810634d7a6d9b670117599508e06535570cd52755330c,2025-05-01,Public order,-0.082993,51.51636,44,1
5494c563a1ecf606fb486ad69f5956148e878b14a4bb53f27db48936597f8d46,2025-05-01,Public order,-0.084754,51.512882,32,1
d9836cc439921a578075f715ad9772429cc2b8d866448966668cfb648a6b43f9,2025-05-01,Public order,-0.081512,51.518692,57,1
73b2633f03b7c06734804f0c965b1dcb2ce02c035c6d5a3900821bdc6ed44439,2025-05-01,Public order,-0.087772,51.510665,19,0
9a2a08c4324cd7d55973694e5d4f955fb6b9099c1d028566dbea0fb269af6726,2025-05-01,Public order,-0.079883,51.517326,57,1
45c6a2b4a2840dae3b10f3aba5212a5de638fd31f21b05d68a7ce5b2ae164156,2025-05-01,Public order,-0.100201,51.513286,27,1
0b0b0eb5731fe74c8819d5adc8c4830f5e3b4e589199ef140b72c54491e40c56,2025-05-01,Public order,-0.087157,51.512624,31,0
5cd2d37b591c4968f188af635be0086882e2bd20a2dfb3ac7fea955f9ad75001,2025-05-01,Public order,-0.09154,51.511896,18,0
4a741987f4d872fef4bdcd65221979d7520304fad1d8c21e8dcd18442d0bbe9c,2025-05-01,Public order,-0.079521,51.511196,21,0
d6118ed70572a245e363daa5c83c4db8e7386f37f0948343e03ce03ff0f389dd,2025-05-01,Robbery,-0.077563,51.517656,58,0
a0ae0ed872b1825d5fd65477e5161e81a36b41d0a7c1cd5298b5b4f6ce0b1b4a,2025-05-01,Robbery,-0.078278,51.513666,34,1
a40913b00ca4d6620763d1aab0dd057e85d70956d15aa9de2cf7b03e50a4452c,2025-05-01,Robbery,-0.093339,51.511557,17,0
c10df1bdf55c265522b9ac1ad9762d643bb070f79f86c06ed9a56cc2ee6e3d22,2025-05-01,Robbery,-0.104276,51.513712,26,0
57b05a2a3685ec35f0e4ab6a10762ab71cb7a64b532e5e25eb99dca54e73238b,2025-05-01,Robbery,-0.078278,51.513666,34,1
5c67fdb251ba94d88f17a95f03f8a5afe1d8ada1b64dc0157a906bc48f00fe87,2025-05-01,Robbery,-0.078059,51.509967,10,0
9937a1fcf019d0e038608e1991d5c72891b70c13bed403319773aac23423ad1e,2025-05-01,Robbery,-0.078278,51.513666,34,1
f39299f09f5f58894b34c22a3d8d11f0cb9928beca4fd60dc3c911411d177218,2025-05-01,Robbery,-0.079883,51.517326,57,1
937b25f115fc8dc5fce2481791fdec038481fd1e8a27e5ccdc278ff8a7916e4f,2025-05-01,Robbery,-0.081512,51.518692,57,1
e96fc3b68bafad18abb2c1c9dc9c24265909849251132238fefe6ee5947166f0,2025-05-01,Robbery,-0.08491,51.512588,32,1
fe40a8b327974f686a17dbb02bdaa79e5464ded18fc82da7090ade8d246213c7,2025-05-01,Robbery,-0.087772,51.510665,19,0
1cd68e314472773d9451d1f65298982fb03c14405c422a5519e31a47b0e9992d,2025-05-01,Robbery,-0.08491,51.512588,32,1
49af161a3313d0cd19427cce353717a59c10fb1f68df9fc0b67ea933dd3fa1ae,2025-05-01,Robbery,-0.101963,51.510761,15,0
847a5f19d3f64d43e93498f74820aa261977d243a49823a42f42354ba768eba9,2025-05-01,Robbery,-0.079907,51.517785,57,1
5d2aa8432bc4a9c469c71369d821a7c70a33537814d8c9e4080d3c4b957d6be0,2025-05-01,Robbery,-0.079907,51.517785,57,1
93c25b2353cbea2061f0afef21feae16c5f69860e098c1b5c8745e4fe35b728f,2025-05-01,Shoplifting,-0.087772,51.510665,19,0
1f233f59cb71a38a0a19acbca16276dcce2e6822e852e335e2823daa5bf3f428,2025-05-01,Shoplifting,-0.095924,51.513882,29,1
a666dea7140c1aac99c24d7989fdedf9d15fd6ac97815de6eb84f018c07f07cb,2025-05-01,Shoplifting,-0.084754,51.512882,32,1
07fe1049c82bac12163daa4dfb5393d0551892f3eb788d2353a725a275fc1f75,2025-05-01,Shoplifting,-0.084754,51.512882,32,1
1fbefa5d30ef4d47b3bbba51bca1cf201c3d462891f01579300e1b01d0da079b,2025-05-01,Shoplifting,-0.100888,51.514448,27,1
1dff0af8cf35aa62ca1f0986740387efcf6e2d713f7e0dd00936f56c8a357992,2025-05-01,Shoplifting,-0.084754,51.512882,32,1
5cd0c3d7cb3d46ab4fdaa294a3e2b5f91f0e0f94496878af4b007fd6c3ecb986,2025-05-01,Shoplifting,-0.086815,51.517007,55,1
bbf06b7d5007a32ed900fbd7c251ebd8aea3ee4964f1afde14f4a09466e9879a,2025-05-01,Shoplifting,-0.09407,51.513079,29,1
0af63be607febcef3c119c43e0186b836d3b0ea48fbc2c171e85946fa9495db0,2025-05-01,Shoplifting,-0.09407,51.513079,29,1
d949e7dba68a75736574545691e9db61648df23500e410b9e709fc0ba258330f,2025-05-01,Shoplifting,-0.084754,51.512882,32,1
9ea5fdc6cec0dbad9b8a7a63d1fbe108cbf7b6b0b2b436e19599f1f7da303b82,2025-05-01,Shoplifting,-0.097291,51.514626,40,1
0cd8718f35649dece0142e40655f72520b84270184e97ef20008e5f3fe50db55,2025-05-01,Shoplifting,-0.079138,51.508312,9,0
26e66c89c8149ffd43e898ac0ec1b393e7433ca9dd5a2f7d601d004698f9f73a,2025-05-01,Shoplifting,-0.095924,51.513882,29,1
895913c1bc065e52516ce6a5be387b2e54c4ca0a6af046ce5e949861333ca1cd,2025-05-01,Shoplifting,-0.087772,51.510665,19,0
eda8cee4b50201767134caca89dff704138f90f35b64aa147ee2469e37afaa12,2025-05-01,Shoplifting,-0.09407,51.513079,29,1
4490d89cf9be63a179e09009331649577e1e21a1e787c041a5369d95848d4c64,2025-05-01,Shoplifting,-0.086815,51.517007,55,1
43709074138e0c1896825c9614da37d64dca6a58643db0825f56e153309ed175,2025-05-01,Shoplifting,-0.095924,51.513882,29,1
2db93a40c6949cd05f9143ef65d83bec14467555a788b37605edb9666b84d8f6,2025-05-01,Shoplifting,-0.086815,51.517007,55,1
846315d56bd781572bf28f86aca1e8ae47252b0b95e326e57d66ed682fde6d53,2025-05-01,Shoplifting,-0.095924,51.513882,29,1
2c4678ab5682c02854185804fee57da8ac172eb6bd1747d4f04a5dbd6a9160a2,2025-05-01,Shoplifting,-0.095924,51.513882,29,1
d132030a50e3c55a8f37f63e1e105c1daa953be113ed0b8847021a06dab5dff8,2025-05-01,Shoplifting,-0.079127,51.509607,9,0
5a68b83dc6603e4d8f239232f600ca20ab1a28a77a1adc5a11670f2eaa3952f2,2025-05-01,Shoplifting,-0.081113,51.516869,57,1
e3f31e377aac3a1745185a1829247d1266c2927a8602e444223a7d517f61d169,2025-05-01,Shoplifting,-0.078278,51.513666,34,1
20e26879e08dfd4f36c6f5a81ea5b3d3f39880221f64ba5f3ec2a7e08a7b5dd0,2025-05-01,Shoplifting,-0.097291,51.514626,40,1
99f3b96337aa2e8a29cedb20bba7bdb5dbafc1daf67177c1b34bbaeec1bcb033,2025-05-01,Shoplifting,-0.081902,51.517296,57,1
d1cbeebf04c84676db38ed92735da7d6eb133ef762bcc94a2f92ebfe4f6a95e5,2025-05-01,Shoplifting,-0.086815,51.517007,55,1
7016d1601ca231f2fad11244a7d32c60a645b8cf7a7ef9d3889e8a3637a14829,2025-05-01,Shoplifting,-0.095924,51.513882,29,1
eb9d3312edeeb421f689405ff60b6d9fb41596001f9b37076499ce58203dd08d,2025-05-01,Shoplifting,-0.078278,51.513666,34,1
4f9ae7de4efb61aad654ccb3d971b528cc6e2c06e89a4bdbe12a21d1ca3ad4cd,2025-05-01,Shoplifting,-0.079883,51.517326,57,1
34b3db776fa3e7bc5db402b6c9dd2908963e3f996bd79cd59e6d74ffc9f3a19a,2025-05-01,Shoplifting,-0.079883,51.517326,57,1
2b90b30b98acddd45a25ec1d9cbdbb4860c540b071fc66bbd0c1c1d257e0a55b,2025-05-01,Shoplifting,-0.084754,51.512882,32,1
20dba8ad4bf191775bcb1aa23a63e316d46e3eea129ffed9f4b805bb4eb63692,2025-05-01,Shoplifting,-0.079883,51.517326,57,1
06cf9aabfee539a2675b3e424437c396e6628f98dcb4617a74e3bd6e3074e92b,2025-05-01,Shoplifting,-0.086815,51.517007,55,1
088e8ab69918f1a1fc61ec4deb1210178b0f9d156a558919f822d79526d02778,2025-05-01,Shoplifting,-0.095924,51.513882,29,1
a0d024e24030bfa04c0f121080bad598259791e32e53598cdb955a1a39bda114,2025-05-01,Shoplifting,-0.078278,51.513666,34,1
885e8011133ee0683d9010b652e8b7edb47d1fce3fe7a12a2d2b45b10a17f29f,2025-05-01,Shoplifting,-0.079907,51.517785,57,1
7c878c539fa8c1ddb0e2efb1094606765e1d7a44a128b8fc059fe9f30256f71d,2025-05-01,Shoplifting,-0.095224,51.513736,29,1
5fa106c9c1b9fc6e347e2dce4d85598a22917d6f80921bc50f289a11292af7f9,2025-05-01,Shoplifting,-0.09407,51.513079,29,1
d6f9d9745e09b5fd80bdf8c3f4321a815e0e04302ff7ed644bb95c4afc6fc698,2025-05-01,Shoplifting,-0.086815,51.517007,55,1
d1b6babcc4c67e254ffc989e613f013203559fb4f612cf736f40adfad909b676,2025-05-01,Shoplifting,-0.085089,51.512105,20,1
809fddcb04192e2eec3c3c26d412165679660181ecaef3e0f50cc8c821eb3e37,2025-05-01,Shoplifting,-0.084836,51.511939,20,1
41dde4f96815a9fd56db39112c568c6a2030db3e14dd1ecfadaf79f92e125b15,2025-05-01,Shoplifting,-0.091823,51.514427,30,1
a3ee4b4972bcff17b3566862fe769e3c540995761a319ccf1796f23d9350c977,2025-05-01,Shoplifting,-0.078278,51.513666,34,1
b5d5a1550ae54ac087947f432ad61da66bd418d66dbe7f9e2d3abb9707e5e760,2025-05-01,Shoplifting,-0.079883,51.517326,57,1
d63712e3ae99feff53d7f6c6ed3bba226074ff89ea39abae1ae31f588bacd458,2025-05-01,Shoplifting,-0.095224,51.513736,29,1
1f09300c54b2e4c4473b7d99057da27413a00bcc73d1aebd7c5bc4ce3aab67d4,2025-05-01,Shoplifting,-0.079883,51.517326,57,1
22103bd0de9eb0da9c8399b017e1b20946e7d2beeb8f200d8e6f34291873f9b4,2025-05-01,Shoplifting,-0.095924,51.513882,29,1
56ff380013ff8e4540ce43564174c604198b89469bb14f7f84517c601919151f,2025-05-01,Shoplifting,-0.078278,51.513666,34,1
ce4e7ed5c47d31c3c6b6fbf24437f153a7db3eebf6800f10618faa09d370ff39,2025-05-01,Shoplifting,-0.086815,51.517007,55,1
ea59f4fd28e276458efcaa6f66a5adcdfc856fddcc69799f46985c1681e13ec7,2025-05-01,Shoplifting,-0.084836,51.511939,20,1
c03c7adcc9597ae6a8d67de85b93ac566578db5d416cba95481b76c0ed49220a,2025-05-01,Shoplifting,-0.081902,51.517296,57,1
fc5214bc894b379d15582e726f322261e596ba3f833534864ba0f9a9802f441d,2025-05-01,Shoplifting,-0.095924,51.513882,29,1
1a472dee985cd28a53c00b7e5d73cf5b97ee689bec77df301aaff078583e7748,2025-05-01,Shoplifting,-0.079907,51.517785,57,1
62203c3f066ceec42d027f9d3c3b8622f00b92916f072fc962c2ecffa5c0b801,2025-05-01,Shoplifting,-0.078278,51.513666,34,1
e4637d4a02fd05976097989e204383ad3ac7215ba8a420283f9bebb6f8e8de37,2025-05-01,Shoplifting,-0.078278,51.513666,34,1
b076100eb8423a1e69091a95a6481a1535c9e8e55998b513844a811dfda8f3b4,2025-05-01,Shoplifting,-0.081902,51.517296,57,1
eec9e46e7ebaab047df354d419da9e78824abf6469ebda33037e066693c6aa3a,2025-05-01,Shoplifting,-0.095924,51.513882,29,1
e4b58dc1a8773b3eec38d4523341fa0d7842e447fe52e048c96097694b8ace19,2025-05-01,Shoplifting,-0.095224,51.513736,29,1
ffefce7a7ed55aa5503e370d529a87cdb5743ac7bee7860cf24990b322de861b,2025-05-01,Shoplifting,-0.084836,51.511939,20,1
cc899051e23d976a55e570f6463d5f7b2305372659fa4775593ad90e65c08f57,2025-05-01,Shoplifting,-0.084836,51.511939,20,1
d20aec763b287b8145e3ede1a5089feacbff6dd9478743d28df1183abded2f2c,2025-05-01,Shoplifting,-0.078278,51.513666,34,1
682056f9f56462054d6f0858f08129fa1129b11b72ebfa4a82a6ace3199952db,2025-05-01,Shoplifting,-0.087772,51.510665,19,0
f57e941f35c51f4d694d984e059666ac11eba24c4d2d4a726e0ab8ada730fcdd,2025-05-01,Shoplifting,-0.084844,51.510725,20,1
7cb6c75b4e3e9ffeea385ad9abc5fdcfd7ecd60377e19c0b6d225b273846b316,2025-05-01,Shoplifting,-0.085089,51.512105,20,1
c974c82cf369b9f3d5eb56732c4488dd14aa8f607321fe4c9e81cf353ec1395e,2025-05-01,Shoplifting,-0.081902,51.517296,57,1
55fbe8f1dad1043ef1f5e213a0135f74390f4544c3be9983ae6a8a2dba051ba0,2025-05-01,Shoplifting,-0.079883,51.517326,57,1
d9f49ea65710bc84d757af1acbf525356f4331b291bad1bfa3a460ab191117d2,2025-05-01,Shoplifting,-0.095924,51.513882,29,1
26cd7fa1651fbd803c0eaace2747f147bf82abfacfc5eae3102a6740dd7db7bd,2025-05-01,Shoplifting,-0.084836,51.511939,20,1
707b6c2e641d1b58686910b124379d451390e0d5778912b54f2979ec3c01825c,2025-05-01,Shoplifting,-0.081643,51.51007,21,0
e7c970ecd28709000925a977aaf14a69910957a8e14b3c2196e00c4b60fa3ba7,2025-05-01,Shoplifting,-0.081902,51.517296,57,1
789b0b00837dff3e123078ce220c140de199a34cbc07785086a5298a042bf8b3,2025-05-01,Shoplifting,-0.086019,51.513631,31,0
eb78b5f6b86a06855c238ae36e59c49a06f415ea8a120fa0120deccbe7c79e0e,2025-05-01,Shoplifting,-0.086815,51.517007,55,1
2a1de55582b74cebde6ff63c5f01e831fd44bee51970221766abd882c073cc4e,2025-05-01,Shoplifting,-0.078278,51.513666,34,1
ab14b6aa56f6aa1585ffbffdcb9fefe97dd4c25caef0101dcf765be3b1513e96,2025-05-01,Shoplifting,-0.095224,51.513736,29,1
764a228148c2a909e810911102995dc8692d16f8af727d653818e5fb0b3305e6,2025-05-01,Shoplifting,-0.086815,51.517007,55,1
520b693acdef043e5f4fa0ee37105c5e1fbc65d1ee5e959fbe0eef5c8a55d1b9,2025-05-01,Shoplifting,-0.079883,51.517326,57,1
1afd8027264dc168d2346b75bcafc089befeb9fa667922822bf185f334b42f53,2025-05-01,Shoplifting,-0.096501,51.513874,28,0
bd89e738d67471a5b06e7aee0faca5011d8ca5ed2d37c6ca81d742542f257119,2025-05-01,Shoplifting,-0.078278,51.513666,34,1
08be5be2584facda1c3997b3f8bc75b3ac46f84a18302956a33aeb71c07c98ec,2025-05-01,Shoplifting,-0.086815,51.517007,55,1
2c39dcc7733cb798b31ef3c26f3de958b89b2db609bfee3a2dcf74bfb91a85ea,2025-05-01,Shoplifting,-0.086815,51.517007,55,1
81132a6bc9ec373f4d2a11019c17f2b764cbbf3b0fc894d91e496e978ac5217a,2025-05-01,Shoplifting,-0.087772,51.510665,19,0
2fe8edb1389918d4be6c3b2d0e3fed770ffc07aeedbcfe3c69903fecb24fa68a,2025-05-01,Shoplifting,-0.084754,51.512882,32,1
0fd1d38e394c71999ec9556ca95a4148e51304ea4ec1986e95fbdd53affc91d1,2025-05-01,Shoplifting,-0.09446,51.512024,17,0
fb6a9aaf96489d598cf56aca52780e48c08424e67ed8f31ce86a49705450197d,2025-05-01,Shoplifting,-0.091947,51.513188,30,1
605b0df1a6fd4e8cbb1172a45acf8f2338665cc4a1b8e81e404ad3cdb1a9e412,2025-05-01,Shoplifting,-0.081902,51.517296,57,1
b579e6dc5087f70353fb5d46570007c555a76af1b5854a1dbaed4457aee0dfc5,2025-05-01,Shoplifting,-0.08491,51.512588,32,1
acd6385a8a9ff0920412187507bda26ca976e7e93ca7e392f7af6fe1d66c35e6,2025-05-01,Shoplifting,-0.081902,51.517296,57,1
ee040f9d99b485936b73ae7a92f28c6ff5029947bb6ac49febe0af86842bb48e,2025-05-01,Shoplifting,-0.08491,51.512588,32,1
8f3d5c2d5653a214668562d856f80e5546d90f2fd8a42406a43dfed198d825e3,2025-05-01,Shoplifting,-0.09407,51.513079,29,1
7b1a987bcd41f5aaca0071de3f0e127981735a32049d8e304fce9a8895e50a2a,2025-05-01,Shoplifting,-0.078278,51.513666,34,1
ae5021ce3fa4dcb0d1bce72f32295b458b72ad692815c28bb72ee528c0a46192,2025-05-01,Shoplifting,-0.09407,51.513079,29,1
05ed3b058a579275862e12e00495fff90c0253409545151cc1b02bcbf41b103c,2025-05-01,Shoplifting,-0.077372,51.51259,34,1
32d15e275de081f60228530a5b751cea9cb4401b6e820c51425fd67ea49f1f9f,2025-05-01,Shoplifting,-0.078278,51.513666,34,1
3d4f25782816d2aabc748923c71f7e108049268c61fc431ad117b2d0aca591cd,2025-05-01,Shoplifting,-0.095224,51.513736,29,1
1a422dd8606b815068dec0179efccdedc40d42d7d80f566c056aa84567235a89,2025-05-01,Shoplifting,-0.086815,51.517007,55,1
bad1fdbf8b57754cdb2a04f0af831f12bc21bca7d1d5acfd9d06903096f370d0,2025-05-01,Shoplifting,-0.086815,51.517007,55,1
555d7532eb4b1c26a85a7dca8af4204dd138439cce431d78b566c5e4e4a3ebd7,2025-05-01,Shoplifting,-0.081113,51.516869,57,1
4bbb7172b1e97f97b2aec5f61ca09c408aab2819d06b832811e89af368371f26,2025-05-01,Shoplifting,-0.086815,51.517007,55,1
0bbd714d5a60945c9bb9672cae2c6f5ff9603ba186a44bffa1147f2e81c8072b,2025-05-01,Shoplifting,-0.091947,51.513188,30,1
3fdd65fa853d42f16aa981120cea8c0ab73006d2613213221d8b887ba4dcdbd5,2025-05-01,Shoplifting,-0.081902,51.517296,57,1
7833d42506b7e198aa0a64cef634d625b2ed4f801bfb661275e6942a6e11733e,2025-05-01,Shoplifting,-0.079883,51.517326,57,1
e3bc92da997f59c4142a48b35e930790e17fa382cc06826f33a8843df4f9e947,2025-05-01,Shoplifting,-0.084836,51.511939,20,1
9afd2adb870e49dde5f8ddffe3b6bb294de8341cf52d6f34006ae9d4bd45a9f0,2025-05-01,Shoplifting,-0.088903,51.510836,19,0
f01704704d1fd57559c9e77ecc85bf3023e000c6fcfcc605f259f31da1222181,2025-05-01,Shoplifting,-0.083977,51.510441,20,1
f89a00eb946a78a48b67080014f73adb68bf412c7c5e5ff48d2512f2f0b2bce2,2025-05-01,Shoplifting,-0.086815,51.517007,55,1
02b8b79ea18d01214c5b7d05022f5a3e436257c25dd0a74cd78a4beade549ea9,2025-05-01,Theft from the person,-0.097291,51.514626,40,1
e097e7e6d6c247b65378d68587a883b370407f6a2740782dc8044a27664c059e,2025-05-01,Theft from the person,-0.081113,51.516869,57,1
8c15c9fe219244c1cab56098a562e8c87731717bfc498ee25f9bb8114712a583,2025-05-01,Theft from the person,-0.082993,51.51636,44,1
10acbfa8d746774bffb3fb93d3ed356966d879954f3ebacb31d5786ed4f479b1,2025-05-01,Theft from the person,-0.085228,51.51119,20,1
b06e386513f94f7d14d42f35b0edcf4fc55b113f3769d9bb7e8b086c9d2194c8,2025-05-01,Theft from the person,-0.088785,51.517102,55,1
29fc78cc7b6fb03e622174485d6c974c30935f2ff78005d321da8eacd8f7a10a,2025-05-01,Theft from the person,-0.091947,51.513188,30,1
6daee2991c1e69ae14ac18b1741b1fe45bd8d32e176db644b97c5f61f9430a48,2025-05-01,Theft from the person,-0.079838,51.514267,33,0
66414b4383d2aa52126993d581de7176062b470dbc6f7d46e8ed27af1890710d,2025-05-01,Theft from the person,-0.087157,51.512624,31,0
1b154ee69c7a49d48a29f6657df3a6b66acd094253c9c68322d38fcdb0fc5fd1,2025-05-01,Theft from the person,-0.081902,51.517296,57,1
390f01ec08737fbf8cb77bfada7fb6f90ff03ea2cb87512405e52d35cf3b8eff,2025-05-01,Theft from the person,-0.101292,51.51477,39,0
9e972e87a42f84b67acd59b863081ab4fe550b3dd8f5fe7caba1a42a7e50d9ab,2025-05-01,Theft from the person,-0.087157,51.512624,31,0
d3e80aa4bea718a56e07241604b97e9ed7a7a27c71ad5bdb4ab2a8d15e777c79,2025-05-01,Theft from the person,-0.097176,51.510836,16,0
c0bad63ed1ded44ede3ab2f9beb4bf5ef8ddbf4bea7cc8f9f2c84dbce2a80156,2025-05-01,Theft from the person,-0.083977,51.510441,20,1
f541e80964aca3edf8423eb0a4d44a578033c5356e80ff7e20cb15d0185460b0,2025-05-01,Theft from the person,-0.088785,51.517102,55,1
3490050f8cc58691d0b1214b7865f815f6b5e2e187a926ece0159896b6e2922e,2025-05-01,Theft from the person,-0.079838,51.514267,33,0
689ae8ca915e09e95cb12eccabd58fab0db7799b869385ec034ab632cc6e35b9,2025-05-01,Theft from the person,-0.081113,51.516869,57,1
e565e67d8a3cbb8109448acbbf59a3f04c9ba58629b0280fee9e60de164a24c1,2025-05-01,Theft from the person,-0.081113,51.516869,57,1
09f9e60842d23fd5eb87ef08873193fecd2761688682a5912464b5018bd6b86c,2025-05-01,Theft from the person,-0.084844,51.5097,8,0
9860f1a4021b57cb7d660a87053abdc1b47fe8984271288d065926d9f0be556c,2025-05-01,Theft from the person,-0.104276,51.513712,26,0
8de68713ead22502e30b3c92c2795a1ccc8d307a5f76e9c16ccc5e96aa2b1750,2025-05-01,Theft from the person,-0.104276,51.513712,26,0
7d5125f7d424f4156afc4beb158026d333dd4e545b5b04f2bc3b951b61e2cdee,2025-05-01,Theft from the person,-0.095224,51.513736,29,1
2154f117f35dd0799ef593d336541e275b929ed845a7649758229901c46abc0c,2025-05-01,Theft from the person,-0.085089,51.512105,20,1
1b56d5c702887d875ffcdcaa07a61aff9717280c361421eed91fb3694bcb1f92,2025-05-01,Theft from the person,-0.097291,51.514626,40,1
6b506fbb36ed43fb4379fee5852aa95db1ede89ad00331ffb28c9e1cf6973970,2025-05-01,Theft from the person,-0.090578,51.509722,6,0
8fcfd0d5128d0a39d9a2757698671b878fecbea529c66eb44c427d9f49f2746f,2025-05-01,Theft from the person,-0.101906,51.511794,15,0
f0b855a16c3f99ad84f4c2a84af740f80b81feaa9ad25e7db8a0093807e1449e,2025-05-01,Theft from the person,-0.091947,51.513188,30,1
cd4e565d8c04ec01d2d235fd0168444b49319039b5b3942e27af7d921c00ac7b,2025-05-01,Theft from the person,-0.101292,51.51477,39,0
9c63858b9e119818485214ac9b8423e1e5d3baf7693a447da0576f03a90d4a35,2025-05-01,Theft from the person,-0.080448,51.520689,69,0
023631f99251fa304df8e74c5e3a39956fe919c97d28c1a983e0dd3168adadf5,2025-05-01,Theft from the person,-0.104276,51.513712,26,0
504d554c3023dcf99f3e3344e85934e3b42c66e6b15a93a152d501b9dc5471e8,2025-05-01,Theft from the person,-0.081643,51.51007,21,0
5a40d13ed9eb50bb5c7324d480acb57a3ccf9d55491fef468be8e58c8e3ca406,2025-05-01,Theft from the person,-0.095924,51.513882,29,1
bcc5e7cfe9841a336e97abc806d33d853408f350f9bf3f7da78d892fee1363cc,2025-05-01,Theft from the person,-0.097291,51.514626,40,1
40020176b842bbae85af46a24aee5b3f07edf60239482ab1405fef035c8d09a3,2025-05-01,Theft from the person,-0.101963,51.510761,15,0
7adfc58e27306ccee8ed68ac807f6f6473c9167e88319e6b246c1f84e2878c14,2025-05-01,Theft from the person,-0.081902,51.517296,57,1
4aacc7e39a8e149f1a0b2dedddcc8641f9acbc87b592ee7b2112689e14c2f40a,2025-05-01,Theft from the person,-0.081113,51.516869,57,1
4508a1230dc6b1e87c274c3566ffd6ad002c7b0684bbd575261fca6bdb9043cb,2025-05-01,Theft from the person,-0.101906,51.511794,15,0
08cd674760ab4e0906c43a28f145d083e8ba100dd4344a46715f0be7175168f1,2025-05-01,Theft from the person,-0.079521,51.511196,21,0
320a91ce1f95ee60ab918d37e5372246be0361e58b3947a13325b97c096485d5,2025-05-01,Theft from the person,-0.095054,51.510559,17,0
e595527e1cfabf6ae8332f9b63fa64417be3a56134d37d6a07ded284140485ea,2025-05-01,Theft from the person,-0.095924,51.513882,29,1
6f06ddcd1c82b3f58b1715688be071ef19cccdfaf78c7a6a5aae55b092eb045d,2025-05-01,Theft from the person,-0.079838,51.514267,33,0
b2e0dd2651a217eacff78d1fdc1c4e78ae5712db9d57a21c66a2fb4b2097f47f,2025-05-01,Theft from the person,-0.079907,51.517785,57,1
c8e1d28013973c7176addfd3d95d9e89508711cbc0303ca00511ebdb6e683105,2025-05-01,Theft from the person,-0.081902,51.517296,57,1
3d1eb6fb88c498b9a2d23555fac9d78e28f633255b5e82a524f86d64b7955ca6,2025-05-01,Theft from the person,-0.081643,51.51007,21,0
174499f8fd898dc60d5a623b603538d68c0244831d4f02ab5c17b3c76f4c35da,2025-05-01,Theft from the person,-0.086019,51.513631,31,0
937d505c677e7a78fdf44157baa37c32b7beabc2d385e743f98e34e7b9c1cb47,2025-05-01,Theft from the person,-0.101292,51.51477,39,0
42e0e3f148237b327ce470087a7912112faaade652634167682d0d3c6ff2ef1f,2025-05-01,Theft from the person,-0.079138,51.508312,9,0
dc926ba35de89c6ba867627fe511f2bb608f80e8bc53a664b6062cb2c05e00ee,2025-05-01,Theft from the person,-0.078278,51.513666,34,1
7e2b4789b301c7ee6b23f6d35b73d167065190f9e293ec66d225832fdd0c317d,2025-05-01,Theft from the person,-0.079138,51.508312,9,0
62139d636a0543bc93e64afbd9ce0f2045d9c3445b7586ac4fc945b4b94cdb35,2025-05-01,Theft from the person,-0.079907,51.517785,57,1
d05c94477533d614f8aaaf7de625ddcf361ecb670ade8a2a74756d9d10adadb4,2025-05-01,Theft from the person,-0.081902,51.517296,57,1
dd006dd730a58f2b451f41799f54661717bce02b1bfbda98ba938552c61cc6da,2025-05-01,Theft from the person,-0.101906,51.511794,15,0
2e4d887603cc974e9c6e4c4eba9d7ee02ca6ecc139a3f98562beec713562e3a9,2025-05-01,Theft from the person,-0.081902,51.517296,57,1
be76cc427f7339c6e35dbbfc92d482c327b5f98f16724c728eac9396613c8148,2025-05-01,Theft from the person,-0.078278,51.513666,34,1
0a0b682e0f09e312b86d502366319dd8358d5e5d6be391ceefbd55350a6ae46f,2025-05-01,Theft from the person,-0.089208,51.509744,6,0
bbb130a6b172be62951baef06371a80f63c6eec52297ff7904335d1dce37b570,2025-05-01,Vehicle crime,-0.087157,51.512624,31,0
5f592d41e98a5c5068fecbeae8ff83a433f755bfb0ccf8b251366652b46eb44f,2025-05-01,Vehicle crime,-0.095224,51.513736,29,1
a9f78a41f5bb651e943c685e57b8f573bf71ccfd0f3f940b8e6f2c87a530417c,2025-05-01,Vehicle crime,-0.089808,51.517461,54,0
dec1ec7f793de6b8f17ff61350fd2e2b4cb625ba4463a735650e312c7f082a4a,2025-05-01,Vehicle crime,-0.092633,51.509872,6,0
46a7d6941955c81ba489e630bf93fec2ff353548d90a60f776ae01e39e691d10,2025-05-01,Vehicle crime,-0.092633,51.509872,6,0
ae470c3df2788e070801d20ea554b1bfdf4faa9b527f824d0c85905d8ffcf32d,2025-05-01,Vehicle crime,-0.092633,51.509872,6,0
abdabf2984da81de4b25f116f616fd45f927a5af35bef85b3991656c233d8f4c,2025-05-01,Vehicle crime,-0.092633,51.509872,6,0
6a354f2094cbfab60cbf96e3be50a345b5a124b483b5973d74daf21790532fe0,2025-05-01,Vehicle crime,-0.092633,51.509872,6,0
805358079c746308dd61d442e0152b792a04e6083eccc043e1e4971d905bf033,2025-05-01,Violence and sexual offences,-0.079907,51.517785,57,1
c4b43c1eb8e07aa3e4533f99a2635c83ba7f72b412cf0156ba214d0e7c9914aa,2025-05-01,Violence and sexual offences,-0.09154,51.511896,18,0
b612008f674154d3534db4d4732fa7f8202c44d58e4bdc0cbbf017a492a3e76f,2025-05-01,Violence and sexual offences,-0.079521,51.511196,21,0
400f60071bd2ae48280dfb644a53f052395f6c7bb01c65485309eeddd885ec24,2025-05-01,Violence and sexual offences,-0.079521,51.511196,21,0
d287588b03fb1f684a7108403ce2f9c52251274fb459aae1bb8dceea8d22c6e1,2025-05-01,Violence and sexual offences,-0.097176,51.510836,16,0
075e4d32938ac9e44872d9bef036bab6c8bb44041e9e5a7b3712afb955d3f731,2025-05-01,Violence and sexual offences,-0.095224,51.513736,29,1
32a17adbc0becaef671c9223e35f3f13b144c3f7542e7b2195d982bdd4510faf,2025-05-01,Violence and sexual offences,-0.081643,51.51007,21,0
1bb361c7ba9048fc44193f372f23982b94eac59196ae180160efb47c5eb39f0a,2025-05-01,Violence and sexual offences,-0.080365,51.508943,9,0
a7e02db4666d4dbe282534f440cb6e31982a418242d2bf96d6f69a425d3100f2,2025-05-01,Violence and sexual offences,-0.088456,51.514975,43,0
55df5b77d3e65d5890b07728a43f842fbf1e31be16c60c9f867242223c7cb89c,2025-05-01,Violence and sexual offences,-0.081902,51.517296,57,1
b0f88e01ceab4e1bb9ae3a492e27fe3fca89f6c959c96eb85360dc645416d11b,2025-05-01,Violence and sexual offences,-0.082993,51.51636,44,1
eb0552c434d0c2ce3472e368695e15d4de8a94883b8ef4177b1398e5a903378b,2025-05-01,Violence and sexual offences,-0.089808,51.517461,54,0
dd2c8a1b6291da4eab19374717d0a6e46b94e39581c66438b428bd11f95fe2d6,2025-05-01,Violence and sexual offences,-0.085228,51.51119,20,1
70d088533d11b010a5e26cd6817777e129f5b05626efb5eda4c05c8b986f10da,2025-05-01,Violence and sexual offences,-0.086815,51.517007,55,1
8326bd10e13db45ead4de0bb54cdc6a91f9ba0d1f636d794e52d8d17704c2062,2025-05-01,Violence and sexual offences,-0.086815,51.517007,55,1
c39aa541be4d228e657f73cbf3ceec64ea94a656263c152b5f8e6fa5744909dd,2025-05-01,Violence and sexual offences,-0.079907,51.517785,57,1
e17d8afc38b51d6002b766be4d8cace896f7490c3114bf359405711981c587b8,2025-05-01,Violence and sexual offences,-0.079907,51.517785,57,1
7797a81ba5d9f4fa12072937825a0dd6a7ecf04ac50f618785d19d373663978f,2025-05-01,Violence and sexual offences,-0.082993,51.51636,44,1
9f6f0865fe7fdf2a57c999a835978279c5cc74c06aead2fdc01c8901fff9ffe7,2025-05-01,Violence and sexual offences,-0.088785,51.517102,55,1
c4d4aad50e5c278c9e7cbbd34cabf772b5b7f15e5a8231e32feffe3da5ef6e1a,2025-05-01,Violence and sexual offences,-0.091947,51.513188,30,1
f76cd98e02a044ab8d05feaeea28bdb6ee5dc8218dfb81b7c7f4a49e0320df68,2025-05-01,Violence and sexual offences,-0.091823,51.514427,30,1
563c371726464cdbfda60956e75e0e2ca08e0062f69afd77785a42dee861a100,2025-05-01,Violence and sexual offences,-0.089822,51.516103,42,0
7a7596ae56f5d82edb550931f3d9e3046038369441d6fdd6cfc3403257b303f9,2025-05-01,Violence and sexual offences,-0.081113,51.516869,57,1
18be727ebd7e2246f92cdd62a26d4e5aa75be7ea7cf44f147f2ee683652aa764,2025-05-01,Violence and sexual offences,-0.081643,51.51007,21,0
4c55aab2f81e24968666bfcdb9ad7e710775f4aede3b4c4996d8539cfdca1839,2025-05-01,Violence and sexual offences,-0.079907,51.517785,57,1
c2a4cdce1f2b6b9945300afc769d10582f7eca425805e0c8dfd216d53202ace3,2025-05-01,Violence and sexual offences,-0.078278,51.513666,34,1
c3cfabc6fb36ad12856e2dfcb56c635c19481c597fb83e1b5b77ab4b681295bc,2025-05-01,Violence and sexual offences,-0.095224,51.513736,29,1
5639a62bbcb5baea40d76a440d0d49602d2fbd2a983ef99196c2d8c73bc4536a,2025-05-01,Violence and sexual offences,-0.087157,51.512624,31,0
b2405c0f46be93ccb95f801d42a04fcd43b89d458983ecb9257757486c2d2b93,2025-05-01,Violence and sexual offences,-0.083349,51.51483,44,1
d0f3438fa3c3a8808f05abeae345b7699049311a4f4570920b3c29f32cc62db5,2025-05-01,Violence and sexual offences,-0.080291,51.514814,45,0
f4b913fedf4d104d2cb3d4fb1adcd2333523a7ff4a56842a8fee0422f8f300d3,2025-05-01,Violence and sexual offences,-0.095224,51.513736,29,1
d0fff84206ff2a0189adbaadc95ab9921d1ef42f3947a8cec52f4c0a9b1724c0,2025-05-01,Violence and sexual offences,-0.095924,51.513882,29,1
e7bf6746312baf85d7b396872df8cd10b7fde1e882973e2efac8b05d8436ec8e,2025-05-01,Violence and sexual offences,-0.097291,51.514626,40,1
c161c75af1b354da41deff9b0b4033de1ab943755fcb7c0bf56641d857b02ecb,2025-05-01,Violence and sexual offences,-0.081512,51.518692,57,1
2e9021d3570ef23ee36f0aae4c4d12c3e3019a1038ae4f6c23cf65a050abd80b,2025-05-01,Violence and sexual offences,-0.090578,51.509722,6,0
eb24d25dde08ec65588be17c27cda8467c13639f5f7d2a33f92bf08ede92abd2,2025-05-01,Violence and sexual offences,-0.081113,51.516869,57,1
40ba3273999b2b1f31cefbaff4a279ba11fc2d67abe97c3c8a69334d62c023c0,2025-05-01,Violence and sexual offences,-0.095924,51.513882,29,1
bc93589772a8073b0c0496bfb01a75cd4c08e8e361521001dc26c0af116cdd58,2025-05-01,Violence and sexual offences,-0.090578,51.509722,6,0
9f867b00c814c9590d3f692135e558df747010f8b1332748f7d3ea4420f84e57,2025-05-01,Violence and sexual offences,-0.081113,51.516869,57,1
e106d7952debccd09ff6e17f7d8dce792edeca12e78d30b29e3da6bbacf8bff2,2025-05-01,Violence and sexual offences,-0.09154,51.511896,18,0
554bb2ba89c94ff47f0ce1c9652a1e0c79d01e69a075885b0b179b2a42eb2666,2025-05-01,Violence and sexual offences,-0.079907,51.517785,57,1
22a2d0b219011a55eb5916d7411eba7062d84e3a0d454f8ff6e971c8e170bf00,2025-05-01,Violence and sexual offences,-0.079907,51.517785,57,1
30ede8dca06c8712fb46eedc2a30f2e08e7c293f6b261f01e802a59c569362ed,2025-05-01,Violence and sexual offences,-0.079907,51.517785,57,1
d5d4c0dcb9b177d80e53108db55038c4f4bc1a2a24dff5e5330090ff990c2563,2025-05-01,Violence and sexual offences,-0.100201,51.513286,27,1
a9be236f2839bb7c2a4e45117acae74286d822b809fde1d50d6ec18a35a8c5dc,2025-05-01,Violence and sexual offences,-0.080365,51.508943,9,0
e18809b5c26411fb4b7bebedfbe0cdc80b9b618132c1bcd58e8347d0903184e4,2025-05-01,Violence and sexual offences,-0.079907,51.517785,57,1
e5b418de1637c5d4f8254e24ccbc141d37dba47bb66e1a52a413894d71a074a0,2025-05-01,Violence and sexual offences,-0.081512,51.518692,57,1
e569f7510572bbb1fd50aec884311a7d2ca8ef873a39372b69f74a45de47fb3d,2025-05-01,Violence and sexual offences,-0.083977,51.510441,20,1
1c6e282b0df54d017fa1d4db72c5d5e2b60ccb1fa70b6943aaa70f3f85f8bce3,2025-05-01,Violence and sexual offences,-0.078278,51.513666,34,1
688e3295d1a15dcfd981e2bd05e5810142426dac07ba413ae9b0fbf9cf71d0f5,2025-05-01,Violence and sexual offences,-0.101292,51.51477,39,0
4dfa385ad7d2fb5ab0afb19927541215060ec73c4e9856508f9712fac8659f48,2025-05-01,Violence and sexual offences,-0.09446,51.512024,17,0
0a71d1b9fba190c0c03d52fcee6f21c074682ec5badb0b0e5eee6c41c06111a2,2025-05-01,Violence and sexual offences,-0.095224,51.513736,29,1
68b43fd103798be90283703a1353541141cfa4740194ed9aa41fa793346dc18e,2025-05-01,Violence and sexual offences,-0.081113,51.516869,57,1
66c4e0ef26760af38545206276b199b572ffa066caa829acde33b2664430c9b2,2025-05-01,Violence and sexual offences,-0.084844,51.510725,20,1
6cb0aa66bb0a689e6fe2f4881674e7c5183c7d8bf3e17866ba9077066c56c840,2025-05-01,Violence and sexual offences,-0.081113,51.516869,57,1
1aa6e18138edb9467133e7b1a2b70055d247b2692b675b6988a28708d21622cd,2025-05-01,Violence and sexual offences,-0.091947,51.513188,30,1
1037abdec8d0d0e2a7264ba75d78cbad2a49bec0acd0801c8fd0e488d606d4a6,2025-05-01,Violence and sexual offences,-0.081113,51.516869,57,1
7c309d2f1f2596f316baf7ea10c7c0e18a6987567ae18ee3b4091089a5ad4980,2025-05-01,Violence and sexual offences,-0.081113,51.516869,57,1
3759e84d307ef6674706926dd1dce6817fbd03dade366fc4a87980021409c552,2025-05-01,Violence and sexual offences,-0.087157,51.512624,31,0
c8d0f3c028f9d40dad9cad5c877e383986747508a0d94f59eba689ca3021dc43,2025-05-01,Violence and sexual offences,-0.089822,51.516103,42,0
9599fecc6f160f70937d9f5b09b5c1df16a3b94fe655f4c9b99fa84eeb94ca26,2025-05-01,Violence and sexual offences,-0.089822,51.516103,42,0
d2e87823a0adb9a1890c7ed78fc1508cf77f721c8b1973bfa53ba5253c8ac4c1,2025-05-01,Violence and sexual offences,-0.081113,51.516869,57,1
0f1f1032b1e4b0d46cbe9c6b311c1ca9c963ffbb3848162b1161acc5f0c84606,2025-05-01,Violence and sexual offences,-0.081113,51.516869,57,1
1fd09cb6fc9c5b284e6a797dd8b4403b6e8b461a3ec5ca45a8007881e411110b,2025-05-01,Violence and sexual offences,-0.079907,51.517785,57,1
eb8be46e165cff1567880cbe6cb63072e623d127c0f2e402073edb10d2eb6fa7,2025-05-01,Violence and sexual offences,-0.089208,51.509744,6,0
32d9f4a4ea5ca9f9b71789a173bb5b872d2a4d96165f9f9fe67e94913c8f9ac1,2025-05-01,Violence and sexual offences,-0.089208,51.509744,6,0
0bd176aec58d18b560c18c85207f82962e13890e779501962cda37541ffadeb4,2025-05-01,Violence and sexual offences,-0.09407,51.513079,29,1
0fa925e7652a7cf1190a6812f6dc8bdcfeb61bd7a08af147fac603cce9c53629,2025-05-01,Violence and sexual offences,-0.100201,51.513286,27,1
880160b90402411b3d84a1b4339786757adb2e279134842e0b41545ebaf4fa25,2025-05-01,Violence and sexual offences,-0.079907,51.517785,57,1
bf11309fa002398ea45189e6b69ec5f9f75a668694d319237930a490d531fca3,2025-05-01,Violence and sexual offences,-0.100201,51.513286,27,1
724a3e922bc630b513f5b1073e60944d5c493dcac9e35e9cebafec3f44fe5426,2025-05-01,Violence and sexual offences,-0.079907,51.517785,57,1
c6bca4225c02cf0e7e1e3bf73d6bdc6b41ae98278c86ed4b3ecfacb2d685a335,2025-05-01,Violence and sexual offences,-0.079838,51.514267,33,0
42f3976c2b6c3dc39f46be3d32b73ef68deafc9f59aa0ca9809d4e9f96d35d7f,2025-05-01,Violence and sexual offences,-0.084836,51.511939,20,1
652396f56077a98c17c8d27038103dea5edbcc8535695fa1e0f4ba0e6605e368,2025-05-01,Violence and sexual offences,-0.092036,51.511049,18,0
5f9fbbceae984412f9d722bc6df5f85296ae85e4434e69add10d119a514f38e9,2025-05-01,Violence and sexual offences,-0.081113,51.516869,57,1
32b55ff53b9ca9214bccf6ad269c9cae3db5746119c22561fef63e6fb5b123fc,2025-05-01,Other crime,-0.081973,51.515948,45,0
6cc2c5e09dc47b7079775af9293324e7621e0847188ec5d107d48f28e8710f8c,2025-05-01,Other crime,-0.078059,51.509967,10,0
7ddaa164c8ec8cfc03f05613d37a7f8f492cce7d41495e9b183ffc8fb8becc56,2025-05-01,Other crime,-0.097176,51.510836,16,0
82c2ecc114f419bbb72cf1e721dc4fa32aa72ab7d38d4e751b20f62c4115f43b,2025-05-01,Other crime,-0.077563,51.517656,58,0
36f32b14e1ac009d4675dd5f219e1608160a2033fd616af1b7ca35836cfa3dcb,2025-05-01,Other crime,-0.09154,51.511896,18,0
,2025-05-01,Anti-social behaviour,-0.098017,51.519689,64,0
f4c3f637db092bef0c66665b799debc923608c746b42e554b1762f7065c07f30,2025-05-01,Bicycle theft,-0.108027,51.511884,13,0
94944a08fb023f49f6b8a0b5ebff8d5d7f4453ce62bef85da064c1b09323a0a4,2025-05-01,Bicycle theft,-0.098017,51.519689,64,0
9367aa2e030f8a13deb90e4448ddf17e0676cae0e0b5504a54af4570752abf9d,2025-05-01,Burglary,-0.098397,51.519561,64,0
6758f44aef085623b0587f74235405f622797816781689876e1528ab1a8b854a,2025-05-01,Burglary,-0.110474,51.517193,49,0
f2b217d4511d8e44f956d042690885af1257f34aa0d0eef5e87edaed7f5d0e58,2025-05-01,Burglary,-0.098397,51.519561,64,0
8c6cb1e07beab7485c766a4d687837b429569d5eb114b97c88753b872c7ade85,2025-05-01,Burglary,-0.099803,51.519026,52,0
d38af3ef291ba9c1930305f7fbe6605317ac189308da7dbc226ffb00430a4d6f,2025-05-01,Burglary,-0.110474,51.517193,49,0
2279de8275ce6d13e1c825c581b999431cc2fa92c452dfad1060305709928337,2025-05-01,Burglary,-0.105909,51.513262,26,0
1af8819af81cdac9c24e52751234eda8c62c7f7c1d1b6295c098d3475ef97277,2025-05-01,Burglary,-0.105909,51.513262,26,0
06a2bb66308ec0c1aaceafae7fa8fab85c003a944088629afc19401091447268,2025-05-01,Burglary,-0.108069,51.515041,37,0
893b2570b0f0a4010e89f29be1d89bdc1d5ef99f99fa771793e08c06cbe4542d,2025-05-01,Burglary,-0.108017,51.514213,25,0
8b50efa31c6cc654e442cfa17187e1a8203e0391a5586bc1486b5af5e2ca0b03,2025-05-01,Criminal damage and arson,-0.10498,51.512033,14,0
0dd264362b3cd9a586ae55324ee60c8c08a7658c76c1fa0dbc60ebcd9bc9833c,2025-05-01,Criminal damage and arson,-0.106076,51.517239,50,0
a079d7a9d3b18203fadf21d7d2bd8afdad83d8b134364a4e2ea6dd8f1428ccbd,2025-05-01,Criminal damage and arson,-0.10498,51.512033,14,0
7be31a6571541878566586577785c120b63f6188fd2fbdc9e8608211d465c3f2,2025-05-01,Criminal damage and arson,-0.10954,51.515721,37,0
67645d10ad069d47e2ab20d4a923142d96af7e00a48cbd61a8e8de0962654514,2025-05-01,Criminal damage and arson,-0.11069,51.517916,49,0
67dbc2ae968f31f9a0dda01c4889ccd124985ccab89dd4279f829b17aa0e88a1,2025-05-01,Drugs,-0.098886,51.519254,64,0
26f9c8d8c01fd9bfff7daec4aefd81b7a3f3d0fe9c3d961dc82fb358130ac175,2025-05-01,Drugs,-0.098886,51.519254,64,0
a7fc05203c42cd87faf123c20413894a31ef77e60a8a328ae93c768e677f8373,2025-05-01,Drugs,-0.108027,51.511884,13,0
2942ae8fbef599f0169853c03fecd0740bd127c538d11a1ffe80caf737b5220b,2025-05-01,Drugs,-0.108027,51.511884,13,0
f99544db202e12fae2e993918b9aabf3a3d7976480aeb5bcd0eb104f026e41d0,2025-05-01,Drugs,-0.10845,51.514202,25,0
411bc4f13404ffcbfc302a2e4edea49ef0c880bae2b406e1336ce93859c4f3ff,2025-05-01,Drugs,-0.109297,51.515681,37,0
4e5cde54b1460d23674d5603a364bc11f15fe86e51e0cabc3d775bb098c7ee7d,2025-05-01,Other theft,-0.10498,51.512033,14,0
968ca52e0379d257bbe9807fa9575c319c0b63e1a3c563ad3e3d60a9f6587cfd,2025-05-01,Other theft,-0.107979,51.51548,37,0
eddde4dfc7325c76967ed71bf6358b0b288281aefde98a0694290be20a5892da,2025-05-01,Other theft,-0.11069,51.517916,49,0
1a2a870aec572f5fde5356788233642cba56b0d583c583ed16b69a4ef21b88fb,2025-05-01,Other theft,-0.101359,51.5187,51,0
6be8474da94449ced3d5bd093f078e108f144bd5ff0ef4c8e9a0c16d06f901ee,2025-05-01,Other theft,-0.108457,51.512997,25,0
8b9b508588781c9010ffd9c16cde27a2949260ccd2d53bc90a459f47ed54f1c1,2025-05-01,Other theft,-0.105131,51.513941,26,0
bc4768c0512802579a023885bbbcbdd0e3133935ff7108646de4a69f6ed6aa0c,2025-05-01,Other theft,-0.10498,51.512033,14,0
ed880324ca2ce66f6db1b86ec26a0f938b0b6c9c2dc1bff0b97a7792eec8201e,2025-05-01,Other theft,-0.106076,51.517239,50,0
12921da59b6c6bb4b0d2a2994ade71d7cafeb5f626f29b2fba1d83b661b3fa63,2025-05-01,Other theft,-0.109387,51.513839,25,0
a540a20d8fccf18638280319c13cf6839b83f25dbfe9b26a3d1d87ce6f4e0b4d,2025-05-01,Other theft,-0.108909,51.515297,37,0
c5570d03a4903a1a78286f329a89f8b3b9fed7316a0801d495b73c27bb6da93a,2025-05-01,Other theft,-0.10349,51.513897,27,1
5dc3d8705335dd68a5defdb512c5496f28f0224f87a52f1016e7d64fb3dbd6cb,2025-05-01,Possession of weapons,-0.10845,51.514202,25,0
631816b23d7a1505c83ff2eb8bafa168a970a60e905336421e41ef1d1a3a4476,2025-05-01,Public order,-0.101621,51.516906,51,0
858a0e3f0096ca08ddd85fad5c52f5bdabd067ca6114e06fe4a5221eed223739,2025-05-01,Public order,-0.10845,51.514202,25,0
c73b0339acf123004fed4dc04a8ed312d36c9fce0beb5eeb9241b5b187c4c572,2025-05-01,Public order,-0.098017,51.519689,64,0
c6e11ecd44b0d7237751e922d4fb7a1cbf9f1046b3f4930c39526aae7a233c8f,2025-05-01,Public order,-0.106076,51.517239,50,0
279eb0e034d632d031f9d67e46520c76cb200699fca97139334ea00ae2f362ea,2025-05-01,Public order,-0.109387,51.513839,25,0
7d21d5d613c99994e2618bb721a006755965191c3eba8fd3e4b2754ac5bf5fbd,2025-05-01,Public order,-0.107443,51.515534,37,0
afe11d1f6bf24554c2f8c0ea48177f57d18782f271c5f572b3235f64fb203420,2025-05-01,Public order,-0.10845,51.514202,25,0
d537778daa5c77daa74c963728ca9bdfa104a8519de2f724afd65229c9594649,2025-05-01,Public order,-0.109164,51.517846,49,0
3f2e582b0aa9005b478b180dd6afe68fc9c7897714a64313bd063b12ffb229e5,2025-05-01,Robbery,-0.10498,51.512033,14,0
28388935f3bfd96144df9cbc3a2bc88097c5d785edac0e10e2f1b7a4722fa9da,2025-05-01,Shoplifting,-0.112953,51.518231,48,0
a0dbfdedbb319ec0f5c102aeef256b2483c62dff4aaf643e41fef2bba5a5587e,2025-05-01,Shoplifting,-0.112953,51.518231,48,0
dfda00a83c84f9d95a4aa48b2093083911fd7a8f9a23d94805600eef4e665ce0,2025-05-01,Shoplifting,-0.112953,51.518231,48,0
7ab7afd1a75dc2f0048ae85642721ef4f36be292dd994b5ba7952d80ef68d12d,2025-05-01,Shoplifting,-0.112953,51.518231,48,0
8a6a41a1f8a3c6bb281a7c39cb0fae72824a551c09829c8ef098c4e6acd02da4,2025-05-01,Theft from the person,-0.098017,51.519689,64,0
a378f69400951085baef8a3263f441275e0a34552cd5273f665c49d7bef47500,2025-05-01,Theft from the person,-0.10845,51.514202,25,0
a5d9e5d8adf1740fc3d93a96bc72c6ba006f3ac0d49e0ac670979bda3386f713,2025-05-01,Theft from the person,-0.107201,51.514092,26,0
4fef1033fb17fda85ce16bc896b4f95cf7fdc985f83d03e30139bfc7e0f9633b,2025-05-01,Theft from the person,-0.10845,51.514202,25,0
2c37f6fa50966c1176497c012c9e1b71fdffb69d690288f871dfcf35322c6cc3,2025-05-01,Theft from the person,-0.101621,51.516906,51,0
bf40afeeb80002b73179edbcf6b2c9460ee585e0901bc876add5c574efb88ea3,2025-05-01,Theft from the person,-0.106076,51.517239,50,0
42095bde57772835562a572046c2290536a9010565de7ac4ad506a450b157666,2025-05-01,Theft from the person,-0.10845,51.514202,25,0
11f00a71d6fa1d3fbe0f0b340d7d6f060f082855bfa0e61afa4329a5b96b93f9,2025-05-01,Theft from the person,-0.10349,51.513897,27,1
8fbccbd71fbac2965372f779b87465fffa429b3c868f48a6ad6fe317f50d1b32,2025-05-01,Theft from the person,-0.098875,51.518831,52,0
3a6bbe7f79a996aba4d16d8604c7e8be8ea3c385428b061fadf3cb571a775ea5,2025-05-01,Theft from the person,-0.098886,51.519254,64,0
218639c4a2fd1a82898b491fe8b8a564afc032287711e3e03a95295841654892,2025-05-01,Theft from the person,-0.102726,51.513911,27,1
30751f5d3c533d3d911263de435ba771a8282dcaf752889b80045f7a2717a243,2025-05-01,Theft from the person,-0.102726,51.513911,27,1
de5661bd780cd796ddd53e6d9f96bfcab3f21bfbb356776f278eabbded4bedae,2025-05-01,Theft from the person,-0.109297,51.515681,37,0
47843cfde73e1a8f4c8b6b00234d0b05a4e598b4731c4ca81843d5aec391c14c,2025-05-01,Theft from the person,-0.109913,51.516806,49,0
1e6c0a47a4d0d4b82673f16b7cee6d17f288be93a7d6f1eb4905da456ec193c6,2025-05-01,Theft from the person,-0.10845,51.514202,25,0
e1b1c301b8dfccbb590f536aac46c41d4de8f68cea522caa9849797ec890ebe4,2025-05-01,Theft from the person,-0.112953,51.518231,48,0
335941bf0fe8eb40906c5f2a58d2d93318e82f8749ab8d83975b7539dfe84ac0,2025-05-01,Theft from the person,-0.111255,51.516765,36,0
8f32406905d22d330003ae6f35be80eab09c3b1addaa505d2ee82da20dee7e52,2025-05-01,Theft from the person,-0.107979,51.51548,37,0
f21abdc6e48c8168a3305dca281892cd1b8e19d9d81876745e87d8bc20d7564f,2025-05-01,Theft from the person,-0.107201,51.514092,26,0
dd235ae8afb5e4d4c9ce893e8e35b955d146bc9057ad32825054b2808db76c6c,2025-05-01,Theft from the person,-0.102726,51.513911,27,1
391fa57fce5f495e243d99d9f0e3b41164a8057b3379c0cfffc12112b1115882,2025-05-01,Violence and sexual offences,-0.107201,51.514092,26,0
66936b0828af98447aabfdf0e77d89729ffb7cab50af27a0402d215ca2d83ced,2025-05-01,Violence and sexual offences,-0.112953,51.518231,48,0
e8f6446c8cc026fc6dc109f95a28c3a405f3b19aa31ac90b9860ca1d93cd5717,2025-05-01,Violence and sexual offences,-0.098017,51.519689,64,0
8d6c0a0a11044ac14720b95d9e5a3fd0f863f55225cce3b50a354689b4d1c649,2025-05-01,Violence and sexual offences,-0.107979,51.51548,37,0
3fb23f53921d09ec32368758bf643eddc1d74c9c446ffd2288f705394ccabc3a,2025-05-01,Violence and sexual offences,-0.101359,51.5187,51,0
2fdf1f3d7c7f6f556381381487e3cc583b2309bc49602a0431238a21fdfe5806,2025-05-01,Violence and sexual offences,-0.108448,51.513896,25,0
e83ff77691be9b04bc3b0788a52cd5f16a4ac2de677219a0786134810597d496,2025-05-01,Violence and sexual offences,-0.102585,51.517308,51,0
3e46982176a9d4e704746e060ebee796fcab6c202a4236f5d992cdc89f2003d7,2025-05-01,Violence and sexual offences,-0.10498,51.512033,14,0
1fa36f69e2cb522e7d55670067137bd6130f7bf51d91bb420f725e38165c5b17,2025-05-01,Violence and sexual offences,-0.102585,51.517308,51,0
9e91b42a5105e30cdabd77bd90510d3713c51a8f136aa6d2851aed4f33ec6a4d,2025-06-01,Bicycle theft,-0.097078,51.519045,64,0
c61e24d09d3c4ef73ca4f667321c11ddceb83167f6a25a127263e92b6966d750,2025-06-01,Burglary,-0.096718,51.515511,40,1
faa5f901b4fd23b591d06089098d9140fabfb35164fcec8847137a6fd8bf4e0d,2025-06-01,Criminal damage and arson,-0.097078,51.519045,64,0
0e0d940e039e3ece19666ce15a35ee394be848358415297f9b6cb464fbb3f07c,2025-06-01,Other theft,-0.098519,51.517332,52,0
6434019ecfdbcd454d81dc0e58190448e8fe10bc54ea5ae9c4dfd4fee3e1cd05,2025-06-01,Other theft,-0.098519,51.517332,52,0
7506dd12afc3d49bd66381a4ceab1bd186da2685644b07badb475fc1fc07f1f8,2025-06-01,Other theft,-0.098519,51.517332,52,0
22fdd9a77e7ee42eae8a29a655369053fef5a717362ecc62476c28d70fd3fdaa,2025-06-01,Theft from the person,-0.097245,51.515387,40,1
627234998ad5743ad00be664817780adbb6ed117e3408a5589c96b1c6a179153,2025-06-01,Theft from the person,-0.097078,51.519045,64,0
555fd90faa819e29b55719f00bc7561ccacb64ea9d1f7b25f3afc4383134d099,2025-06-01,Theft from the person,-0.097078,51.519045,64,0
dcd65dde941f434ce51b37402326c765f1264ffee67a6e393e5905c40f202def,2025-06-01,Violence and sexual offences,-0.098519,51.517332,52,0
,2025-06-01,Anti-social behaviour,-0.092971,51.516271,41,0
dc5d1986c92d0c08940de95d09e0a0ec2e4bd0981189f0c5bccafc3ae369ecb2,2025-06-01,Bicycle theft,-0.092488,51.520598,66,0
150550579558a333a5e45148d3c56f2d2f8ddcf055940fb4f96680cc4cc0ab2c,2025-06-01,Bicycle theft,-0.092488,51.520598,66,0
006335f90778dcbc0cf37f2ba4bd3c18be87b1a947f70936fce634cd85e6189a,2025-06-01,Bicycle theft,-0.092488,51.520598,66,0
2d4c75bbb40bdb3f0c3762466f8618367a0ce9e20ef1ad94e32ec92606b8d9b6,2025-06-01,Bicycle theft,-0.091082,51.51973,66,0
51016d8bc47489b8d634ca053bb0946c094cdfd51942d49a1dc7ebb53b54bfd2,2025-06-01,Bicycle theft,-0.09413,51.519961,65,0
81f9b8f3a36cfaf7f26c13c2344037e777ccb968e5522a32a4f686b4f9ef8bd1,2025-06-01,Burglary,-0.092488,51.520598,66,0
5816dc9c29d10aa44d0fbbe73dc0f51096888bbfdaf71ef52e36d2b22ae2a462,2025-06-01,Drugs,-0.091498,51.520483,66,0
0cda259b0138c4c3470dee214dc9efce7aca2911d75fc8986c1e52bb3938fd46,2025-06-01,Other theft,-0.093886,51.518166,53,0
e61a652509fa33d96870ea1b66321955f76f030e6a3793f1d18b6e6239d433b0,2025-06-01,Other theft,-0.09413,51.519961,65,0
bbc3bdd972e76429877b553f3ce453e2fab64594c38fa6b4317963d8e67c5325,2025-06-01,Other theft,-0.092971,51.516271,41,0
aba1df70227e84b607bd2906bd25c7ab5f5ee7d38bbcf2185cb702e54861be3b,2025-06-01,Other theft,-0.09413,51.519961,65,0
4f33592783eef58577473ecf96345fc4327108ea4ae7806c11537edb5dc2cc2f,2025-06-01,Public order,-0.090553,51.518948,54,0
ea0b84cf68ea73b6a9145939c9e63d27c2296b2ebc41a5b2f21f0706e937d909,2025-06-01,Public order,-0.090553,51.518948,54,0
59ec0b44cee9e895b272d9abc98073e5bb96384a980ae065cda5948c2accb893,2025-06-01,Shoplifting,-0.090553,51.518948,54,0
baf832f0d620d9badfbeb8104ab153396c72798675ebd50980230a1e35469da9,2025-06-01,Shoplifting,-0.090553,51.518948,54,0
871e348429e23f059b84d9010ef7592169fb70af0820ded4ff690cdc64793aea,2025-06-01,Shoplifting,-0.090553,51.518948,54,0
5e17777c4df8a0c78535e63a5637de0f8b659dfaf8829ba615c11dca6466426d,2025-06-01,Shoplifting,-0.090553,51.518948,54,0
5ff0d5f90451207a19ed4d473ec35c0739064a8ab2ee61f1f6b18e04606b547c,2025-06-01,Shoplifting,-0.090553,51.518948,54,0
8101dec42bf29c0061eb51e6082ea41072f2a03385e3688b011ecd0ba2f57fc7,2025-06-01,Shoplifting,-0.090553,51.518948,54,0
71b80851256bd492377f0c3f7e84b2546ae6da0604430126da159dce93aac416,2025-06-01,Shoplifting,-0.090553,51.518948,54,0
2f4fa645247f742c9a16417a4c6959cd6ec4c164340ef1a1b3232349aa82289d,2025-06-01,Shoplifting,-0.090553,51.518948,54,0
b85e6aa9a5f2f031aa519c3b92a3612c45282c759f3bdfcf8405ac9966ccdfd0,2025-06-01,Shoplifting,-0.090553,51.518948,54,0
64188cf2a7f4c8b4e51e96fd3f7befd3b4976250e82182f03065d4b804b7568d,2025-06-01,Shoplifting,-0.090553,51.518948,54,0
faa148c10e7bc83d4c213493024370ed092a225f64ff68de939fbfdb473cc96e,2025-06-01,Shoplifting,-0.090553,51.518948,54,0
ea390c42c6d1b568c65fee02a3b578abeb5116d26c5b5a0ff5911db61014b92c,2025-06-01,Shoplifting,-0.090553,51.518948,54,0
7b3efffc5526d5860139d68bd7c9ce6eaa98bc5390e8d1925bd9bd09d9ee3ac0,2025-06-01,Shoplifting,-0.090553,51.518948,54,0
5c052ce9943c58808ca65ba9eae4c55103a1d56f4cb56a2ccab5be1dfcbe39fa,2025-06-01,Theft from the person,-0.091498,51.520483,66,0
6f32d76133efb1361c875e3c1d810228f111f6d71a8faf82cba0b1db26320cdc,2025-06-01,Theft from the person,-0.092971,51.516271,41,0
5f764fb531406ed32776a19bf5ffb4be98757a139c165f0bbf80ade27df9798e,2025-06-01,Violence and sexual offences,-0.090105,51.520001,66,0
4f6956bdb083380e57fb92cd3fac32a778ea927a439d4a762f65ffab7231d6c6,2025-06-01,Violence and sexual offences,-0.09413,51.519961,65,0
2dc6e9ae226481e9ca306c0e57c413faafb1ca5d7c8afe0106977146e6e77074,2025-06-01,Violence and sexual offences,-0.09413,51.519961,65,0
614c43e01b75ac183004e52896b00c89436b48d42d71b78e9f11fd1d672aded9,2025-06-01,Violence and sexual offences,-0.092971,51.516271,41,0
ac0ce3ff2aa614b5149959af958013b569ed283fe84a5342fb5d07874e173089,2025-06-01,Bicycle theft,-0.095258,51.520526,65,0
d83b2b5ba073f242373e8b7995d6a654b094c94e79b0d8096165916a5d020787,2025-06-01,Bicycle theft,-0.096984,51.522426,76,0
2a5d6659031c163dae1a6b918493160877d8a385f3a141e4d78784976807b627,2025-06-01,Burglary,-0.095758,51.521667,77,0
e0ea41e6d55525b2732b07ba088d0f76d40a6d64d311f6cceb894c9b06829a6a,2025-06-01,Criminal damage and arson,-0.096114,51.520747,65,0
7e9f7651de18c0f4bb3445a46ec7078c22ae5c3b28a953cbe005195709f20aa3,2025-06-01,Public order,-0.095258,51.520526,65,0
2bcfc2a55709f661f4728263a7ca6d152c8c74c4aea86b86cb22267f335c0402,2025-06-01,Violence and sexual offences,-0.095758,51.521667,77,0
406d03c8105c4e9915cad1588eacd6fc9d5c2a80887b0def7210c4b97beadb08,2025-06-01,Violence and sexual offences,-0.095258,51.520526,65,0
d03149b29edbe9eae9161dfc2849b54a623a2f93ee21730d822dca656b48dc62,2025-06-01,Violence and sexual offences,-0.095758,51.521667,77,0
bc05c71a127dcd2d3cebc1bab62ac5b394084abc36560693d95e13a28f937a32,2025-06-01,Violence and sexual offences,-0.094017,51.520901,65,0
7b596867a123a03527f4583700b326648082b9d5da535cd4d5bf2ec79597429a,2025-06-01,Bicycle theft,-0.07687,51.516647,46,0
370cb653d4ae1829b7bf49a73ce1c93a726ae936bc0163e466ca847903d01ddd,2025-06-01,Bicycle theft,-0.073704,51.511748,23,0
d0e4684d62ac19cdbd6927b816a5727edd4fd041bb439d5557b198705bb8defb,2025-06-01,Burglary,-0.076145,51.512642,34,1
b5a78d7073a29e0ea22b7c13695f63da1b1df3f1f589b4f230e200943d289761,2025-06-01,Burglary,-0.076038,51.511759,22,1
05191c02c134b3e3c079fa4a483c0d26382f6f3e13f3b6c4474813653025885c,2025-06-01,Burglary,-0.078839,51.515753,45,0
af4b398dc3c01c997c01d26f4fa580bf93361f6ee8e0e7143c6dae0fd2e45f5b,2025-06-01,Burglary,-0.075401,51.511164,22,1
4d625cdd31669be9c191256acc0dd3824da4b0ef71b084801915c42b7e50c9c5,2025-06-01,Burglary,-0.076038,51.511759,22,1
6d50187fe82a717fdb7ba9a899f86ebe0f3cfa49520f83f93725b01e5dbaaacd,2025-06-01,Criminal damage and arson,-0.077511,51.515812,46,0
035bcb443fa3f38876966f5b57e9ceed30e99e8da852ca356d2d816a3098ea3f,2025-06-01,Drugs,-0.075401,51.511164,22,1
56d02cd7cdcfa8b69c0b20672aad6eaf5372ce6a02952cfe5ec48ae512fd19a3,2025-06-01,Other theft,-0.078839,51.515753,45,0
fed79d8f43d1827bcea7c3314621b4605bdf2c671f289acb601c7a6ac095dc9b,2025-06-01,Other theft,-0.075401,51.511164,22,1
a3a0981bc2e1a62e59ae7d06715d8add7a51025140c871ac3721c5d815b4088b,2025-06-01,Other theft,-0.07433,51.513647,35,0
c0c14a6f10b6ce985cb1a7df361f0f13ac00ca1511c2c29ea29fcba928b0363b,2025-06-01,Other theft,-0.07433,51.513647,35,0
1eae43947934bfea232fb626733117736f2d36ca48ecccf49556938795d7dd0c,2025-06-01,Other theft,-0.074925,51.514924,46,0
5a85c1a90dfc16a11e91f2284bc4a3bd6bcefdc37188230adf6de208c2dd96ec,2025-06-01,Other theft,-0.075401,51.511164,22,1
9bde038084d51e380d164c0a5f33754afa7b2c68282ee9f77544ea4655b5c7ff,2025-06-01,Other theft,-0.076145,51.512642,34,1
7521a0cdb70286bca5268c6f53f7567d63d50f423c066b49d8a596836d91e375,2025-06-01,Public order,-0.073456,51.513542,35,0
5dab642d80850131f21d50be61dc36e23e149e0b8f898eb26d209401811d0bc5,2025-06-01,Public order,-0.076038,51.511759,22,1
79efa984e8fab7d404bafec7125b40c1a529ff68ee3a9c8d2e3a0d420bf4c8de,2025-06-01,Public order,-0.076716,51.515178,46,0
bfd4c9605407daf9e28cff7d19d68a157c671d131b71e36243c98c23595fef50,2025-06-01,Public order,-0.076716,51.515178,46,0
bf7c237732541240d14d30b126a34b9117f26bee9d250dc2817d326ddb93127f,2025-06-01,Robbery,-0.075401,51.511164,22,1
d061eaaa1216b3bc0559e0eddf06c6fb2e2def0eff9252efe36a101d49c17731,2025-06-01,Shoplifting,-0.075401,51.511164,22,1
8b0e2393231f33bdfe5dc649ff3cb14bb6c48fb7ed6f7364688a52f840439d31,2025-06-01,Shoplifting,-0.076716,51.515178,46,0
712a54343a3f2dce85f9b3cc87f3ed61237c3d5be7b1dc2bb6c9e5b70f6ebc2a,2025-06-01,Shoplifting,-0.075401,51.511164,22,1
b1c07664dc8a46e4272a4cf59c0efe16aca130eede070416cab458d4c85f25a6,2025-06-01,Shoplifting,-0.075401,51.511164,22,1
8d3e14871d27c2d1c2c52c203199256d2911bf6cac3255f2dcbb03245b95827e,2025-06-01,Shoplifting,-0.075401,51.511164,22,1
0da693bc6096325c730fd6f9308f65350df6efbe96bfa2321b1fd602a08d9a92,2025-06-01,Shoplifting,-0.075401,51.511164,22,1
41767c8927a09092ae28b7442f63aa2e44997675b928f7aa88534e9387ab1abb,2025-06-01,Shoplifting,-0.075401,51.511164,22,1
0c06a311fd7586159b621129b0bf53e604ad89f176ea340878d2950d83df02b7,2025-06-01,Theft from the person,-0.07413,51.511224,23,0
b6a012513074deb6c6179f315cd4bf7457fcb3fb2086a8985581bbcf2d9e544a,2025-06-01,Theft from the person,-0.075453,51.511965,22,1
080789ed4bd6e6fa14de3440f75fdcf53050a1938de802bbd9a25b374e7d987f,2025-06-01,Theft from the person,-0.076145,51.512642,34,1
6df7bd6502d6145af459d6d30184c2813f216b08eb938b8a5a1c4e3fe09c8b35,2025-06-01,Vehicle crime,-0.075922,51.515894,46,0
36d582f6ab298355b398fab13e857d8fb6e7e20a209d5d7281829ef6b65887e0,2025-06-01,Vehicle crime,-0.075922,51.515894,46,0
916290adab674f1438d170fd486817f1df2774fa1eb32e23bf2746578a71de25,2025-06-01,Vehicle crime,-0.074483,51.512066,23,0
6275b64dc199a32f8dcd3a01a1d73f8d0ce10d584911da77e004d86207c56bcd,2025-06-01,Vehicle crime,-0.07433,51.513647,35,0
00d95179eee12aedb7fa56e23151bc32d57ac0997bc8ff877bbb2ddedd2573c5,2025-06-01,Violence and sexual offences,-0.074925,51.514924,46,0
a5a222a19492781526292f821e1584b5d6214318beeb9f79b31a2234e14c50f0,2025-06-01,Violence and sexual offences,-0.074925,51.514924,46,0
ab1f2ea2fcb1678e1015e823104b8424c95e186e5870e0c788888c6519a9053c,2025-06-01,Violence and sexual offences,-0.073456,51.513542,35,0
7f33d16857fb0d20f743c96ed1eb6da755504c7757953cfcf2edd26050dd98e8,2025-06-01,Violence and sexual offences,-0.076716,51.515178,46,0
468c57763fc1121b7a8c4492051aee68699b47f241d44f8f9861cd78ecc59424,2025-06-01,Violence and sexual offences,-0.076145,51.512642,34,1
ede9d3f1ce913421773be1ff0a215c44179fab6cf48c4aded50e40a2b2a0c187,2025-06-01,Violence and sexual offences,-0.076038,51.511759,22,1
111ba70ce4ed4436bcca61568b5a41db17d3feaac267bfddd0519fdf12a4a3da,2025-06-01,Violence and sexual offences,-0.074925,51.514924,46,0
41fd572f95c1ed510d051daea1ca1969086413138ffa1003c075bad7d58f9efd,2025-06-01,Violence and sexual offences,-0.076145,51.512642,34,1
6796e024196bdd4dbd87021d406d7ac32676bdeacf28bd44a9d4ccab1144da1e,2025-06-01,Violence and sexual offences,-0.07433,51.513647,35,0
cf0705aaa56c8ffa17635be52da649414a09c8d57716be13cb88de73e272e1de,2025-06-01,Violence and sexual offences,-0.074925,51.514924,46,0
b13d2ab2c07699e589bc7559274483a86b6b925d1fd443a271d673b867b9578d,2025-06-01,Violence and sexual offences,-0.077511,51.515812,46,0
a0d438e62fee44a10deda465c14191a9e6261c646f2a8f4cf285f44e9ec6eeca,2025-06-01,Violence and sexual offences,-0.07433,51.513647,35,0
ab486709ef780c746764097bb11c7f631e819b7deaa955da77ebb268c638d40b,2025-06-01,Violence and sexual offences,-0.075401,51.511164,22,1
1fb2df774241d948d5a72158740448253b1d01bb75b568d5ba407ff03d7ea6ca,2025-06-01,Violence and sexual offences,-0.07433,51.513647,35,0
a446e0b129e037d174ea423b5239124f8fbfc48f36746fe2d4b54f3afc5307cc,2025-06-01,Violence and sexual offences,-0.076716,51.515178,46,0
,2025-06-01,Anti-social behaviour,-0.079521,51.511196,21,0
,2025-06-01,Anti-social behaviour,-0.077563,51.517656,58,0
,2025-06-01,Anti-social behaviour,-0.079883,51.517326,57,1
,2025-06-01,Anti-social behaviour,-0.101475,51.511077,15,0
,2025-06-01,Anti-social behaviour,-0.0949,51.513209,29,1
,2025-06-01,Anti-social behaviour,-0.084844,51.510725,20,1
,2025-06-01,Anti-social behaviour,-0.101589,51.513515,27,1
78471eced19e60f01ba8cb065035f1091707a680931cca82166a845863fdf0a8,2025-06-01,Bicycle theft,-0.083977,51.510441,20,1
1db489605f8431ff3eef1511fe38a0ac3cffc4367260fccea2a1122f9b0cd2ec,2025-06-01,Bicycle theft,-0.092633,51.509872,6,0
ca46438b5914a60680c1893ee78c13efa1af4aaab8dae08a1ab04727667add6e,2025-06-01,Bicycle theft,-0.095224,51.513736,29,1
cd4ea1d65e9343c91d414960bb3f1433d3266cbb789a76efb51534f85085c107,2025-06-01,Bicycle theft,-0.082133,51.515222,44,1
80af4e7ed800caae7412568a5952fd4daa06e5b35a4a371f2b1d9a70d9d48f13,2025-06-01,Bicycle theft,-0.095224,51.513736,29,1
12c12171ce1184d47841a2091ede8cc6e95a4843d11a8da2bcd12baa071158d0,2025-06-01,Bicycle theft,-0.079521,51.511196,21,0
d7e621d9bbd8c2cf7120ba1c846a4df35801f30b4a963a12f14bc4166f6cfdee,2025-06-01,Bicycle theft,-0.0836,51.509797,8,0
9f522278ebdf471f66af4f86e3b55c36afc46fcc0cc9d21feca9874a2bb9c2cb,2025-06-01,Bicycle theft,-0.084754,51.512882,32,1
6a353abde87dcd3deac87dd819bbdcf43b878e8a8f5d025a9146defe69f0460a,2025-06-01,Bicycle theft,-0.084844,51.5097,8,0
ad4e9f1b73875e81205edeee13ef152cb40257eb5759889decd3cc19c304a598,2025-06-01,Bicycle theft,-0.083977,51.510441,20,1
1877f3ee4e8d568339c6f3678a6a82168731aa8ac06dc8f1fc0a02648968f29d,2025-06-01,Bicycle theft,-0.09141,51.510167,18,0
062798f971642be6babdd81343bb11aefabaf87fb37dfd1856a0ae79f4bc00e9,2025-06-01,Bicycle theft,-0.088903,51.510836,19,0
6df289c0cd0389184d93932a12cc812cbd4c46c64d2d26b7b3b44fcb246fe046,2025-06-01,Burglary,-0.102134,51.513929,27,1
b0323a2f97efba89b51b176a73ee9cbbf7fc99a06de7e05eaba80bd1a04eb3e1,2025-06-01,Burglary,-0.084844,51.510725,20,1
74ce195105354de1f3545436ed3fdc0be797e0526a7151d0104f7252c560bb14,2025-06-01,Burglary,-0.087744,51.516492,43,0
2a29982726d55962f7437a140dc25b104baf6690e65e6ae4a9a3e89018443970,2025-06-01,Burglary,-0.083349,51.51483,44,1
200d4a977b529c46aa0f6b0a641cb49e3fefb8f80c066dfa7ccef6eba77599d7,2025-06-01,Burglary,-0.079883,51.517326,57,1
7245bcc5c31ba55879604d9621c242fcc753fc05a4ffbb3bdd487b922757f2c3,2025-06-01,Burglary,-0.084754,51.512882,32,1
26fe2c289222451050cee31bb348c1c127d9eabeed53890b71b3afd2c688d01d,2025-06-01,Burglary,-0.078278,51.513666,34,1
edecc79fce994846623bcfb9bd46a8f393eb7232230fd9eb7436d763fc12b188,2025-06-01,Burglary,-0.083349,51.51483,44,1
40cd6359601cbf09d3cb31fdb3edc314e9c86dfb14642e6c09ef1de2977c9b06,2025-06-01,Burglary,-0.091947,51.513188,30,1
50b0c192ef8fcff76eadb77a382fd8a05893db3ed4a0710ddf5de9d54728fad8,2025-06-01,Burglary,-0.097291,51.514626,40,1
8c30246061fb58b8d59f728b57cb5e5eb5a5e7af3f335a8dd347215e24a3842f,2025-06-01,Burglary,-0.101589,51.513515,27,1
52a869f91b73a9f6dec7990f1699bdc9f7e171610e3986cbeb1d122dd2dce7d5,2025-06-01,Burglary,-0.078755,51.51844,57,1
86bd1404622ec9e15002da04114d8e80f7c8217c45d922648badef87fbe17017,2025-06-01,Burglary,-0.088785,51.517102,55,1
0acb01ad11ea91862f4bab357760cc3c49cb8f2180adcfb6d6a998330a09fc87,2025-06-01,Burglary,-0.100201,51.513286,27,1
e3838f66b3e12da67fc5cdc2deacdb9a7a0edfbcfc88bbbee98bdc9c30ec8d11,2025-06-01,Burglary,-0.097291,51.514626,40,1
ddafbbb24083f779f3245ff967a9c117a51c93c07742a76eb14aea872bb195fb,2025-06-01,Burglary,-0.083349,51.51483,44,1
d7d2740629b967168f7b1add6766630938686f3cf73cb3275bd87daf63c254a9,2025-06-01,Burglary,-0.101393,51.512685,27,1
da5e622d225687d9eeb0c5948f8a15d3f28f75a64ff2ba5ac85211a0ec31f106,2025-06-01,Burglary,-0.101589,51.513515,27,1
d6c4332103987c97152a8a77238a76048bfc47c7ea6b427eb1af07c5c68d2c32,2025-06-01,Burglary,-0.083349,51.51483,44,1
6aaedc4b8d2c2dc4b72ba69d955229701c7ce9959ea946538e73ce047a7e877e,2025-06-01,Burglary,-0.102134,51.513929,27,1
f2b4c2215f66a4d129048104c0103c2fd22ba81c07daeb38ad7b01a27047398a,2025-06-01,Burglary,-0.09154,51.511896,18,0
77341eed6e30e95ddf67e0bb6bd16f7ad8ac5ae9507f1a85c39fcf38e7ed4c55,2025-06-01,Burglary,-0.08491,51.512588,32,1
df40fe1ed03a5c119b27296d2e0659ddf250e10a276f32a38cb73b6882a7157d,2025-06-01,Burglary,-0.081643,51.51007,21,0
30c5885a183b64f61f29373ab72c85185f79314dcfb4ea3cc13195313ca4d3e8,2025-06-01,Criminal damage and arson,-0.083977,51.510441,20,1
525e320224e70f3accc36f240b727eda2edacc5592d125bce650adb35f1fe70f,2025-06-01,Criminal damage and arson,-0.091947,51.513188,30,1
5211c16e3eb1f37bccd113cfba7809622cf2c8d53db03caec030d6b1bae47824,2025-06-01,Criminal damage and arson,-0.095764,51.512549,29,1
41c4fbbc29215c4e2491909f4711c96bb8288ca5f7a3a8f99f976ec16b8755c4,2025-06-01,Criminal damage and arson,-0.084836,51.511939,20,1
77d5d79729a4228f6d6593906fcbc5aca9cc653aeb40bb9bb78a0342fe84d2ce,2025-06-01,Criminal damage and arson,-0.082133,51.515222,44,1
b8c6be4b722a72c1ad0839c65397a2796ae515037e4faa2fa0c6b99738eb5f4f,2025-06-01,Criminal damage and arson,-0.097176,51.510836,16,0
6b8e620581a56b2edca1622015252279c1f07438145c603e5f9dc07866e6ee20,2025-06-01,Criminal damage and arson,-0.095054,51.510559,17,0
d233a7ee1a47c0c986b7fc340e6c89163c58f6e13bbcc683c353b8093e989593,2025-06-01,Criminal damage and arson,-0.085228,51.51119,20,1
d5b4815e74b77eeace740152c1c80a26b78875ae0b0cccefb7844ddab12cde47,2025-06-01,Criminal damage and arson,-0.091947,51.513188,30,1
8ffe4ce9e3dcf36b1639dce3cc9692779780290da6562867d3050cf1cbbe1eff,2025-06-01,Criminal damage and arson,-0.082133,51.515222,44,1
de303d9ac7fcbbeacf8182761658e7375af6db5d7444ecfc800d7074e35be3c1,2025-06-01,Criminal damage and arson,-0.091947,51.513188,30,1
5975eb2cfc0bae02d9f9e76c5fdf2d045cc501ac28f9b60aa48509754c0bd3f4,2025-06-01,Criminal damage and arson,-0.078477,51.509965,9,0
b42d91bd8287901cfc65fbc3f774ec7dc9027b14a3df71ed26c6a0ae2c7bf8b2,2025-06-01,Criminal damage and arson,-0.087772,51.510665,19,0
f92b52d269208aa16bcad26a12094a904078aa8a56220bb8507cc2dd30339942,2025-06-01,Criminal damage and arson,-0.082993,51.51636,44,1
9cb84f8821e0ab9941ebfb34e195fcb55c6bda7af74af71ef6b3a77f8ae17b93,2025-06-01,Criminal damage and arson,-0.095924,51.513882,29,1
d2e5c6edb8133952ce9e26b7a4d8e106c48104c48cbc794429f6f41136df1a41,2025-06-01,Drugs,-0.081091,51.50882,9,0
0913497c1020c2a676ee4c96a2a68dc646279d8f2b3bf00230521731a88be08d,2025-06-01,Drugs,-0.081091,51.50882,9,0
6110c188ab14ddba68be0386c50092f30e1f7a8bbdeed5772ce9bc6dab3767a4,2025-06-01,Drugs,-0.081091,51.50882,9,0
b145acc00eb3f1d48a10af2ac2f87a6cf76bea7dbceaf891ceff542db6607931,2025-06-01,Drugs,-0.09154,51.511896,18,0
249329245ff706fdd7e9c3ae34afab0e1aa8ccc0016e9f7ebfe86bba9a91e405,2025-06-01,Drugs,-0.100888,51.514448,27,1
40220d9e50c019c4d4f57985a23cbe4ad9b3eae7ade903cb2c796b182240407d,2025-06-01,Drugs,-0.081902,51.517296,57,1
475b5d64941d84f0374829fe960acef6d8a776d981858863b4269c04a552b12e,2025-06-01,Drugs,-0.078278,51.513666,34,1
18e0b926d76385e0b2a68834336b88fb2cdaae9d01601c8bcf3e00476049c815,2025-06-01,Drugs,-0.101963,51.510761,15,0
c1ed159f3cb9c527bcee31867a5fdee2acb4e3393f9ce2992620a78ac95bb29d,2025-06-01,Drugs,-0.096501,51.513874,28,0
e34352a00823cb69f221072c23a3d646b0dac2d2f7f62e6f767f23da6588d415,2025-06-01,Drugs,-0.081512,51.518692,57,1
0d71d8821cb154b7227f62f9b7b1e502e919a3fd349bad7dce892a8267a96b19,2025-06-01,Drugs,-0.07707,51.510877,22,1
771dd55f4f910e456e746f02c0c7405a1bbfa11508acd6dfd14194304c7ce28c,2025-06-01,Drugs,-0.086019,51.513631,31,0
639c0cfee4d30d87cfabfc9c7231ba147a242c842338b7475533f3a918066a47,2025-06-01,Drugs,-0.07707,51.510877,22,1
8cedc1076b993fea5129efb51109a30893edef0fb2f71b618764bf59bf7bc2b3,2025-06-01,Drugs,-0.081902,51.517296,57,1
eab13e9ad09e658f75c04071a09dd7ba881bb5acb3eacfb80ec20c732d5c48d2,2025-06-01,Drugs,-0.086019,51.513631,31,0
553f2ecd426d84ae1e975f638ff0fb68109cfb4da2a7daedc02d3a1208f17c4d,2025-06-01,Drugs,-0.086019,51.513631,31,0
45d1b8ea73041011adc386eaee4d70bf0319754f3b6380de61feafcd933f9589,2025-06-01,Drugs,-0.101906,51.511794,15,0
4340fd73d5c04d6ff4aec0120a9b23f9087ea7a2324f34d391886bb6c79d2583,2025-06-01,Drugs,-0.079907,51.517785,57,1
aa3bd6eda0588578bf0dd032a7d4365a30ef45a5f322e3bb53906bebaad7145e,2025-06-01,Drugs,-0.084844,51.510725,20,1
08548df950c3623dcad3c5ec200f4203fbc0059ba95971f2510edebf60125ce8,2025-06-01,Drugs,-0.077959,51.511332,22,1
267c4e360874b6a0a86d64c0e8c08fa86ab9f95f8b2f18d3ccc4d25249e5da3c,2025-06-01,Other theft,-0.087157,51.512624,31,0
537b2dbee12faae9f216ce6ccb4e28ccc9de153c532bbcec25bcdd2e1fa4d9c2,2025-06-01,Other theft,-0.089208,51.509744,6,0
bfdfb2d0b43b8944e680ca2900c1c588bf306924e7f2e8d17aaa5bebad8fe7f5,2025-06-01,Other theft,-0.092531,51.512658,30,1
7f37231ea017277161d8057306f97485489ee356780bb435993de4b81da27a2d,2025-06-01,Other theft,-0.081512,51.518692,57,1
5d1c9e31d4c4da87ac99704340d4fa97422b024d40ce5c9983635c8c5825e969,2025-06-01,Other theft,-0.081512,51.518692,57,1
118e75b58f41f32cbe54a682753349ebf4dc54bca09c2e73dc508a8b84ebabdc,2025-06-01,Other theft,-0.101292,51.51477,39,0
7c71da856da8ab8c273a9e400e2d835fa3c197488d2b3dce7b3b926c4b8e7d11,2025-06-01,Other theft,-0.088785,51.517102,55,1
b5d70288343ecbb8eb1e636ff0ec9cd12a8fc7290f0bb88bf254ca7410c7a472,2025-06-01,Other theft,-0.090578,51.509722,6,0
ed9fe7d6c23f2244632b47e0d35b39cb7096e840ae8c9ebc27f0a9421272af36,2025-06-01,Other theft,-0.086019,51.513631,31,0
eb6220b0a51b8ce9a1ab7572e8ddd83f64aee9e488f210a6a5c30456353a49da,2025-06-01,Other theft,-0.084754,51.512882,32,1
b207e0d9f6bcd562be27e57465fca0e9ed94a8ba00172d72e8f4f942ae922d8c,2025-06-01,Other theft,-0.077959,51.511332,22,1
d100316bfa2406befcc1dbf13cbe0df759bb60d64aa0b62f88b1603a5d5a8e72,2025-06-01,Other theft,-0.08491,51.512588,32,1
aca8711e9fede16c51f494f3a973761895ad699425004fbabfd409abae5d28f2,2025-06-01,Other theft,-0.092531,51.512658,30,1
088e1f1fe2c0a372e2b58f151af431486e59bc57c7843b1cfbe2f665216511d1,2025-06-01,Other theft,-0.08491,51.512588,32,1
81692623f18b81eb3d3feb30ea8ef9ea190f038392f82c4531b849b9eca0b722,2025-06-01,Other theft,-0.079907,51.517785,57,1
57fec48295cd5f69e2e7d0d3e6d6d1e1f36cc3b16f9bddabff366cb9c04d648a,2025-06-01,Other theft,-0.079138,51.508312,9,0
0014ac4b30e05240bb095f5b64e26e26610e444c133317b379d82cf1fb5914d7,2025-06-01,Other theft,-0.101906,51.511794,15,0
67cefb2f23c754869439010b42d5a0f0314921db9f6893f1433686e515ce8e4c,2025-06-01,Other theft,-0.081643,51.51007,21,0
7f7408570656146810f38d5e73f129ada7f345c1ace5b1325887ce51ef0b179e,2025-06-01,Other theft,-0.083977,51.510441,20,1
8ec64ead1627f4ab4ae8880ad4e48a2482f58a0476f0fda290df36b938f29388,2025-06-01,Other theft,-0.101589,51.513515,27,1
22a2bcfdd8c38a09082e59b829e5656c00f90002ef6ebaad8e1dc00c6f557140,2025-06-01,Other theft,-0.097291,51.514626,40,1
9bf33cc762ccd01ea074177dfa62570ea2d2040368937264badf3f834ef1564c,2025-06-01,Other theft,-0.081643,51.51007,21,0
bf1c683bbf8555e8d6503e367d32117bca00dca41711bd49177375afa8bc29e7,2025-06-01,Other theft,-0.089808,51.517461,54,0
7b545b81a9c55d444a89605bd568484a9b8bfbcb5acbd7ac7412f3a7ad9a1f66,2025-06-01,Other theft,-0.09407,51.513079,29,1
84c63f880fdcbe315267d24896d4dff8802014a1b11090222adcf84b7cd22d27,2025-06-01,Other theft,-0.097291,51.514626,40,1
4314e585b5dac379c2b7a3427c6561f6dd7636d0da327dd6ac7a6e98e23e112a,2025-06-01,Other theft,-0.079138,51.508312,9,0
2f6a895975d37c2962757f88895c2339d256515e14cbc59c660576aa74f85171,2025-06-01,Other theft,-0.078755,51.51844,57,1
c37e492707242abc3a5dd36aa9f0ac02098ff9a9371c5c2776d8572648f45e43,2025-06-01,Other theft,-0.079907,51.517785,57,1
fc6d6d50481327617cb2b117de698219721adf4f6e8af6045cdc96cb61642290,2025-06-01,Other theft,-0.088785,51.517102,55,1
905d2861c1f69340efde38785869a8a618eb975a2d19dcbad3e0a9061b925b32,2025-06-01,Other theft,-0.089208,51.509744,6,0
73b9f1727afea60eaf3261a2918740f80c62b771c105ce391135488642f819f5,2025-06-01,Other theft,-0.079907,51.517785,57,1
fdad27d40feb337a2d3e9c18939ca7753041a1f351c1cdd7bb231244fce66585,2025-06-01,Other theft,-0.077804,51.518083,58,0
41abc80c1b703842b6226c2389f81ce103e508201070003aff2dfc9c297af184,2025-06-01,Other theft,-0.095224,51.513736,29,1
e17cf95247ed6d5a7b5812fe8cfff6cf5d8b7f07912b289cf3ff277b93f43d86,2025-06-01,Other theft,-0.081512,51.518692,57,1
92901de62ff80786ec3ff7a632d56da0df233ee84025f5039601af73cffccb78,2025-06-01,Other theft,-0.082993,51.51636,44,1
ff0945b70044a92093306d493710739f8fb2e8c416110da57eb43669e0215f51,2025-06-01,Other theft,-0.09407,51.513079,29,1
ee80d40bdac4b343c7d9a145819cca48b8e278cd4ae2619caad286a0e7908959,2025-06-01,Other theft,-0.097291,51.514626,40,1
1e6644d068a456807bb036ef109133f78ab38ad95dcffdd8c452eab33572d1de,2025-06-01,Other theft,-0.078495,51.51777,57,1
512556a64c6911fb6647f3b2ddcf8f085106e44cbf47c2e0c2cac49394123aee,2025-06-01,Other theft,-0.097291,51.514626,40,1
3fea96f823c32cba7615664fa9c8f3b6f8b156372f67cf858faeb6aa7e01ca49,2025-06-01,Other theft,-0.084844,51.5097,8,0
add04fdc875177278065ffea71705f0406f2208dd87eb23112df93d517122e51,2025-06-01,Other theft,-0.09446,51.512024,17,0
ebab95d3423045a24f2e29fa7562617cd9222229d416e69a26cee27f8c67ff8e,2025-06-01,Other theft,-0.084844,51.510725,20,1
9a6daa7dc23615b25cdfc50e7079d8d1b71828953b07cfa01a5e842036aff529,2025-06-01,Other theft,-0.088785,51.517102,55,1
29947b20bd2df08a50744445d9969d4464535b60427327d7c5ad838a3a0619e9,2025-06-01,Other theft,-0.083977,51.510441,20,1
6e121a6f61518fd24e7ff00b216fcf6d41acb6fa4b6dfcd910b1509fc22d9d30,2025-06-01,Other theft,-0.093339,51.511557,17,0
913553d018c032e932abc70798dba28fbd1aa2ed5048c26f17b00e1785f3848a,2025-06-01,Other theft,-0.079907,51.517785,57,1
24922b1e8d86f9471e9189939c7d9ddfc861387f487dfb894651504a39ef56b7,2025-06-01,Other theft,-0.084844,51.5097,8,0
72affd2306549821434affda7c472c833c1e20084275d32fa04342ce916e814e,2025-06-01,Other theft,-0.101589,51.513515,27,1
c7da44cee605e839554596ea4a063069ee0b51014ff5a5f5454a1fe963fa7e70,2025-06-01,Other theft,-0.080043,51.521735,81,0
31d25fff708e32035dccff42ba652331b628810a48a6ad42f1ecb792b4047059,2025-06-01,Other theft,-0.080291,51.514814,45,0
3437e973d99f3943d7b55957224c651aab7e199d6446d0b73be42e4c05d7d699,2025-06-01,Other theft,-0.078937,51.514109,33,0
ab4c4eb64e5cd1f22baa1f50aa2ab0d8e9062fd68fed5fedf995e79dd681d4fa,2025-06-01,Other theft,-0.091823,51.514427,30,1
7c3052e4b331d9aae874920c1c8ac2d6eb2118a3afb6dcae6c279e8b00b15210,2025-06-01,Other theft,-0.088903,51.510836,19,0
8f7fd92675a83dfc69388880572271b286cd5c5ad4a7c0fae3bb49a49f62e0f0,2025-06-01,Other theft,-0.092531,51.512658,30,1
479de2c7e01f44a0ee7b207a7b07dba7f7cab24826f75ceac38630686615276c,2025-06-01,Other theft,-0.079138,51.508312,9,0
0c7fd94bb6b816b471105a5bac9bf9f02f0fd292aaee6fb49d6f6f9dc6781e19,2025-06-01,Other theft,-0.089208,51.509744,6,0
cf169dfb820c260073fcaca2b75f3546185697702ad583f77cbe950b932b6275,2025-06-01,Other theft,-0.078278,51.513666,34,1
092e80afd9dbc0cf7b3e17319590b493e0ce1b411effaaaf6074ddd4b3968dbd,2025-06-01,Other theft,-0.092531,51.512658,30,1
2b5ad0c38b752e2c6d998490c324540ab957ba1c340dae2453692df14a47617a,2025-06-01,Other theft,-0.084836,51.511939,20,1
a3c2227599d0636553e70bb767ce1c9bba826d3f090b8a5cbb95887005c45817,2025-06-01,Other theft,-0.078477,51.509965,9,0
74cfc9d18d8960d142f1cafaf9137e25be591aec846115959545633f6c63c04b,2025-06-01,Other theft,-0.0949,51.513209,29,1
26de38c85a1e5ea13b48aa093f8ea3e103875a8a0e2724ffafe1b2f17d6f9fcf,2025-06-01,Other theft,-0.084844,51.5097,8,0
048f6d40d4c6814425d7fd43b91c615510b1e3ce8b4fcd867b62dad69ca2a27d,2025-06-01,Other theft,-0.084844,51.510725,20,1
b770b1a882724f07455284480b5bea850f3db9286f7dd38870f0763391bffb6b,2025-06-01,Other theft,-0.079138,51.508312,9,0
a2a2bf97e1e1a16461ec9c75130dfa9607b611529532caed9d02552d30145df7,2025-06-01,Other theft,-0.081902,51.517296,57,1
5e1324288517cef647a40d01294a89dd7f8d77e00b896f6832794c576b8612a3,2025-06-01,Other theft,-0.081512,51.518692,57,1
8e9ee8daeac312e8acaba5346775242be864cfba9c9e8931cc423331bc93a0e4,2025-06-01,Other theft,-0.081902,51.517296,57,1
4607fb33320b4f10f1defffc1c2713ced55be6a9b6e2466cde175f273d7ca2bc,2025-06-01,Other theft,-0.079138,51.508312,9,0
96e9262b746d5cad976bba9b3dfed198c453ce0eb536c973bef7242941eef880,2025-06-01,Other theft,-0.081902,51.517296,57,1
f4bf8fbcae2023863ce6741c63c545ef3e885acc4549c975d1b88490ca25a070,2025-06-01,Other theft,-0.085228,51.51119,20,1
3ce0d26891d1132ecf5fbc3383578c4f350d13aa20d68ee30b7f10439ef2397d,2025-06-01,Other theft,-0.079907,51.517785,57,1
5620792c0211ce465991e60ca2c087b8102b989d98bb1834e4973ef1905e4b65,2025-06-01,Other theft,-0.102847,51.512717,27,1
84aca87cca5fe7ee4ccd630a146da4caec572c6ab17feca0454e4bf862677a14,2025-06-01,Other theft,-0.088785,51.517102,55,1
ee0afe950c4a9794865fb92e68e9b78e4a9400e3d70eb9cbdb2486caeb56fec1,2025-06-01,Other theft,-0.079907,51.517785,57,1
c92d571f6aaa760ba372ce61a07503306c7995c6fa94fe242a602c9739283f4f,2025-06-01,Other theft,-0.079907,51.517785,57,1
cc32ed501b97d8e80a4dad32c72afdd9a2a1fc3ca4549cded4bd3e2a53e58b01,2025-06-01,Other theft,-0.078278,51.513666,34,1
495d34c0c132cdde9631afe0459d293a367e84970a4e0702424ffc288070a095,2025-06-01,Other theft,-0.078278,51.513666,34,1
2e84fbfc1d6535ddb12875ef0e844a8c6c084c3ea8cf44fa043014d385550a7d,2025-06-01,Other theft,-0.089208,51.509744,6,0
cdac4cea1c722a8c170bfc7059d941f88ee63752053294e07fb6c67dfd8702f0,2025-06-01,Other theft,-0.095224,51.513736,29,1
03d75215d1afb86a3fed51c17eeea5d4c5b54e06d62746ece58f2897a00dd465,2025-06-01,Other theft,-0.088785,51.517102,55,1
454eaf1873096a41445a59dff0a894ae43fe584618dededfe76c4bc3ee50f12a,2025-06-01,Other theft,-0.081113,51.516869,57,1
5b33389fe200e91762e12ca3360dd6e71ad2f2613e2fcce6a8b227a58ae2d480,2025-06-01,Other theft,-0.088785,51.517102,55,1
aef0459b64d68386535e5061e0845a471644d1fc695b6c07da43f36085dc9c89,2025-06-01,Other theft,-0.082993,51.51636,44,1
1902db9572f037270c228dd87eb17845930d0a41fbc178c8e1c94d4650ee0471,2025-06-01,Other theft,-0.07707,51.510877,22,1
3c3b46b329bd0a9b3c127622beef32c4a19444a2e7c4ea3b74d701a10f295317,2025-06-01,Other theft,-0.089479,51.510864,18,0
9e3b91f12ad9febbbd6b83e406db359d7142ff0979939672ede199e123020b56,2025-06-01,Other theft,-0.079127,51.509607,9,0
f1a072e63e13ae49d0fb8a4eeaa29317114fc597cc6fb22c4a74acd5f29453c8,2025-06-01,Possession of weapons,-0.083349,51.51483,44,1
688f9f073e49fcde4045ce31218be122739bb45e22dc443501587b34aa1e34eb,2025-06-01,Possession of weapons,-0.079907,51.517785,57,1
572276ac995af39b0abbcce696faad6b0771f0e4648972281aa521876321e2a7,2025-06-01,Possession of weapons,-0.095224,51.513736,29,1
207b1dcb402f3fe160403be77f6ea49317fd3e753dd16dc5652987c732b9b876,2025-06-01,Possession of weapons,-0.081091,51.50882,9,0
76cd2c0990998c4f5108cb73bfa35008963a7ffa5dfaf044c2163e604124d83d,2025-06-01,Possession of weapons,-0.085089,51.512105,20,1
c6a5be908ab0c0475f1e246b74b5c9a178ee9ca0a4b6b64be43d82dd5ca23572,2025-06-01,Public order,-0.079838,51.514267,33,0
e0eb91da1c5bb415809f90976cb3664bbd947fcbac22cc063c2fc27e23078e5a,2025-06-01,Public order,-0.100888,51.514448,27,1
3a8f0899ae0224bf7954301ababd0a39aed0728a171462cf77dea4c5cf2cfef2,2025-06-01,Public order,-0.079907,51.517785,57,1
5d93dc5c197dfec87259374dcb37b047cea1171f30abf2f35a15b384b01e3c57,2025-06-01,Public order,-0.089822,51.516103,42,0
9a2dadace4ae22087c8bb86c0a24ca2a13bf0acf7b4f96d7b7fd7a08c2e13103,2025-06-01,Public order,-0.079521,51.511196,21,0
56c4b97d3be1854f640bf9837bb3c6b4d71b7820a5e5f207249350e60556bcc4,2025-06-01,Public order,-0.097291,51.514626,40,1
5750f10792fdca803257107eabd0b64d46de566df788539054bf03dce5c4c601,2025-06-01,Public order,-0.081512,51.518692,57,1
89ded0bdb06e8a291846882363994cc9ea0238c394f0bb4fc152949c35412e2b,2025-06-01,Public order,-0.078278,51.513666,34,1
51854847b351af97be92c54744629607c7c804670e84ddd3267b3ba4b74ca32a,2025-06-01,Public order,-0.087157,51.512624,31,0
da587bb8d94a9021b196d6540b5a3db2d0fe8e03224a5f47f533e9ade769ca94,2025-06-01,Public order,-0.083977,51.510441,20,1
8497011de6f1199dc0619c32bdc238b3d8a91f376c719a4e1e7efcca4cb4d0d3,2025-06-01,Public order,-0.100888,51.514448,27,1
4807894e0f7adf1e80534c5a6fbcc594cb658f408ddfc0d469af0c84490ee546,2025-06-01,Public order,-0.079907,51.517785,57,1
ff9cb334eb512daa77fbca867c7a1a78c396cd74e3c1104ed7024c254b9ca20f,2025-06-01,Public order,-0.079907,51.517785,57,1
3f711d5c7b45af33b3c90ba2fc24c649b8c06bec66fd00d522076443517eff41,2025-06-01,Public order,-0.092633,51.509872,6,0
71c99754881461dfd2f802f342cefa2ca1941ced5a2ffc2531adac20e40862e3,2025-06-01,Public order,-0.079907,51.517785,57,1
7cc8c4fd299f02419c3557c385859c61753c0f8371230707f8f6afdf85264388,2025-06-01,Public order,-0.085228,51.51119,20,1
4cb86e4fbca23bd11da98b40f6469c5d026f6e94f1b1e6373abbe1ee1f711baa,2025-06-01,Public order,-0.082993,51.51636,44,1
654d5bb5b70cab96773e4cbf436a0ce609d4878628a737dbbcc283cc37b654f8,2025-06-01,Public order,-0.07707,51.510877,22,1
3a498f16bc1ef96f0debc5b35d1a392a28ed452a6e6416cee97ec26c833a00d9,2025-06-01,Public order,-0.091947,51.513188,30,1
fca3dcec7800a06070d65e5f73ca75d7344ad24540fb1166437aa75b617a3416,2025-06-01,Public order,-0.096501,51.513874,28,0
a1bd258051f7ec0fd119673cce287784fd1a9fe6abd55368c9b7becf6cc655c5,2025-06-01,Public order,-0.081643,51.51007,21,0
60fd6e7805794bc1eec4839d90e3eb31097a5b56cc03a117d964b02f90d729e5,2025-06-01,Public order,-0.089208,51.509744,6,0
adb2e79eb5929096e140b107ee714c09932724583082a66c1161c9200300f719,2025-06-01,Public order,-0.079907,51.517785,57,1
89e1373c198e315303af97350b3b3259d5be21f3dbe12b046fcaa52ebfd14f8a,2025-06-01,Public order,-0.095924,51.513882,29,1
1565e385e7d38f47a99b6620a60c826f5aea20c7a5c075866b3e8c880fd79b61,2025-06-01,Public order,-0.079907,51.517785,57,1
57f06514c58460be5cfd71f73cc25c226bcb2350c2d663f1def43b7b73ebdb6e,2025-06-01,Public order,-0.09154,51.511896,18,0
c34687baa4530aae45542f4d9111ace9a1f34266438cc342ee41fe34d3652030,2025-06-01,Public order,-0.081902,51.517296,57,1
dc280d533aa40f1507af46aac1ae012dceea4138a3333480aff7250f450c8512,2025-06-01,Public order,-0.079883,51.517326,57,1
2829f757b24addd14925205c1437e9a26e969e1f81d272a9b2561ea45786a521,2025-06-01,Robbery,-0.081902,51.517296,57,1
22c3570b8fc8453106fa3915c391446f4b9867a4d9797559cf479799bf981f1e,2025-06-01,Robbery,-0.081902,51.517296,57,1
dfcb3e36d191945dc4ad2df3f4e5a437a712d214c35947fe10be0067a683d21b,2025-06-01,Robbery,-0.089208,51.509744,6,0
acb00282f00bb3c857df7488216f4d14986e07e1a8c2a04473ed97914a77a0e5,2025-06-01,Robbery,-0.088785,51.517102,55,1
f096bf3efa80d872fb30fce96c1e986224d7b6205bbeecf5c9fd1e5c623f2d81,2025-06-01,Robbery,-0.104276,51.513712,26,0
6d36bfe6304730c46ec60b1df9e5492df8dfba8cdd1a02fe18ff54a23cac7b0a,2025-06-01,Robbery,-0.101393,51.512685,27,1
7886215918a71cf53531c9912a6478ec0d0ecb460f9b0d1991782b55b7cef14b,2025-06-01,Robbery,-0.082993,51.51636,44,1
e50b9211820edf8f4d54246c70d03b22834a2128842b858a950fa68c8e200102,2025-06-01,Robbery,-0.086815,51.517007,55,1
ac4b68fe92d23d24d1fbcdc09c092594a290b16ee0231481d948b52c6dfb2d2d,2025-06-01,Robbery,-0.084754,51.512882,32,1
7261013e88e836ed20f6ef4ed0b60aaacdb2684fb45b20d33d4fe03c4d54e148,2025-06-01,Robbery,-0.079883,51.517326,57,1
d6e4abb33e2a6f2535daabcaf0b9912a682451144c0fa92b426a9951881a9a13,2025-06-01,Robbery,-0.079883,51.517326,57,1
6bd99aa722a44d05a5bec29245b58c8fb590ca861b4c1da055e4e34bbe91b087,2025-06-01,Robbery,-0.088785,51.517102,55,1
c34eab52cdb62539fca06ae2061bd05e6d5ab4e26c0ac0c6dd5c99c62fdccdcf,2025-06-01,Robbery,-0.095224,51.513736,29,1
43cc178efc203a80c10f4727f5e15a713024392cb89e6be21259239b2563926a,2025-06-01,Robbery,-0.089808,51.517461,54,0
87921f3125d5829e8524e35b0659e7039fab3ca4a88a91cd87a3ba9eb77123d8,2025-06-01,Robbery,-0.091947,51.513188,30,1
a4d6a365aac8d499b6b126ec633405c37c6b8f51d6f12debe7015e485a51077b,2025-06-01,Shoplifting,-0.086815,51.517007,55,1
e8c598be7f9570fc82eecec1e267df48555cf31ce769c1ae4e23fdad30aa0a88,2025-06-01,Shoplifting,-0.086815,51.517007,55,1
903612d2dd5d8b97479f00e0012229bae1e6f4e0461ffb15cd1ed7705853c24a,2025-06-01,Shoplifting,-0.091947,51.513188,30,1
e24a085d8ae13906b73faff613337c406d49f7f7db82b1b4677c416f943030ef,2025-06-01,Shoplifting,-0.09407,51.513079,29,1
288569eb868d54f32e213b8911dcbb217d3227bd9ec6354f14af7f34232ef675,2025-06-01,Shoplifting,-0.097291,51.514626,40,1
4766cc6dc4c0eda82bd45c273f40e58dcc1401771c1cdedc90c66fd27467dc58,2025-06-01,Shoplifting,-0.08491,51.512588,32,1
b9ecdf05ae5e974dad36d68d735e0ba25800e8e6655e318160bfc3f661001c03,2025-06-01,Shoplifting,-0.086815,51.517007,55,1
aabb7dfd604f8070545eb2f5435afd49e7841435ca2ab7ba7a081304d4ba7405,2025-06-01,Shoplifting,-0.079883,51.517326,57,1
6bfa48be53878cc7a444b9535077b67ec5d5af762641c391201f8dfa37d6416a,2025-06-01,Shoplifting,-0.095924,51.513882,29,1
f88ec99b183694416a4931a2860390c46b0c46d0be55ea05ae357373446f192e,2025-06-01,Shoplifting,-0.095224,51.513736,29,1
059f2aea00230fe76d0c6a282fac2da9904deac832d72fa3c31b6780f3b8b182,2025-06-01,Shoplifting,-0.09407,51.513079,29,1
db72030c779447f38d988d0af1dd050ad6045649ba702fd3d66b988ee68b5ad8,2025-06-01,Shoplifting,-0.079907,51.517785,57,1
2985afaf22c555c8a5dea37e583c477accc9ee16afb16ea51347351c124b0ca4,2025-06-01,Shoplifting,-0.085089,51.512105,20,1
92ef480e1e8295bf0d6b070da5acc0a9250fff50738a3e34a5abe4924a509e40,2025-06-01,Shoplifting,-0.087772,51.510665,19,0
9afedb7a31a86c0dd83140091d706ec6b805bea5382dbc7890e9da079b5b8c56,2025-06-01,Shoplifting,-0.079883,51.517326,57,1
f910f604a44f93ac54ec0a91a4ea5cc65a9314f530b7dc6186f7591662ed653a,2025-06-01,Shoplifting,-0.086815,51.517007,55,1
4697798e216ed69304fafe25eb2f37e2709f0442af02b83a565d25c27f65c104,2025-06-01,Shoplifting,-0.084836,51.511939,20,1
8692050623bad133c08492aac7b3e9cf772d362832ebf03760c75556f4b5732e,2025-06-01,Shoplifting,-0.084836,51.511939,20,1
57144e628535425bd169cf3edbb77017f44f0ad7ef7798fde036c25baca6181d,2025-06-01,Shoplifting,-0.078278,51.513666,34,1
8fb6b2b9ddc73ed433d0f921a95afd146432bb7824ecb6d9719841bc49c1df7d,2025-06-01,Shoplifting,-0.091823,51.514427,30,1
5934f271acf436a1f31f4abd06186048c9bc4162e4ff427ab74c2c4e8fca7fc8,2025-06-01,Shoplifting,-0.081643,51.51007,21,0
03d1861ef13ab86dbbc1211d45a9598ae7caa23c954d3961be8554b760590080,2025-06-01,Shoplifting,-0.086815,51.517007,55,1
7cb894c80f5b556f25eae30a706abf0f980cbd26b313e6492033af0356dbb3ea,2025-06-01,Shoplifting,-0.097291,51.514626,40,1
19fac4bee4cac3e09356dcfcd60f97992fba9d66cf528c6293e5709209ccf4bb,2025-06-01,Shoplifting,-0.081512,51.518692,57,1
1ac0903e88570bb475772dc5bb5a53d6fc177a6420be7e4e8dfcc99087f76e2c,2025-06-01,Shoplifting,-0.085089,51.512105,20,1
903e0e6a0c10fb9aeab70ed8e793b1e884f56cfc911eec301b300a7894e6e096,2025-06-01,Shoplifting,-0.095924,51.513882,29,1
54a60322d39a29469d8cb98a8833223a5b9d2f7e7381f2ae274856e3ad852d9f,2025-06-01,Shoplifting,-0.08491,51.512588,32,1
de557b203b7ac0e8991f5a67d7f26d2e5468030e2ce2cc4bfea918b490e19e69,2025-06-01,Shoplifting,-0.08491,51.512588,32,1
d691fdf1825fd605d8bfd6b90571752ad7c1cce20f2092685c30ad0fe65284cb,2025-06-01,Shoplifting,-0.086815,51.517007,55,1
4912d421c132ef4b8e1614335e4be2c4baa98e1d42b6e89fcb0f59c22bc00199,2025-06-01,Shoplifting,-0.081902,51.517296,57,1
2bbec2ada058a9bc966a704c89d9aa5759a7f91e680653e8405764e7680aba3f,2025-06-01,Shoplifting,-0.095224,51.513736,29,1
be302545e4870ce0b2b421ff3b7d9a65e2f701ec0e5a44ef404cc4b99ebe7363,2025-06-01,Shoplifting,-0.084836,51.511939,20,1
de83d1fee9875a6d41c4648bde92d4019ee6505af7be054f679f3227f4ea74fc,2025-06-01,Shoplifting,-0.086815,51.517007,55,1
b0324d16c2be00e76da0c9e833e6c7dafc07c1825955e6985840a0db44ecf377,2025-06-01,Shoplifting,-0.089822,51.516103,42,0
bda68734bcbbe254a786cebf34e0444d0648370c023fa20000cb4b0ae9b47a02,2025-06-01,Shoplifting,-0.08491,51.512588,32,1
2d40b1b0bc9f82a4df98f48313044b80fbe91ee7eb3935576914bb96e87a12b5,2025-06-01,Shoplifting,-0.085089,51.512105,20,1
05c8c2109522e5dc3d915713882cbba03a08201304f275c24ab1f789adad29cd,2025-06-01,Shoplifting,-0.084754,51.512882,32,1
7a6142b4a1181d8cc499133764d912db9105569c95fd994dceaf1af259011d27,2025-06-01,Shoplifting,-0.079883,51.517326,57,1
89ef0fd6f819461627d7328528aa1e9eabb88b8fb980dc16bce2e76e86a91c65,2025-06-01,Shoplifting,-0.097291,51.514626,40,1
7494c3f911760a3b92080d0e8e491935a1a997939f9b3d0bc466235014529e5c,2025-06-01,Shoplifting,-0.079883,51.517326,57,1
743ea72879e51c6269eecb6fc5c76e0229a0fc433cad7f25436c75a043a78612,2025-06-01,Shoplifting,-0.095224,51.513736,29,1
652457189445ed1f4aefeb1c9827b9db080cc60197cc7257eab4e639d458a081,2025-06-01,Shoplifting,-0.079883,51.517326,57,1
38bc1a6504746baa8993ea7e36d6d1ffb052e48111bd7f277618d0f66de2a939,2025-06-01,Shoplifting,-0.086815,51.517007,55,1
fcf33f2d3c6c2c1b574928fdd6c753c68d43eb36f78d02a3c478d32da7a7a9c8,2025-06-01,Shoplifting,-0.091823,51.514427,30,1
165e4520040fb68ec2c4258138015993db67171f2c15e6dc61533139b0457314,2025-06-01,Shoplifting,-0.095224,51.513736,29,1
171f8b50b6104302fc88cabcba113b7ca70df237e994cceac41952c86866edd7,2025-06-01,Shoplifting,-0.095924,51.513882,29,1
841e775f6f72f55cd142b7f79de41b04fb33b09a5b27bbed76d07070c1b35fa7,2025-06-01,Shoplifting,-0.081902,51.517296,57,1
3a160ee8d8b078c029250bba06222926159fac3360e3fb29db3f70245b217f1a,2025-06-01,Shoplifting,-0.079883,51.517326,57,1
ad90213035a1122e3bcd27883221bb9a867b88c111c4305117f9286de6d7216f,2025-06-01,Shoplifting,-0.084754,51.512882,32,1
61b257a5297ae5fb9b4a2e8d419e7fd4fe6d8237aad34b19ca4662150ca002b9,2025-06-01,Shoplifting,-0.095924,51.513882,29,1
6b321c9bbdc1a9128d7501509a6e5a7d484dc54106c84ff00f0e3243ee4ed4fb,2025-06-01,Shoplifting,-0.085089,51.512105,20,1
50c7b4f6c375897400ebfb4a095259a0e7492ede14eb2a83eb8c3d4c7b972d8a,2025-06-01,Shoplifting,-0.086815,51.517007,55,1
81a86d6ef55d06424871ac02aafbf7d6a627d95c1556b4e341532bc461392e1f,2025-06-01,Shoplifting,-0.085089,51.512105,20,1
63582e0f767c19494f4bf85c90c9221a8c27f64b440cf10e611e893c9a600ec8,2025-06-01,Shoplifting,-0.081902,51.517296,57,1
f17d5b5e6b9c970dcffd0618087beafd247a196732eb5d8865133bf8e887295a,2025-06-01,Shoplifting,-0.081512,51.518692,57,1
8b1ebf099e8a05cdd365b7f0095b74a747b9ba9e49b7c622a65d7fc15e7192ad,2025-06-01,Shoplifting,-0.081902,51.517296,57,1
441d4e4103cb74958a79a151789910f79870bfa426b5b19d514192f0b1a4f702,2025-06-01,Shoplifting,-0.095924,51.513882,29,1
0e413672227243b8ea6b2d3ee214faf3b26e3d74bc97897044beeef06fc500be,2025-06-01,Shoplifting,-0.084836,51.511939,20,1
d40581e0821c4bedc0d94ae69b44e7ccc320b64e5f771c7294c6ef508b7b3bcc,2025-06-01,Shoplifting,-0.081643,51.51007,21,0
4c64c4d07345d24d81d451231b60204ac0c80399fe11cf58ce319664ce94f326,2025-06-01,Shoplifting,-0.095924,51.513882,29,1
4d1853792eef05e6ec193905dcf2bd09f140c1b178ce09119c20ce7380f00b16,2025-06-01,Shoplifting,-0.084754,51.512882,32,1
33036aa5dcbb18704ec20c523dae4bd4473f9ded637e99d0c8ae5e198c4e702d,2025-06-01,Shoplifting,-0.078278,51.513666,34,1
383313001db82fa8075449fcc850eb7f2bb12dc772b05576947b0e6aefc4287a,2025-06-01,Shoplifting,-0.095924,51.513882,29,1
1b54389e6fc9d6daf053ccc535976a554a9a2082bcee1feab9cd7ff006d49461,2025-06-01,Shoplifting,-0.079883,51.517326,57,1
d37c6d708f26b9ac7c5aa3cab9473e409739b8eda21177abd11eee0f72e85079,2025-06-01,Shoplifting,-0.079883,51.517326,57,1
b4f51a52711d5a65af0026e474aae3503b9a430f0e7d4032cbb96cf71efcb6f2,2025-06-01,Shoplifting,-0.086815,51.517007,55,1
dcce744d5faa6b5c562879217f0a957a28eb37495c8acbb0fade50a88d15b46b,2025-06-01,Shoplifting,-0.095924,51.513882,29,1
6d31ed7bc5a5fcefefc37dd039664b1508be3ba5e0a8c15dc3492b420a2b8975,2025-06-01,Shoplifting,-0.079883,51.517326,57,1
61750a698a29ffb8ef3665e0656b25f6f459ccc738ca3c2680d73d1dac589613,2025-06-01,Shoplifting,-0.079907,51.517785,57,1
2a0797560bfd39f7477d59e829b470e2de7b930d35cac1fc4677e4a2d467a814,2025-06-01,Shoplifting,-0.084836,51.511939,20,1
6c54307c709a501d339d5bd57ece6878992e8e0ac3992401d4047d7e3812639a,2025-06-01,Shoplifting,-0.095924,51.513882,29,1
2e700dcab1d4a1ea9f67199b1cdb4833a8ab55f4e5f5fd914db800722efb0648,2025-06-01,Shoplifting,-0.086815,51.517007,55,1
fd9fa8e47058f6d7aa1a22eb5f367465f447c8698fcdd83f3f9730fdf31bc0b2,2025-06-01,Shoplifting,-0.08491,51.512588,32,1
cfbb63d7d67401eacf7928181ce5587fae810bef0b23f215d36c5982d0af9afc,2025-06-01,Shoplifting,-0.091947,51.513188,30,1
478a90d4325876d9ca820cd9c8981fab0427bc28396e4186743a3d1d844c5412,2025-06-01,Shoplifting,-0.079907,51.517785,57,1
9a42c1d1630b4554edd8e73454c5a0cce5f4582d882fbc55e4f87f8ff4eacbf2,2025-06-01,Shoplifting,-0.084754,51.512882,32,1
f476e3f34152bcfc509ac73b06bac2d2b14b49133277397f3c9c956ba1b15a68,2025-06-01,Shoplifting,-0.085089,51.512105,20,1
50b140823a539c7068b62cc4156d02740d5edfe1ab4455c86c18a2325da76d93,2025-06-01,Shoplifting,-0.086815,51.517007,55,1
9cd730b8ca2905b7d80fc031a65a51bd73e86dc89211b89b5506cbf7f9151274,2025-06-01,Shoplifting,-0.085089,51.512105,20,1
3689a99d67e110843d1241baea55aa288ac9b885ec577d9080730c5d3296a16c,2025-06-01,Shoplifting,-0.081902,51.517296,57,1
6906b361789ceef9d3b52a3e2db502f328d7ff4cd6a4d75cd12cb5399e67e8fa,2025-06-01,Shoplifting,-0.084754,51.512882,32,1
161ad33d3c29b1c5a4afe87f738364254a89874c214080b340b23aabc278179f,2025-06-01,Shoplifting,-0.081902,51.517296,57,1
5b17a6c58f8b84181557184bbef61927628948a21d8885e1046d9c3de7a32fca,2025-06-01,Shoplifting,-0.081113,51.516869,57,1
dca029dc347c841947d115d27e9b697d4943e658d45f710fab10d33fed3eea27,2025-06-01,Shoplifting,-0.086815,51.517007,55,1
40c61cc9ca0a58637f358331170e6e64e58e668f3472c50f6583d6ddfcbf9ec7,2025-06-01,Shoplifting,-0.09407,51.513079,29,1
16a6cde7b290b0be04c8a0b20d91cc89371d0f1a3c030fe49dc09d0dbd1a8648,2025-06-01,Shoplifting,-0.081902,51.517296,57,1
ae547a6b0a7ebaef57513e148b8d042ad36befa862c5368f0d22fea2c1f61f9f,2025-06-01,Shoplifting,-0.079883,51.517326,57,1
b28cb838a3b72923c9012a2b06c9cd057c5cc6038e32e4213aa2e21ad78e0b36,2025-06-01,Shoplifting,-0.084754,51.512882,32,1
70f92e5b22191c53d7752e07823e0b8e598fec5799a9c90e67ab11bb83b4e786,2025-06-01,Shoplifting,-0.095924,51.513882,29,1
fdc51d2bf74e38b99a4af30f84a16dc7da2bdcb2192fb28418c4155b277370ec,2025-06-01,Shoplifting,-0.100201,51.513286,27,1
d94a48d4a1a4c9f2bad076237a644736099885a0a20b1b27cc0c6f6c2d159bc4,2025-06-01,Theft from the person,-0.0949,51.513209,29,1
f1e2a3b3e8f30a42527a4482cac2155f6b716257dc8c6e7ce6e97c5f2fc1de50,2025-06-01,Theft from the person,-0.104276,51.513712,26,0
2a0f7f8bd4c2884a60b9a8e639b1a49019e55c8e66bd3e32b7d0f9e7ae872224,2025-06-01,Theft from the person,-0.088785,51.517102,55,1
d6afc383ea7aa19eeafa3011caa48a23ea491af288ba1c7b3fa3ff7f3f09e80c,2025-06-01,Theft from the person,-0.081512,51.518692,57,1
359997f8bcb7f24e8012cd9525ce8b0ec148ad13b8e758df61778e6e4f324a6b,2025-06-01,Theft from the person,-0.104276,51.513712,26,0
f0b7d1f2d790b888d00a60822509df26ce71a5c38f51ba406a2f6e64f340d1c4,2025-06-01,Theft from the person,-0.100201,51.513286,27,1
68a6c71c5e4ce97453acecf2b1f7ea882a83cab1db1afff70cad9059bff804ef,2025-06-01,Theft from the person,-0.104276,51.513712,26,0
178d01ca296d305a755e4fdfbf31da7d9c29b743b6bc1cf54c3974b6266e328c,2025-06-01,Theft from the person,-0.100201,51.513286,27,1
16d0e135857f8b84ce8368b5d00d6aa0c52f738e2350483825f25da24e8c2509,2025-06-01,Theft from the person,-0.079838,51.514267,33,0
80ad382d86e5172a2faca2e67664e9d9bee0455b05392dbf4e22e8796a84c8ea,2025-06-01,Theft from the person,-0.079138,51.508312,9,0
f075e48c8f43a87ecf3e468dd90bc636b4cc405905a6f7cdd914491ee2baca1d,2025-06-01,Theft from the person,-0.081902,51.517296,57,1
c0258dc038a7ff744745652cbb6d54f91f38f2e1c0704781d41ef5902f55900b,2025-06-01,Theft from the person,-0.091823,51.514427,30,1
5eac352033fec9d6ccfa8f52dd3aa130d29d7821df1a173a8652131e3f5fc63c,2025-06-01,Theft from the person,-0.087157,51.512624,31,0
3f21249b0c9a42879e87a2bbba0f6340acd83f34817167e777848d500bc955e3,2025-06-01,Theft from the person,-0.088456,51.514975,43,0
35a104a72fed50b5ef66ec364098c7a2258d9549c27beb590905ddc69d965286,2025-06-01,Theft from the person,-0.082993,51.51636,44,1
ba792fbb55cfb62a6ec6505de0a367bf56345c26854b2f2838814ed6ff030102,2025-06-01,Theft from the person,-0.09154,51.511896,18,0
151e49b1c5dcf42bbc38b845da9e0cbe994fbd76dca65c0ce8025de1b5c6d1cf,2025-06-01,Theft from the person,-0.097291,51.514626,40,1
d804ed045873ff573d269d623cd6ed41d3752fd5e456313ebc16ea5c780776fa,2025-06-01,Theft from the person,-0.077563,51.517656,58,0
80880970cc21cfbb4cb082b93fa99f974518e369d1b8ac0c3b2a17f5be4089c2,2025-06-01,Theft from the person,-0.0949,51.513209,29,1
75255afcfcbf094f94a7ef9f002ae6007dd365749f3ecabbd70d0848a2f1a7b1,2025-06-01,Theft from the person,-0.083977,51.510441,20,1
c682d3a15c4efccc2465f58291304b3ec2f456895c97b31d2a562a33ab3cb85f,2025-06-01,Theft from the person,-0.088785,51.517102,55,1
9ec6a10152ebd569527e90ab75ed8c73415a1e925bc8740eaef960786c627117,2025-06-01,Theft from the person,-0.081902,51.517296,57,1
9805b8fddab95052cc3b051d0e3854c2a7e570a1190109c4cf8288084c4be3c5,2025-06-01,Theft from the person,-0.088785,51.517102,55,1
1f6027215639b85249fe30a8f1bedd15089b01d6de80839997e7daaa22e268b5,2025-06-01,Theft from the person,-0.081512,51.518692,57,1
685b59fc0289975bf7fa50be489f49f65f155fe0d99b450b4ef0b9ef0c8b2150,2025-06-01,Theft from the person,-0.081973,51.515948,45,0
b8bc73bbd0dfa3ef5b6df99e44527c00822340c8846fad13dec0c0da3d410193,2025-06-01,Theft from the person,-0.083349,51.51483,44,1
3cea0930d0adbf7cc391fb788c3cd6d36322acb0333cc811cfb4b4a6e601d7b5,2025-06-01,Theft from the person,-0.095224,51.513736,29,1
f3a9d2a08fcc99470b1dc5a7ae0cef07ac8b4494e7e07a3a72e25c5df6569645,2025-06-01,Theft from the person,-0.078059,51.509967,10,0
1fb9dd30446b40c318eada326fa540a819df91adc22fabf0f03d6e74ec8fc1ec,2025-06-01,Theft from the person,-0.101906,51.511794,15,0
d46a27a14d257199b61286b7aaa08d390bc08602d24f91dcb37931f4badf2174,2025-06-01,Theft from the person,-0.089208,51.509744,6,0
c90cb2cc7449ff7934a52aba968c4f65c2269c5933cd283c48d2d20301cea563,2025-06-01,Theft from the person,-0.095764,51.512549,29,1
ae5d6059180a397bd04669aa67f9fe90bab5b621f50c794117dd9c0aab597837,2025-06-01,Theft from the person,-0.079521,51.511196,21,0
0aa9233f625bcbc4ec0782858345bf4a0e38a1ccf9c11b18d1233b39be5e7a55,2025-06-01,Theft from the person,-0.081113,51.516869,57,1
2eb7da6d07872b81550447789d5cb0fe7d174205ca87219746b7bf701e354504,2025-06-01,Theft from the person,-0.091823,51.514427,30,1
c4cd26192104cefeeabc3a0694b503053262fe279a36d96209be355fb06b4807,2025-06-01,Theft from the person,-0.079907,51.517785,57,1
03018122ea3d7c7ae20f577d1b475d6fb5f829320cb7b290ee952d959c108df6,2025-06-01,Theft from the person,-0.092531,51.512658,30,1
ef4326e2e4213bc304827de4e3c77f2ebd60634ce923532e814a8b84925950a1,2025-06-01,Theft from the person,-0.078424,51.518093,57,1
885d2ea42f5adc5c7ae37312deeae27e2ae6eee94f226fbcae0f6a5bf9cc278e,2025-06-01,Theft from the person,-0.081902,51.517296,57,1
c5de12c0f7f24625932d5b28fb079a39150e45226b816693b5d049709cf654f9,2025-06-01,Theft from the person,-0.087772,51.510665,19,0
2c930a1de01fb105c089485f9fe51b1cf8fdec2245b9302d2636f0f05b8dfe4c,2025-06-01,Theft from the person,-0.081902,51.517296,57,1
ed62681b4045889e20e529218f2adab5db2aadcc60ecd1cce49cfdbee05efe87,2025-06-01,Theft from the person,-0.089808,51.517461,54,0
881b16bc7908ffc28205c38dca07ec0d6df8a9e51dbf4182c7a60ceee2e250b6,2025-06-01,Theft from the person,-0.087157,51.512624,31,0
f6e8fad1ee44e401416126861e8525fb7208e6f740809734eba8c596d22521bc,2025-06-01,Theft from the person,-0.095924,51.513882,29,1
d27a1e2511c447b0fcb63b2432ddf7c0fa1750b1d1af20bb5fe3ba4c8184ed70,2025-06-01,Theft from the person,-0.097291,51.514626,40,1
49ec3efeefb1746091316a523605b25f3cecd94edb2a90abd230b3e5d731443a,2025-06-01,Theft from the person,-0.079907,51.517785,57,1
da718c6e8dbb543a3d2dc503a68c9aeed71b5fd32934063a594d377063e24466,2025-06-01,Theft from the person,-0.084844,51.510725,20,1
4fe196c0821f02de6c4ef6cb849a0f4701074eaa1fbcff9e580f073972e5275a,2025-06-01,Theft from the person,-0.095924,51.513882,29,1
f78d71ac066cf0f6d8dc4ee3ecb3255894a866e3aecd8b40b2837502bcd2de55,2025-06-01,Vehicle crime,-0.092036,51.511049,18,0
198f001e8084b19fb0e0460ecb67168d7cd24b57269bbedb4c70f95b5eb39551,2025-06-01,Vehicle crime,-0.080365,51.508943,9,0
ccaf97ebe95303a7bc49fca8dcfc30112562ac56b612ee01ec0973eb1bf5a787,2025-06-01,Violence and sexual offences,-0.101292,51.51477,39,0
89a5eaf3478f3e824ed7c46144e9f358ad70b40ad9919f88c4e027c971820510,2025-06-01,Violence and sexual offences,-0.087157,51.512624,31,0
a1cc29e99948bbb6c10e0a0dcc78e39bc15c3168d973980e20a571eb2598fcae,2025-06-01,Violence and sexual offences,-0.086019,51.513631,31,0
7b570c12c609de98e6b1c292e80d25d73fe686284164c71a8b13dbb967bc4015,2025-06-01,Violence and sexual offences,-0.086019,51.513631,31,0
3c590dfb37aacf0a6e5a3213fc712baf9ac5366c3646d050ca588c6187362b93,2025-06-01,Violence and sexual offences,-0.093339,51.511557,17,0
80770f8810afbb294421192857740a76ef9257f460cb2e418cc60d761551c94b,2025-06-01,Violence and sexual offences,-0.090578,51.509722,6,0
5e943eae59dbd61d7cc16f0201363acc5ddc62c30fd3fcc03d59d91a07554da9,2025-06-01,Violence and sexual offences,-0.080291,51.514814,45,0
ca84cc03a60045335abcb9a40055c0ebaae1e1e5622e02bf87c27c5e83c92015,2025-06-01,Violence and sexual offences,-0.078937,51.514109,33,0
f1500671d34cc33a38b9e17c75289ddae8e0c522c42b42f94bcc7408db7505d0,2025-06-01,Violence and sexual offences,-0.0949,51.513209,29,1
ad47bee293be617df5c7efbcc34c4dc6f8f295d3da456be31045a3fc4b7c6251,2025-06-01,Violence and sexual offences,-0.086019,51.513631,31,0
06d3d6b6bcb700c79d6b5a07de2247ca0157aa453cfabc205b410d3ae965c3ab,2025-06-01,Violence and sexual offences,-0.081512,51.518692,57,1
30cf1490a24592cb757812cbd2febcc44980274fec165aad7b6c4ac7ab9dcf1d,2025-06-01,Violence and sexual offences,-0.080291,51.514814,45,0
078c60de307ab5cbf8ca07717d30ac3f6d4e6f76e0739367c63be04f578d8ad2,2025-06-01,Violence and sexual offences,-0.080291,51.514814,45,0
f19cb937b28880a6b28f5bde3b377e37370cdfa8ec76ce084c275fbca185505f,2025-06-01,Violence and sexual offences,-0.080291,51.514814,45,0
01b71e7f589e61c4d822c3c989c7eb55bdd1617dfc72392e0e5ee0c3f3e3015c,2025-06-01,Violence and sexual offences,-0.083349,51.51483,44,1
e067e7f298e06e321daa77e26e4833ee437ede4d106f7239b3aa6fda5b520b14,2025-06-01,Violence and sexual offences,-0.079907,51.517785,57,1
8a100a231294e21570a7423be1d16ea1fe3823313ed6b2c18478468f44844df6,2025-06-01,Violence and sexual offences,-0.087772,51.510665,19,0
4b5b90e01a4d2dbc361687db6f36a1cc596f4b307dc3331b33c6cc7eb8a17589,2025-06-01,Violence and sexual offences,-0.089479,51.510864,18,0
782c69321c52f20edddb0bccd7662a71bc68c65cb738c1b9e662703f8b13f5ea,2025-06-01,Violence and sexual offences,-0.095054,51.510559,17,0
d9f29880f397c9bed75c4a91c186042f2f98ebed8930f0a712e61174726bc2b2,2025-06-01,Violence and sexual offences,-0.079907,51.517785,57,1
a155e45890c5f4d08e497760cbc7abde9f68a50689a2a5a2f03219f55ae50d5b,2025-06-01,Violence and sexual offences,-0.079907,51.517785,57,1
670ae6f8c7561fd4cbe91bb71a8afa372ef47908d68a3f01c7585b2cb49cfc49,2025-06-01,Violence and sexual offences,-0.079907,51.517785,57,1
a3813612d4a6bcaff06a923da89f02491e0dc13e22a5e00675a534c1dfe71abd,2025-06-01,Violence and sexual offences,-0.079907,51.517785,57,1
24a95f25b3c2a65b730a747f7d9947904025bae7ebbe1b761a8fb34d9b987721,2025-06-01,Violence and sexual offences,-0.095054,51.510559,17,0
7f138b1b8c79447a81c35d4f7b5123180baddf22224f54deded154ca44222a16,2025-06-01,Violence and sexual offences,-0.102134,51.513929,27,1
b3cfe09f6a044db7955af7a7c6158eb0164eaceeace6d70b38e7b032ce6407f0,2025-06-01,Violence and sexual offences,-0.096501,51.513874,28,0
c6cfdcc5bae6fc9f8ecca9c872888198ec02af6469e751714174697628bb4ce7,2025-06-01,Violence and sexual offences,-0.079907,51.517785,57,1
5eb228f58ad47ab997175c70d348879ea5a8163808fef023d4b9b5072e65c911,2025-06-01,Violence and sexual offences,-0.080291,51.514814,45,0
9031f59c440b1f450301b1224506155e1667ac71e10c309da1bfe7a7ba93545e,2025-06-01,Violence and sexual offences,-0.082993,51.51636,44,1
05a6d2611631f6f84fa54c88e5ecb56e2ceaeb618f54401ddb5d3ba1ba9f68be,2025-06-01,Violence and sexual offences,-0.101292,51.51477,39,0
ff04b43d43a8244d23c5646d50c3f73d359277e91604f575e7f9bd44913cf2e7,2025-06-01,Violence and sexual offences,-0.09154,51.511896,18,0
492ab34778f1386035df50425800024359cd64c217e4a3d7515f9549d16fcb82,2025-06-01,Violence and sexual offences,-0.079521,51.511196,21,0
63a8c90e99b680ac400a25002b360f6541d00371d4849de9c9594ad78938f49f,2025-06-01,Violence and sexual offences,-0.101589,51.513515,27,1
4e5211f9b75f9e2a53775dfcb8f4da89ded203da15518a58eaacc47a86e605b5,2025-06-01,Violence and sexual offences,-0.084836,51.511939,20,1
2575cceb8e1f5e29ea8a60d30403bb063b0a2f6b769a93316cae0991700e163a,2025-06-01,Violence and sexual offences,-0.083349,51.51483,44,1
6a264b0807a123e77244239faf891fa956eed19f2cc89ff45d70c03e46b58124,2025-06-01,Violence and sexual offences,-0.083349,51.51483,44,1
b9aac4055e61c151ff7c8edd285320211b8eae48e47680808908736a3617d8b5,2025-06-01,Violence and sexual offences,-0.081643,51.51007,21,0
5cd7e168876d2f6423cf5c91cc38b075f6dbf5ae9b8d34af11dd01f0325261a7,2025-06-01,Violence and sexual offences,-0.081113,51.516869,57,1
ad4916cd7158585b19ff8c103c083b4111d962d7f7df738679a20036aa6c8766,2025-06-01,Violence and sexual offences,-0.095054,51.510559,17,0
d5fd52546c9af52282cbe588af0e0c6de8c2c647024f594b41c93c471482d9b1,2025-06-01,Violence and sexual offences,-0.089808,51.517461,54,0
fba8a0a171b31134e854aa27acd77d348a08917ab1213c5ac17f63f914f2bd47,2025-06-01,Violence and sexual offences,-0.086019,51.513631,31,0
8c41391a941ec3896c3c67eb05aa25aa19b11516e58edc2e8a6c3a07f3d35991,2025-06-01,Violence and sexual offences,-0.079907,51.517785,57,1
0ecea810eccab1f7b171b87972339aa1b77d52d7a0e676c7f7718b88c147e62e,2025-06-01,Violence and sexual offences,-0.092531,51.512658,30,1
d15e5ff261c2c97fd28c24c9d5e2c6595817057c7f2ac8ddb3cd243bfaf1f2a5,2025-06-01,Violence and sexual offences,-0.104276,51.513712,26,0
fbede16a556e977d343634c1069f0d170df14437019426c1ebd202eb668fca35,2025-06-01,Violence and sexual offences,-0.082993,51.51636,44,1
5164751301771d3a9aad5dd1f4fec550144602ebd5346fd096f55cba6df7e9e5,2025-06-01,Violence and sexual offences,-0.079907,51.517785,57,1
1c16eb60a3644ddd427960d72d9796b550c9f74959cc4c1563e6a2f6676f54bc,2025-06-01,Violence and sexual offences,-0.079883,51.517326,57,1
6937e7e7b48d82bf59dee393e9bde3d902e5b1be0578f238304132b42719a8b0,2025-06-01,Violence and sexual offences,-0.080291,51.514814,45,0
16ebf9b52675ce59020455ef94157e293b204e8318bccc34b2a2ce6f1aa3b087,2025-06-01,Violence and sexual offences,-0.091823,51.514427,30,1
b807ed0ea980d3d3bd16000542f74f5a4ca36afc5538d72c522f26f6a19c0b47,2025-06-01,Violence and sexual offences,-0.081113,51.516869,57,1
829219810259192bd43d765dd15dd15cf8970305ec9906f90fd9ef861014d420,2025-06-01,Violence and sexual offences,-0.083977,51.510441,20,1
4a78c390aaf9e874b9cc9827f33d9cbd8ff622d244554dc50a7aa17d3ced3e85,2025-06-01,Violence and sexual offences,-0.092531,51.512658,30,1
0a1e53ab0f57ee4c26e66dcf01cc09c26fd0513895bdc22becb09c5c156a5952,2025-06-01,Violence and sexual offences,-0.101292,51.51477,39,0
8d8ecfd2b93f3c90b6885865b527763985c14e01532c0cf6bb9f0ab86f033520,2025-06-01,Violence and sexual offences,-0.092531,51.512658,30,1
5053b70244c0dd71dbae68296e53ad16fd8d93e64d51e19c88eafbc3e81bf696,2025-06-01,Violence and sexual offences,-0.079907,51.517785,57,1
b44a00d4abccfdd87b3af085910e0af819fecbb5080a335aa3c2e6a93b4f04c8,2025-06-01,Violence and sexual offences,-0.080291,51.514814,45,0
3c85f7fd094685c9c784e3bf20e031369102323f317d0e6595a5e50a387bee85,2025-06-01,Violence and sexual offences,-0.101906,51.511794,15,0
eb3249040f22cf6e0ad89a13038967afddc40013b7d74084a0be950f550ec22c,2025-06-01,Violence and sexual offences,-0.09154,51.511896,18,0
16de7d9812385f892f400fd0d3c8a112d4a88426dfcf008528efa651fd20c4bb,2025-06-01,Violence and sexual offences,-0.087157,51.512624,31,0
4ea3ccd138a54086aa5d7bf7edab500aa508093d52c574c6d6e6e65a436db23b,2025-06-01,Violence and sexual offences,-0.101292,51.51477,39,0
d8b381ba1b155519fd5e198ba8edec42af123dc8d2c2f11d9f9879c5b40f02ee,2025-06-01,Violence and sexual offences,-0.077804,51.518083,58,0
ba0716632b986cb2ae299b237b579bc79035fdc1d4c8f29d1b997988ab976265,2025-06-01,Violence and sexual offences,-0.101292,51.51477,39,0
e5a90216895a1b8e86075890f6e601e03864ad2743a1d7516785a76118104a12,2025-06-01,Violence and sexual offences,-0.077959,51.511332,22,1
5a46b47b3a5c4c3aeb1fbda0f73229c6a9327373b32956b328553732c6a9db74,2025-06-01,Violence and sexual offences,-0.087157,51.512624,31,0
8acd2555e074fe362542cc82b40eb356ef2e3f8913add47f6ab72b7896261494,2025-06-01,Violence and sexual offences,-0.079838,51.514267,33,0
9255c6124d18e36dbbe8e0540370f2d8e1735d9fcd273dcccdab3b49ec75d361,2025-06-01,Violence and sexual offences,-0.081113,51.516869,57,1
d2cdd03bf8baba9d5543a640e7235ef138ea73e3badf72ed4ee4cab38815bb5e,2025-06-01,Violence and sexual offences,-0.084754,51.512882,32,1
4a36514154d4db029dc781b41dd1667a0d73e5ef1fab7dcae5cadf36d4197a61,2025-06-01,Violence and sexual offences,-0.091823,51.514427,30,1
b21ae7265fbcdf4a78d5b2ad157b467d566ed60165c2f7cc4abf23f62b155815,2025-06-01,Violence and sexual offences,-0.101292,51.51477,39,0
4232abe2699af05146aaee03eeda85641038c8caac8eeaa69fe9f97ff7baa956,2025-06-01,Violence and sexual offences,-0.090578,51.509722,6,0
02d7240b0271a1962420edbb87a70efe76536c5d186ec51f4f6d43e3dc7ad63b,2025-06-01,Violence and sexual offences,-0.097291,51.514626,40,1
6899dfcc5279c76e3a927cb809c573b1c654140e868f20ad46075883681a0a68,2025-06-01,Violence and sexual offences,-0.097291,51.514626,40,1
462aca0e1cbed6003617b8309655db5faac7fb241141ef40acada29ddd07178d,2025-06-01,Violence and sexual offences,-0.085089,51.512105,20,1
1237b109a5b647aa4dbb24eab899fa1a31fbdc406b55f602ac09a3df346daaa4,2025-06-01,Violence and sexual offences,-0.092633,51.509872,6,0
4f99c1ee33eb140ca048d69c9ca578fd466a9f6e0bf1737acf2ef957a9596530,2025-06-01,Violence and sexual offences,-0.095924,51.513882,29,1
7dba8b19474208a51bf13647a93b75fab478539ef4d8cdd1ded75d39cc3ea8a9,2025-06-01,Violence and sexual offences,-0.100201,51.513286,27,1
450f73cae8b3ed70a13dd0873dbd3cc83b241abededb4b7e0cc68b8c2421c912,2025-06-01,Violence and sexual offences,-0.085089,51.512105,20,1
222a35d8540e0c4898689464462da9db8bc964b0b217a09a8aa28844cfb710b7,2025-06-01,Violence and sexual offences,-0.091947,51.513188,30,1
31a1fb88305b3ad366acf52794b504d807c686dc6b69e8c9f430b01878d7dea6,2025-06-01,Violence and sexual offences,-0.092531,51.512658,30,1
fd05949cb88ae434627e619c3f6ac6394cf63526eaf94868fdcafa966eb87fa5,2025-06-01,Violence and sexual offences,-0.091947,51.513188,30,1
72d4cf143e9b00d4e0a0405a4920fd3ef5812247fb38038ade2247aeba7b8149,2025-06-01,Violence and sexual offences,-0.089808,51.517461,54,0
dfb577e3b275bded782420baca9b3ebc6c92acc8b746ace3afdd3067e1eec5b1,2025-06-01,Violence and sexual offences,-0.095054,51.510559,17,0
fe1aab123d0d6a21ef184cfbd75531d6c8ce3178f2b8d3fab3cf7aff99ca064b,2025-06-01,Violence and sexual offences,-0.095054,51.510559,17,0
44c1d7eae487d8735cac305e7ad641e0defc70c2bbc3e1acbd8251d173d0ef82,2025-06-01,Violence and sexual offences,-0.095054,51.510559,17,0
fcf837cc1ee717842679e361593da32c0eeacbc82c349eed8812d2feced49402,2025-06-01,Violence and sexual offences,-0.079907,51.517785,57,1
11f92fd2f8c6027b06633686cf6562139c9f80dbcc4917cc397b1e1e7b1f109a,2025-06-01,Violence and sexual offences,-0.079521,51.511196,21,0
1b77f0f265151442e89b47f10a9eac56ffe0df47c57134d240103e7dfb496578,2025-06-01,Violence and sexual offences,-0.101589,51.513515,27,1
f6a5734f83d4343479838a72e210b3ff399329ba9012f4e34607204dff844cd0,2025-06-01,Violence and sexual offences,-0.0949,51.513209,29,1
396a3e1b989b345c2e6dd2607d8b0728673d4991ebdd9026859e6a144ed82ecf,2025-06-01,Violence and sexual offences,-0.081973,51.515948,45,0
1578475b3ef2f8b9ff82f4fb0ee1412f4e84d461a35e31ffd10b551d8a31202d,2025-06-01,Violence and sexual offences,-0.0836,51.509797,8,0
8fdb58df42beafc05c27e2da395b7fa4899ef9a90b36721d39bc123d29b9ce83,2025-06-01,Violence and sexual offences,-0.101292,51.51477,39,0
f16b414a67bb567e81a13e331a7da1c59e93f6b7f73a9e24cd36edf6540b55c9,2025-06-01,Violence and sexual offences,-0.089208,51.509744,6,0
a2634d718d3208dca1546d86dc93ee87fadc2b9fde4e21fa0bf4d6189a58837c,2025-06-01,Violence and sexual offences,-0.088456,51.514975,43,0
afe07749ec6cc6d46b7eff0dcc88f17358441e434b09472bb9a38e5039f5157c,2025-06-01,Other crime,-0.101475,51.511077,15,0
ea207297d1237105616f958a46c51d365a74730128a86ec7f17f6aaaf35b236b,2025-06-01,Other crime,-0.09154,51.511896,18,0
2067e0427902655d16de167f0ee1b1cfb7d9d5dd479a0efa2bed4ebb2b5af423,2025-06-01,Other crime,-0.091947,51.513188,30,1
79a8a76f6b88045cf6993f56c3ad9f3add29c7576eb379edf993612c870e48e5,2025-06-01,Other crime,-0.096501,51.513874,28,0
bf1ec063b7a0da19228a849d64ccf4b7844d1aac1439947272b4e57e9d15e6fa,2025-06-01,Bicycle theft,-0.112111,51.517687,48,0
c53e2c8e709cbce9e52ec504182eb7dc9901b14b5b916952122b1563bd3450a0,2025-06-01,Bicycle theft,-0.103393,51.517978,51,0
923467e063c0be37a788e594288c6ff91a5c6fa679c0e6fb1b8a464cda23aece,2025-06-01,Bicycle theft,-0.10498,51.512033,14,0
8c49a5b98b26e724dcc3879779743550a665e2afa3b3cd98943deb3016321984,2025-06-01,Bicycle theft,-0.112019,51.516067,36,0
55a9ff3efc46a3201fbb3c3341ce8b57e9067f6e43f791930631077d8d2dbb50,2025-06-01,Burglary,-0.107979,51.51548,37,0
a526c0c5d37f9f59206bd494985519dba278959b3926c56fe7a54296171e58d2,2025-06-01,Burglary,-0.108162,51.512834,25,0
2ef39d4fdeabf332d1eec5ed874f576541f16019c74e63e567953185a46963b8,2025-06-01,Burglary,-0.108909,51.515297,37,0
55bc3097087a2cdaf8dda622052ac0681e4df6eedc8c99df958038409dfb5a7a,2025-06-01,Burglary,-0.109387,51.513839,25,0
13e474cf97b9fa97233441dc7276ead31580bd947765620aefe7215028589897,2025-06-01,Burglary,-0.099301,51.519674,64,0
f95f6789421d1133cc776f835eb9937f3f0675657e3c533abaf61bd1e6f34b12,2025-06-01,Burglary,-0.102812,51.517051,51,0
984dcff52b5149363731f6ac86cae6d336cd05c8b077e4ab8c176ce8569158af,2025-06-01,Burglary,-0.099301,51.519674,64,0
026790d70336e87087e75599809678c8b867a13b9496565eb042dbda0535f50b,2025-06-01,Criminal damage and arson,-0.109387,51.513839,25,0
7a313e52deda4b22b6128ffb441c9edcdcabe4528f01109333fe93740a105856,2025-06-01,Criminal damage and arson,-0.10498,51.512033,14,0
7293b2fdd989a5609a003e2325c2269a0c23ecee130efc0d5167fb02b8081101,2025-06-01,Criminal damage and arson,-0.099301,51.519674,64,0
91fc86eae5c253dcba0ef342208e19d3a68c00a08e50f0448f1467d8055651c4,2025-06-01,Drugs,-0.108027,51.511884,13,0
2fac0920180fe0da794ed0db29bcb2f3ff57571f3b109d47751f6b01abc76e50,2025-06-01,Other theft,-0.101359,51.5187,51,0
68d5f773efa3e07d983201d54c325255e2373b9553fdaacbd905d04497dd8a68,2025-06-01,Other theft,-0.11069,51.517916,49,0
d980c897d12b473c73ad4fe8904a2cec895c64ab7d318793595407e2997473ab,2025-06-01,Other theft,-0.101359,51.5187,51,0
b22538fcbb7aebc41b827e81a785547aea7403bf240220f1c6c81ba85e4fc506,2025-06-01,Other theft,-0.099803,51.519026,52,0
73c090e211b4f6ad40417c3c8221d6ad6249a7764045922945d87e4113e2f6af,2025-06-01,Other theft,-0.105131,51.513941,26,0
18044248b05cf45a6dab4b413bfeb4d08900ca2f703c50f60716d2383e329a2a,2025-06-01,Other theft,-0.107443,51.515534,37,0
571938c9b6befbbb26bd5094e152328c05dfd8b88a6db44cbf41a7f9f674c9fc,2025-06-01,Other theft,-0.107443,51.515534,37,0
cf40602600bb5de6f28f55cb4f9e698d093869ac3173a0e4e000f4591d7aea4b,2025-06-01,Other theft,-0.106076,51.517239,50,0
e11d317402b8e0556beae378e023b8a095888d208cf7c96007ce8c59c59299bb,2025-06-01,Other theft,-0.101359,51.5187,51,0
af66012cf63d947357361b49a8c1fe20384ce60a82067d5449393c6ddd753a6c,2025-06-01,Other theft,-0.112019,51.516067,36,0
92ab368e4bba7975b3e4b57a96663abb1d39851fb2bb3919020cf59abda11d91,2025-06-01,Other theft,-0.108027,51.511884,13,0
8f9e52fd5942cb63e509132cff486057c17d7d9242ea563d6152573cebc4814f,2025-06-01,Other theft,-0.105131,51.513941,26,0
78a4b717f785521a0642bcaaa08e9dd8a8143fb54da6eda774dfe66bf7ffbf16,2025-06-01,Other theft,-0.097959,51.517629,52,0
d439553ffade835706bd1c3304c070db22bef326ee5ae6807a592b538db4a952,2025-06-01,Other theft,-0.112019,51.516067,36,0
58088bfc6905cdbc1ca62b2fde794c7a6cd72b11d8ca3bde96efe0ba13d5ad64,2025-06-01,Other theft,-0.109297,51.515681,37,0
a6a7bacca4b96c25d67daec17b9ca970dede7775974108585ea2687946dcb90c,2025-06-01,Other theft,-0.106342,51.513592,26,0
8f7dbe5914f971caab79430190e0f822e818d16cd4a1a6d5eb7c4ee7156f3da4,2025-06-01,Other theft,-0.099803,51.519026,52,0
d21d175c02faa9a84681916e3a281940204361a8fec9e35b2378b7c82adf4e15,2025-06-01,Possession of weapons,-0.102812,51.517051,51,0
685547350ce1bd5a719056fcc2aff080cb825628f1bb5750224df1430d554c15,2025-06-01,Public order,-0.101621,51.516906,51,0
5cc355ae238fd833555684796222c84c1d4e9b301735b811cf9f8d18e50a258f,2025-06-01,Public order,-0.101361,51.519357,63,0
c6929b29658011fbb4a9996dd3ab5a6ab8eb408c5c61f8f99f75ecf3d54f1867,2025-06-01,Public order,-0.112019,51.516067,36,0
0534757f44a794e3441f30a055571045a208481f3e1d8a9aad16a1c4747fce6e,2025-06-01,Public order,-0.108162,51.512834,25,0
2a2955d8f000d1787c19d3aa0c64fe6f54cffab60d7d29973e593447cc67d3c8,2025-06-01,Public order,-0.112953,51.518231,48,0
737ab3f93e3164dcae645b004c42c0eaa4ff6b4da441dda52f9ae5a10023f331,2025-06-01,Public order,-0.10498,51.512033,14,0
c4a5a920f5ef723628bfda63ed05343e6b03a8bf7372da49df77c48ee7dc1197,2025-06-01,Public order,-0.11069,51.517916,49,0
3366ca664a59ac115878661bcbcf9aa952af6a6de79041a4686a29a40e1b1c1d,2025-06-01,Public order,-0.108162,51.512834,25,0
5d54766bca48f86a3b8fd78ce62132dd24d12ead1aa2416701d8b752dca7606c,2025-06-01,Public order,-0.11069,51.517916,49,0
db27a92614aaffc6fb57b5ea21b25ccfb4d891e0fb76ce47f38db5db7b1c5221,2025-06-01,Public order,-0.107201,51.514092,26,0
c8c11f55d4c92dbf446355fc1b16734b084b8fb7a8b9966ebce08dd3dc9e7bb2,2025-06-01,Robbery,-0.102726,51.513911,27,1
e55f5a1b13509c04e51981612b83c91b986f10b58cda08b6cb3652add98595a7,2025-06-01,Robbery,-0.10498,51.512033,14,0
73a2aeab594fb089389f1eee0ad085d1ab4b596a99189418bba84a433120273f,2025-06-01,Robbery,-0.10498,51.512033,14,0
ce9b07ae8a30b3ba6f11cd9e1382d619e22d065592227a93a3619f9bf5b2fb9a,2025-06-01,Shoplifting,-0.10498,51.512033,14,0
20eebc9b24c31f33fee964012a71d709c933472158fe2c5cdf0788082b49d1ca,2025-06-01,Shoplifting,-0.112953,51.518231,48,0
e071fc8c78d989e98eb5301c9eee67f69a10fcd615a068dccbdc1ea0f5ac007b,2025-06-01,Shoplifting,-0.112953,51.518231,48,0
0726cd40dbc5cf216128553eac30445597b868d729ca06b892256e9f9bae9b86,2025-06-01,Shoplifting,-0.112953,51.518231,48,0
8f0bb52e3256b73506226a63fd24915ab4e1cb7f7b9e21d6b3e052c87029161c,2025-06-01,Shoplifting,-0.112953,51.518231,48,0
5e168e133d2299489b86aaf1b8809160a442fec91dbb469a5d6e0a357ee675cb,2025-06-01,Shoplifting,-0.105131,51.513941,26,0
47471b9972678f046e0cf571b0bbaf1ba1f98d2a937a2d886ab892df0239e6a3,2025-06-01,Shoplifting,-0.112953,51.518231,48,0
460fe2f3d6c8b2208adcdfe08d54abce2670cfef0509f6eae21347bfa398aa09,2025-06-01,Shoplifting,-0.10498,51.512033,14,0
b9dd0cc99a2fb1ca418c46fab27eb3bf4de3035f1f8d8836d1d3930d60c53a3e,2025-06-01,Shoplifting,-0.10498,51.512033,14,0
269f351e1e3a49c5870db561251e4cbb8e39c2c64efb66975766b53b20866a48,2025-06-01,Shoplifting,-0.11069,51.517916,49,0
f09c7c6cce9b963f092150886a0ece2d2f7cbfd014d69c74f56e52d068b9f871,2025-06-01,Shoplifting,-0.112953,51.518231,48,0
fe1aff3b984b98e2992925fdbd2f6d5e4c49bea067fdb88b246fb98c04605aea,2025-06-01,Shoplifting,-0.112953,51.518231,48,0
85df94ac8d48ca545f2697406d446d1aa4dde09311e00b83dce41b288ed019f8,2025-06-01,Theft from the person,-0.102726,51.513911,27,1
1d97d88c55bed2705f5b8682c3ff82a432c3dc62a251cf017437c52fd0d016af,2025-06-01,Theft from the person,-0.102726,51.513911,27,1
ef5ed7d152912fe50a5bb0b6f16cca6fae5bd0120f57c6ad3125660ca73c9913,2025-06-01,Theft from the person,-0.10845,51.514202,25,0
991a5553979ccaed66947a5030d8d70c8af9563e9d61f7bba565e98d32c2e694,2025-06-01,Theft from the person,-0.10845,51.514202,25,0
af8d70860cc2274f27048c4fe3f268f90ea5a4662d0b33673b00936bd3e06636,2025-06-01,Theft from the person,-0.109164,51.517846,49,0
348982b853a25fc9dcaf4fd43fbf77e02a40ba82791daeeebb478cfa213bf57a,2025-06-01,Theft from the person,-0.102726,51.513911,27,1
9f447a0ecfabaf34f8a08c90cd50782b841be640831643e5ddef60f23b626854,2025-06-01,Theft from the person,-0.10845,51.514202,25,0
cc8aaad146a1c8acb202cc5f65683915d57aa7cf24855f3bfd99d484689f3634,2025-06-01,Theft from the person,-0.10845,51.514202,25,0
5a12f9c48f3e72d6bce2377dd8be0df04bf44df5e4d851d7ad5f848905ee2eb8,2025-06-01,Theft from the person,-0.107443,51.515534,37,0
e0b8724f5586e04656ed762dadb639c2f94fdee8feb3a7e18458b47f686a469a,2025-06-01,Theft from the person,-0.108027,51.511884,13,0
7357e3e142f59a60c4b51dff783dc269003c6b879ed9ebd3a6da242c1c2937ac,2025-06-01,Theft from the person,-0.10845,51.514202,25,0
08e3b99bb429092ca843335dc0b54f712a0ad78471a5d47ac661cabf50bf07a8,2025-06-01,Theft from the person,-0.10845,51.514202,25,0
4abca670f9b1aa41f3ee6432f658d9a20f36c9665a0e02ac3f7f14e998dece1a,2025-06-01,Theft from the person,-0.10845,51.514202,25,0
6ead7f602af5afe1d65f11e666d31584c29be8efcd3efed954e0551f6bc2d122,2025-06-01,Theft from the person,-0.099803,51.519026,52,0
898c8088022556e62e047d025f22f949fb5873d99609d19e6d1880772ac07a75,2025-06-01,Theft from the person,-0.10845,51.514202,25,0
a75f830075b83d197b9428261a6e08a6a2026325804340c31e13abd596d97e0c,2025-06-01,Theft from the person,-0.111296,51.516136,36,0
f61cb4cebf49472d869b23d53799d02a322df3c69946fd5f6bb2fa6777961809,2025-06-01,Theft from the person,-0.101621,51.516906,51,0
fddbb8f611ac4f1266ca00440730e55e81044756f7d1ba7ec34928dac61bf83c,2025-06-01,Theft from the person,-0.108027,51.511884,13,0
b54d65e6b6475ad8a8e63b6c641cbaf1e22335263372a741abb4b737de1a9f16,2025-06-01,Theft from the person,-0.102726,51.513911,27,1
4e06e0a919f7f64379d95db5ff491bc9cb3bd87ab0e0931833924ab27b82939f,2025-06-01,Theft from the person,-0.102726,51.513911,27,1
5beccdb502ce26a76126832ee94291c1e71756091e9a8a6aad8e5894762be325,2025-06-01,Theft from the person,-0.106076,51.517239,50,0
dfec707c51e11820989711a30b55996e2a5d3f8bc3b61d0b69bab99af5ccee39,2025-06-01,Theft from the person,-0.108027,51.511884,13,0
f358561ea9b34a1084974c43420824e51168cb712be31d5fb7540a0304ef18a8,2025-06-01,Vehicle crime,-0.101359,51.5187,51,0
576817190ce765f7fe4d2bb0441a210b8d05fba3e50b5c56fb24157bb6fe64df,2025-06-01,Violence and sexual offences,-0.10498,51.512033,14,0
18fdff869a1de4f055190595787b52738b3cd1c173927f76d8b63651aa323f78,2025-06-01,Violence and sexual offences,-0.107979,51.51548,37,0
e03a053f3fe120c768ea216d6a8379e910448a208974ddfc7dcb6d1bbee8541c,2025-06-01,Violence and sexual offences,-0.109913,51.516806,49,0
1e7848c587d48831cccd05eb23f3a380d05ed679ec6c7a3625c49652df5f7e79,2025-06-01,Violence and sexual offences,-0.102812,51.517051,51,0
fd5f45eaf92f8b94531cf48b1829e36cf70daf8826af685736c8e819c5bd5200,2025-06-01,Violence and sexual offences,-0.10498,51.512033,14,0
e2b5252b26fb13c68f0c9a5ef43213e2fbc8d7d2dcda35b7916b6d6ca1642158,2025-06-01,Violence and sexual offences,-0.10498,51.512033,14,0
8e81476e4680b8ed77f8281d07a91b0fdf82e670a172714857159d305910def8,2025-06-01,Violence and sexual offences,-0.10498,51.512033,14,0
cb6d505f137b8219510520070a54801f34a7db77f87cee2165de0fac40bffc6c,2025-06-01,Violence and sexual offences,-0.103393,51.517978,51,0
5bc5064365784d0d72720d31709eabe5ff74e3aa01945dfe94548d9a4393c14c,2025-06-01,Violence and sexual offences,-0.107201,51.514092,26,0
3dd1977485c478cb46f52761aff88eef60510972aa37c63499a0a6bc9cd5ac28,2025-06-01,Violence and sexual offences,-0.106076,51.517239,50,0
196a88f5491d321f8359ae2b8096d497c3dc043d6a8a50f0e00c18660e395a3b,2025-06-01,Violence and sexual offences,-0.107201,51.514092,26,0
e9cc8551d20f5f4c6fe2ca62f08eb811f250caff008fe650543b4f81024f7c07,2025-06-01,Violence and sexual offences,-0.10349,51.513897,27,1
da3d54c6f36c8f8ef1824e076db70c07264f3be9407cd264b063dafaa492afdc,2025-06-01,Violence and sexual offences,-0.099709,51.519906,64,0
1bc41c866bfd67ca4e81aa3cb77d8b97c26e4e4cc43296e24187ab7638b6e79a,2025-06-01,Violence and sexual offences,-0.108017,51.514213,25,0
da85188a10fddb3a37ae91b5fbdf6aedd9749f90b56aff10e8946093b2291352,2025-06-01,Violence and sexual offences,-0.099803,51.519026,52,0
e16cbbea511b7381d6f0334f673ea142a285b2f7dba6c8c2a5ea6081a7ac7e5a,2025-06-01,Violence and sexual offences,-0.099803,51.519026,52,0
ae68afc7f8702fb6f516394365289eca6f8fd44a36556f7ffaabf2f12e1a7e93,2025-07-01,Burglary,-0.096367,51.515355,41,0
37e9e95473e03d5c6fb7a3a43523467f2e7c7b312f70e38fe2c08cd1165b542f,2025-07-01,Criminal damage and arson,-0.098519,51.517332,52,0
6a22557c3a42516147b8c472488b808c053edd1c625a3d8bc1a7d064a9652fcc,2025-07-01,Theft from the person,-0.097078,51.519045,64,0
bd54298152512d547d70602ebd97a0c271403873282a25a23f8e8a07f013835c,2025-07-01,Theft from the person,-0.097078,51.519045,64,0
e8e8043f5b3a1be0285c8ac62c5e1902c6b143a54634888c6e5b6af777519857,2025-07-01,Theft from the person,-0.096718,51.515511,40,1
4aa97679928969c8de317aa2ac7587da7c2586ac54fb5f80abc7533481820ca6,2025-07-01,Theft from the person,-0.097103,51.518461,52,0
,2025-07-01,Anti-social behaviour,-0.095026,51.518499,53,0
53e326116179c42bc661cfc51f07ade3353b7f414ab337cce43682a009545990,2025-07-01,Bicycle theft,-0.092374,51.519517,66,0
ad775b27a55272c1690fced6ee7625071721aa4589792420a6ffa95c795af81d,2025-07-01,Bicycle theft,-0.090105,51.520001,66,0
15c4215df9792ed0c77ee4abbffaca31f3c946b898a4ebc2370758c43a8792c7,2025-07-01,Bicycle theft,-0.092488,51.520598,66,0
b3ad274fd912a46ff7abde228bd1c8a73e7bf2abacd060dd102a9496b6ba6881,2025-07-01,Bicycle theft,-0.09413,51.519961,65,0
fb5c1e154ed208b441f3f4d26766fca9479dac54d72b1ce0f8f5abe142b60bdc,2025-07-01,Bicycle theft,-0.092488,51.520598,66,0
c823aec3889dc3010d2b9e0d54d605167bb3b7ad7e2e398ca38293d62acc9c23,2025-07-01,Criminal damage and arson,-0.09413,51.519961,65,0
23ddcb6090c268a58ec73d16a002c62b5a0326307cf8b5dd1d61d0074498991e,2025-07-01,Drugs,-0.091495,51.518145,54,0
a92798efafcbefa9c8db543d068ee2585ee281f2e196f4cb1341141651e9f689,2025-07-01,Other theft,-0.092971,51.516271,41,0
129a6dda67708d4fe71d4ed0b0761260dd337f56a824cf8b6484506d9930b450,2025-07-01,Other theft,-0.090105,51.520001,66,0
1d059b682dc060aef1334337f20ec6e4acabaf62aafc9de410ae8054ea601f88,2025-07-01,Other theft,-0.091495,51.518145,54,0
7dcdda105adc0d576c5cbc00c9c04f480564706cf37326abe9f91aedd28e6263,2025-07-01,Other theft,-0.092971,51.516271,41,0
639bd9eb401a81e5c868b1e825cccc114b14c3e631961adc1714043572673630,2025-07-01,Public order,-0.09413,51.519961,65,0
2c14ea1d6b81e5874cc969965882327a7ae1d33c8484b603fa033bf161864e64,2025-07-01,Public order,-0.093969,51.5193,65,0
2671fa31bf19a331b24d052371bd099c89f010ef91f7ac5ca8a73d0c78020acd,2025-07-01,Public order,-0.090105,51.520001,66,0
3c61bbce9358bd40cd19d643cc13d2190a98d96b039d96cc3c3cb5da00d52aa2,2025-07-01,Public order,-0.09413,51.519961,65,0
c93f49f6b5183d1c98324d5756ee268bd86d5b272d2cdd13cf556a16383c8913,2025-07-01,Shoplifting,-0.090553,51.518948,54,0
7b8b22242c192bd1ba8ba8fc6d3dc3ea25c15f76a438d0a723cba0d211b33a31,2025-07-01,Shoplifting,-0.090553,51.518948,54,0
553de2d6471455a4dd09a0d388ead0ce1c03bb4ea94b17ddf4e31ac17e6b9b10,2025-07-01,Shoplifting,-0.090553,51.518948,54,0
6d352064e6e101c7d8f9b0de13db6f21190156598ebc0289e562a2757237fb80,2025-07-01,Shoplifting,-0.090553,51.518948,54,0
96e3b3780c0adf0e7beffeb8467e2354e4c4f90b365b2faec0052975e866d669,2025-07-01,Shoplifting,-0.090553,51.518948,54,0
df094bea536d835a6ead35c3015cfc07826c733b1fe430d6c0d2a44d45156cd1,2025-07-01,Shoplifting,-0.090553,51.518948,54,0
ed13cac9b6da5adb8e9bbbe6afd1a6d718603fd37eb03abbc0160b269c6b88d2,2025-07-01,Shoplifting,-0.090553,51.518948,54,0
d9e2a9b422b1fe51afd4ca7e82eea6c8380738657422d453f1bfdd405d9889cf,2025-07-01,Shoplifting,-0.090553,51.518948,54,0
e093793e3dd2cee37f674f7a3b44687272cef2070eeab3f7a0b68e6d079144e9,2025-07-01,Shoplifting,-0.090553,51.518948,54,0
f55ba833d1cb9a7052c4e989aa53f9d07c3edcecb81f2d98754939fd72c431c8,2025-07-01,Shoplifting,-0.090553,51.518948,54,0
629fbef8317a1376da7e7aea382c59ba80ecd52cd526f6e462db2776c4d5c0ab,2025-07-01,Shoplifting,-0.090553,51.518948,54,0
6c5835645d9860ac1b678f0ee93f0f1759e87bdc92b16892df3fdfdc917674a0,2025-07-01,Shoplifting,-0.090553,51.518948,54,0
9071032d3d8bbd6304801900eee3e3c814758295aab4841302ca62cd631d6fa7,2025-07-01,Shoplifting,-0.090553,51.518948,54,0
3c1275d7b38c74668657a9c7209745d44b3d03e81015043c47db396828ac161c,2025-07-01,Shoplifting,-0.090553,51.518948,54,0
692de369fa1898fb3d1c299bdba0bca49f261d453aa938a8f7954b73c33b948e,2025-07-01,Shoplifting,-0.090553,51.518948,54,0
768fd4979fec75c4758a983d23dafe18a2e51a1fd664082d763f2f895175d62a,2025-07-01,Shoplifting,-0.090553,51.518948,54,0
cd2d59afa407ab01836bf9bc7e2e415b0ddad1671e03f37b650e933614ba6d19,2025-07-01,Shoplifting,-0.090553,51.518948,54,0
a79ab34fa02bcdd60c4def2be9f3797bd1643836b2a735618c3776336ae26a07,2025-07-01,Shoplifting,-0.090553,51.518948,54,0
1c92df85bb453235d03170962ff1a3f30819f3886355429e8dbf0ed4b1d5a401,2025-07-01,Shoplifting,-0.090553,51.518948,54,0
bb77c26541453cd4c8e690c93225a5bdab62ca370df1edd29aecac288b205c37,2025-07-01,Shoplifting,-0.090553,51.518948,54,0
aafce31a4f89ad2162a9f9b7b9b6da0d2ef2440326c2d3a5c54990a01b77922c,2025-07-01,Shoplifting,-0.090553,51.518948,54,0
296be95859c2776a13bba6e4a344dc406911b2f994c6cae5ad157027a0c7d585,2025-07-01,Theft from the person,-0.09413,51.519961,65,0
ee8765197d4973eb5a8d9fbe39b3aeaaaaeee87afe583dbe8f07d6593daf709a,2025-07-01,Theft from the person,-0.09413,51.519961,65,0
e79889fcb82344bb05b2353ffd405ae0eea7f051108cffc9b44962b6ed23baa3,2025-07-01,Violence and sexual offences,-0.095026,51.518499,53,0
90c0620875f309f62081119f5d817786b9bf9926532d0b94b1443c19d0b20f1c,2025-07-01,Violence and sexual offences,-0.090105,51.520001,66,0
6580d1085dccab409fbf0aaed5d49f5d164dd63429550676a228ca0e4f29af01,2025-07-01,Violence and sexual offences,-0.092971,51.516271,41,0
468543fcca8a51297c2a26997589200e457a9d5ddb15a36ec7e5d55532349b97,2025-07-01,Violence and sexual offences,-0.091498,51.520483,66,0
d27366ebbf508552ccfddd28f1be081fa99d1da912ea42ff0f77367792c923d1,2025-07-01,Violence and sexual offences,-0.090105,51.520001,66,0
ec5e0928d7e1e036dcbdf5722e8171f681213ddd8241d33fe219850a7e3c0a7e,2025-07-01,Violence and sexual offences,-0.09413,51.519961,65,0
3a80c8461334e4494c0b376b0afe2f506ebfcec7ebf85623d64053ce6e46fb22,2025-07-01,Drugs,-0.095758,51.521667,77,0
aa7080f6571c7dfef939a371b6a412bc7104c4a0c4992523c983cf733c6df4f8,2025-07-01,Drugs,-0.096984,51.522426,76,0
8610e8600c4b89f9bf357e4d26a9faf6b9ce2c0ab893e87ddab4e173922e7246,2025-07-01,Drugs,-0.096984,51.522426,76,0
a2c84972ab0c549a54d1b17f7c5edbad91df1219d8ea731b9fa8efc99598c6b6,2025-07-01,Drugs,-0.095758,51.521667,77,0
09df0df5c4c2f850abb21878efdb01b416a6871223ea8148883275e72916a95f,2025-07-01,Drugs,-0.094759,51.521435,77,0
2c8e75cc9e3223afe879c9836d434e9c381a2b9136d2e67da86454d07f96bfa7,2025-07-01,Other theft,-0.095758,51.521667,77,0
b3a7bc06ac7d2c53305861d3a9267bf91b7556ab3148d673ab2fa2b3a8adef06,2025-07-01,Other theft,-0.094759,51.521435,77,0
334cd30203d079103b97df3d8b6ac52c438ffddd2779c55e026a4096f816f35f,2025-07-01,Theft from the person,-0.095258,51.520526,65,0
6b1ec58010c3a78f8474713dc58852c01fdacf8b6fb17cba0d307a5fd5f665d6,2025-07-01,Theft from the person,-0.095258,51.520526,65,0
27a5835ca5fdd80c52e81b5afa9ba34cb8026c3f4a8be18c6b7836726438072b,2025-07-01,Theft from the person,-0.095258,51.520526,65,0
3d9a48e417a8960b8a7882a25909e296e6a5f5bb5d1361c5f374f12b85b326b4,2025-07-01,Violence and sexual offences,-0.094017,51.520901,65,0
64fbc92b5c1b04ff431ee7ce9a869b17fb6acf208611fcbfb1b796a74aad4e99,2025-07-01,Violence and sexual offences,-0.096984,51.522426,76,0
,2025-07-01,Anti-social behaviour,-0.076038,51.511759,22,1
,2025-07-01,Anti-social behaviour,-0.07353,51.510405,23,0
03ef5a7bbf418d1e901da5eda40f3442ff9eb8293cca8a7814d7d92206ba1d93,2025-07-01,Bicycle theft,-0.076145,51.512642,34,1
a9b75a8907f35ea7f58b4c16146d75ae4859d38f49961ba3b4b407db2f4e6782,2025-07-01,Bicycle theft,-0.075453,51.511965,22,1
1b43956ca0d88dab713fa195e9136d832ea2193c1ccef314310972ff001442c1,2025-07-01,Bicycle theft,-0.07433,51.513647,35,0
c7e42b2f8a12347dd95f6b2715dce027ad1fa81c7e5baf4b3bdb32f331d25210,2025-07-01,Burglary,-0.07508,51.512625,34,1
56b0bf7d6fbbb6e46aa3cc90a381ad193f7c3682f0445b02de07e30065779aef,2025-07-01,Burglary,-0.075401,51.511164,22,1
081a297615b2dbd446f063661074b30a5888115db5b5aa74455207b29470ebac,2025-07-01,Burglary,-0.076038,51.511759,22,1
3c27d446172797d7d8c86179eca92d662a4017501cec24fb28ea264652299a21,2025-07-01,Burglary,-0.076145,51.512642,34,1
083f9c40bbaca101f6714252d6251f93b842694c04c24ac1dc32695185e189ea,2025-07-01,Burglary,-0.07508,51.512625,34,1
0a79a8f7dc9113556d6dda52cbc8ebe93a34ca2089f4a2572eb7c85a4a77a316,2025-07-01,Criminal damage and arson,-0.076038,51.511759,22,1
03fd20d30325406a77519d21da0dfbe7a94578608eace0251c8b641da1d77e85,2025-07-01,Criminal damage and arson,-0.073456,51.513542,35,0
e5d5256506d232f0f738b5e7e3c61d2a327d3c8148820087e063fc5edd0b4210,2025-07-01,Criminal damage and arson,-0.07353,51.510405,23,0
da9489226e8cd5e2280e435889a05a563c5a70473b55946896e3d1e1a6002607,2025-07-01,Criminal damage and arson,-0.076038,51.511759,22,1
289752326f3d7a97f043c9050de79fc529edfdab5a30fac7bb2575c604f42e4f,2025-07-01,Drugs,-0.076145,51.512642,34,1
ed22c45fb352557fe243def973efae2ceec2bc3382a3a0f72d0fe7a12ad86cd4,2025-07-01,Drugs,-0.076145,51.512642,34,1
933e32504e8a40a281c98cf2f8caf9a166044a2b14298f1f400210b1c03bf54b,2025-07-01,Other theft,-0.075401,51.511164,22,1
0a13a9ae3f8b9e4a12d9726c347a67a76f7642c4147058d144165b94d1393aa0,2025-07-01,Other theft,-0.075866,51.511406,22,1
45a457a9cbfec997a630051b6c758d7216e4070832c9a2e16649a078db3d747c,2025-07-01,Other theft,-0.073103,51.511981,23,0
c83b08d4994bee243f3d74f7d4ad813ae55f114d76a309a3dc3faced45b83156,2025-07-01,Other theft,-0.076145,51.512642,34,1
c08c793e0961dba0614b18cbf257da6b37aee2191409a1a2d2e09d6488d73df3,2025-07-01,Possession of weapons,-0.078783,51.515383,45,0
04e4aeb7b9662a8241c6e21f9b79af39dd2f7fd3fb2e0dc320ceaae4e4fcff47,2025-07-01,Public order,-0.074483,51.512066,23,0
a0975d9d1d899fd5117f320135f36d3be99828cae7b1a18ac143cd6ebab79740,2025-07-01,Public order,-0.07433,51.513647,35,0
ba5c5ce7887203419b6a030e5cf9b6cd33dc71b5620ad241a593cc3eb6a29b1b,2025-07-01,Public order,-0.076145,51.512642,34,1
a7733625059c033757d806b0a3e06330dcc51772f1ea1ff208ea737460f1acef,2025-07-01,Public order,-0.077511,51.515812,46,0
3db91e703f5c87f1c49f530f9b2a10b2d3e9ab0a82840cd5958e907885609afa,2025-07-01,Public order,-0.07433,51.513647,35,0
49d73afee3364719f8ebb5fe543a34bc7d7e4f30c5cb63a29c42685ffcfcf22f,2025-07-01,Robbery,-0.07433,51.513647,35,0
87113dffe2410277901d09493dc449dbd2fd982bc2cfadc6333140575b033bc6,2025-07-01,Shoplifting,-0.075401,51.511164,22,1
0aba75613b1744df116c7c9d22817bc5dea380bcd6dba9d7e62d14efb8862bb6,2025-07-01,Shoplifting,-0.075401,51.511164,22,1
22b81ad3a312e6e034b1d761a71515b75adf765641d12fc79d9863995970c6f2,2025-07-01,Shoplifting,-0.076145,51.512642,34,1
020e50df36505fe875b1db3099eccdb4a906be36234ee6f6dad077a2087d22c5,2025-07-01,Shoplifting,-0.07433,51.513647,35,0
5b41574b185c3be9db8b4daf8c3dffcccee6a54f61c97b536691d557c80b3ee2,2025-07-01,Shoplifting,-0.076145,51.512642,34,1
1eb11694590c4e5d6a549a87aa1f7f314d96d675c902a5f95be16696a22dec0d,2025-07-01,Theft from the person,-0.075401,51.511164,22,1
bf9b7e44cf01fede6f13758383e08596c3471de1f73cdcea2a34c732b648eed3,2025-07-01,Theft from the person,-0.076716,51.515178,46,0
20574ce5b00db54fa5a9486db842ba8a71a2ade589d0a08fa07460cdcd679e25,2025-07-01,Theft from the person,-0.07433,51.513647,35,0
dcb558f95a6bbae542f42a3fb8ded860dc5264ac8591245fc06542baeb834b11,2025-07-01,Theft from the person,-0.07433,51.513647,35,0
8ea3395ef7534458b12b823a9f87392a65ba1880f02ac26a9e99aced2582dc90,2025-07-01,Theft from the person,-0.07433,51.513647,35,0
83cd00e3b6d796b9ee186122f173d812bbb331f3c3c962ee7a1cef7c813c8967,2025-07-01,Theft from the person,-0.078783,51.515383,45,0
cfc1374402b6096f68ec67ab72f3aac38d165ff913de41e38823e5b4267a78fb,2025-07-01,Theft from the person,-0.07433,51.513647,35,0
4d5ad0daaed049bfcb859ac28a34d7c208e4ea725e4459eb57b011dc1279046b,2025-07-01,Theft from the person,-0.07433,51.513647,35,0
771a2fd501c88ce9d1d29ba94b839414a818169f265138809c40ca11216b4d47,2025-07-01,Theft from the person,-0.077511,51.515812,46,0
c75931494ca224dd33440fe72fd938e0e8cd0f945a6c34d501a9c5a840b3deb7,2025-07-01,Theft from the person,-0.078839,51.515753,45,0
39e8edb5f330fd09084de0ef0436c6520c1bcb96667eb78257659112e24fdd97,2025-07-01,Violence and sexual offences,-0.073456,51.513542,35,0
15add9618785954b8f4c288823a95c71e930fadc860ee2cd0660b0f5a8fe65d2,2025-07-01,Violence and sexual offences,-0.076145,51.512642,34,1
153f361eec90d2360cf79ef75b57b997bebb0521aea92b7945d5bc870ac2ea62,2025-07-01,Violence and sexual offences,-0.075922,51.515894,46,0
9ba967b940b457db3fbacc3e8e084c551358395a3495f2220cb37a78442d4505,2025-07-01,Violence and sexual offences,-0.074925,51.514924,46,0
fd47fcf10f52b19d245098596b43d5361f7b69e6bcaf3b37331e9d55b3a0ee9e,2025-07-01,Violence and sexual offences,-0.074925,51.514924,46,0
33e5a8afbc5886187461d3905f5b162fdb480deb3fa962a958affcdf27c44c63,2025-07-01,Violence and sexual offences,-0.075453,51.511965,22,1
e8d20a2f514ed917968b3d1c9b13416486af77e2b03e0106082af95afc0b412e,2025-07-01,Violence and sexual offences,-0.076145,51.512642,34,1
7244c83a7c5c4f582844e5131195f58761085d3c3c839ccd874f3f13b9e81436,2025-07-01,Violence and sexual offences,-0.076145,51.512642,34,1
3b7426401ddb74d7078c59c1f016c07af73356aa5fdc1a8fcd2ac3de3ca7fe34,2025-07-01,Violence and sexual offences,-0.074925,51.514924,46,0
ac5216a5bf6f731e3841d84e17d202e303f1e7da028c2007561d97e2814fd063,2025-07-01,Violence and sexual offences,-0.078783,51.515383,45,0
ed1c6a787ed0ac4d864763b863331bda6b5a6b3065b37a5713dc018c5d8618aa,2025-07-01,Violence and sexual offences,-0.076145,51.512642,34,1
48c7bebb7345ec6dd8aa2317651dac9ba320af86061ac5b6cadf41cbee699f1e,2025-07-01,Violence and sexual offences,-0.078783,51.515383,45,0
4fe0711322f7d515a9ba2c1c0788f4f4bf477f73bdfdaa7124877ccc492dd469,2025-07-01,Violence and sexual offences,-0.075453,51.511965,22,1
,2025-07-01,Anti-social behaviour,-0.089808,51.517461,54,0
,2025-07-01,Anti-social behaviour,-0.077563,51.517656,58,0
4f5bb1b1df40219c7eb6f0f4dd137d22a11db273936d1f132bb02a91bb6acf78,2025-07-01,Bicycle theft,-0.081643,51.51007,21,0
2927f36c9a70cf6a104d355b5a6bac62c86d48c52b7b4baf80c15094f80a2c5f,2025-07-01,Bicycle theft,-0.079521,51.511196,21,0
f4ee0e5e274bd2adcd352de656df283aa750eee0a6644605cca23ae2748e9d60,2025-07-01,Bicycle theft,-0.081643,51.51007,21,0
15b9fbf397dae868a77c4c6ac07d55fea7f4adeed3605898cf68246025d993e7,2025-07-01,Bicycle theft,-0.090798,51.510328,18,0
fedd1545b184d087779b86a0c642231f62a3bcf777c84077f8e0a7db395bb741,2025-07-01,Bicycle theft,-0.086815,51.517007,55,1
9c0fe5731c09f316e1ce616b030b15ed724740fc4f434cc2ca582e55c6fb83dd,2025-07-01,Bicycle theft,-0.078755,51.51844,57,1
779e3e3cc5609d56c395cd799c92f6b677337cf491b31be00b33316627aafe8c,2025-07-01,Bicycle theft,-0.079907,51.517785,57,1
bb3707409fbabf10494a08e9087d4d079c50b7ddacc2adf19caae0cff4b08b20,2025-07-01,Bicycle theft,-0.079907,51.517785,57,1
730322faede965b8a15b385cbf557cf5853741c94ba878bb94385c3dc56203c2,2025-07-01,Bicycle theft,-0.087157,51.512624,31,0
6dea47d96266b3a91ef121fb2edd338be1fbf7583b490393929038335a9ba576,2025-07-01,Bicycle theft,-0.091823,51.514427,30,1
a1112147d6e8c290c81548a8189f545520e5a66bd4cbf7221b1904705d0ce370,2025-07-01,Bicycle theft,-0.084754,51.512882,32,1
40b6fce295cde256a961ede77ab26d8b91520b01727c3d68ec63088df7a92026,2025-07-01,Bicycle theft,-0.079196,51.513789,33,0
df37261564127753b4d21dbbd3a04d03ee7331f995e285847d0bdded6f0b35fb,2025-07-01,Bicycle theft,-0.081113,51.516869,57,1
0dac2c66f1168c3fa050ba562212d2875ea05082a4d4ce26a6bcd5788817fb01,2025-07-01,Burglary,-0.08491,51.512588,32,1
0d6b7128653af0c63b8f3335f6392e16d12282fb0f30801a32d8cf4e03704bc8,2025-07-01,Burglary,-0.086019,51.513631,31,0
bc21a2d2621eaf84ac4e937f2a1d9d9c9b93497980d997570ff5bdf5ac5b2935,2025-07-01,Burglary,-0.084559,51.510316,20,1
21cdd7cde5db6b3db55d98e6a3d01f989621fde1b9a4ae5ceb67160e1ff77569,2025-07-01,Burglary,-0.07912,51.514912,45,0
1b3070983b4b1f49d9b3de55ba5077b927c8a1cf6801e287d5c8df2797020307,2025-07-01,Burglary,-0.0836,51.509797,8,0
488d4b9ca10403396e5238e78d0ad708d2f0dda74e5e6502e6e950bac810ae1a,2025-07-01,Burglary,-0.086815,51.517007,55,1
e8babe1d2b838b4a0bed4714079debcb485bf8ec7a2c928a9d5925b508079200,2025-07-01,Burglary,-0.09154,51.511896,18,0
4a7d4b172d88a903acd7b6f76171830531dfe0bb1d36ac69c441305c5c7b0599,2025-07-01,Burglary,-0.085228,51.51119,20,1
39472eefb27d0687627a18d1d14234d08330d3ca94ad1bb651f6c5120b55f836,2025-07-01,Burglary,-0.084754,51.512882,32,1
bd880b1a5b2119eb716dba2dcc93bb55602690ba4841103c5a4c5c7a4602f4fc,2025-07-01,Burglary,-0.09141,51.510167,18,0
5fd9fd1bea0d1028d483128f30c7b26024442e6d3391775efbd42b2f65783544,2025-07-01,Burglary,-0.100888,51.514448,27,1
b6f496b51ad7ba8aa5cd810eadbd740bebfc51c9a82af214f8c4c559d34c7652,2025-07-01,Burglary,-0.088785,51.517102,55,1
83fa344f270ee35900d3f4af6b00ff509a9855cf85f6416b833a93871a9fabe8,2025-07-01,Burglary,-0.09407,51.513079,29,1
51da48359c203bb247674d641d3a3749f7195c62467ab5f1486d5f0cdc0b70a2,2025-07-01,Burglary,-0.086019,51.513631,31,0
bd5828888ee62f76dabdddd64f4ba826afa7bc0028a8ff7b176061fa09785ae3,2025-07-01,Burglary,-0.09407,51.513079,29,1
6d36ab35bac7f9c0f7feed84fe8efefaa3f559ce78b9ef9a9a0813723282aa1e,2025-07-01,Burglary,-0.079127,51.509607,9,0
570b263b3ed8c93faacf11747c32149b70578d5e34c538ccaf2c3fa4e8bf0249,2025-07-01,Burglary,-0.079521,51.511196,21,0
608f653963cf071dfa39aa50c22044b3ddb45152fd0992aba3731db2e9f35787,2025-07-01,Burglary,-0.084754,51.512882,32,1
dec7d30d3e8f6068f39a6f190212906656bd95bf4f46c571c4dafc893bb601c7,2025-07-01,Burglary,-0.081643,51.51007,21,0
9f368a7ae788031220fdcda0c2ddbc18e71e06039ac84c4d88fa844af52b1943,2025-07-01,Burglary,-0.084559,51.510316,20,1
1f8369fbfcb8708a1fd5b1ca10e942a92a9745781dbae17d542e6da9cd6cfe37,2025-07-01,Burglary,-0.100888,51.514448,27,1
115610815efbe08da785ba829694ee5d1c03eab11b0fb5f245a393cebcfabe37,2025-07-01,Burglary,-0.097291,51.514626,40,1
fae8a32991c89a0143ad2a636fda73ab07f8655ae8b1889e9f3b82b969e9e6dd,2025-07-01,Burglary,-0.078278,51.513666,34,1
e02ff2f34503608dd42a5abfe9778c0aea05bfa98783ee169c86eaf2669b4907,2025-07-01,Criminal damage and arson,-0.079838,51.514267,33,0
26ba5cb6834619ad36e77920845abc0f92163c4a1e72bf536df4c5b585bbe1cb,2025-07-01,Criminal damage and arson,-0.086019,51.513631,31,0
60c9c7f662736922cfe97608904b5ceb1d950d2b7e87b6f61cd3895f095d30da,2025-07-01,Criminal damage and arson,-0.091823,51.514427,30,1
ffa09765022713b7fbae3d56c7000140b9ae79e3f35f23160f8c028d0959fea1,2025-07-01,Criminal damage and arson,-0.085089,51.512105,20,1
76e94343d11f5a520448428c369a0bb54517ec288375e4b54cbc2469e34a8676,2025-07-01,Criminal damage and arson,-0.081643,51.51007,21,0
33a0cbf40c800148c18bf0b2c3da4e0ea36047f54bb729d94cce6a4cfb02b14c,2025-07-01,Criminal damage and arson,-0.086019,51.513631,31,0
a243501cfbd88406bef789cf3fb84681498991fd7180b874150a9cc41e4bb82f,2025-07-01,Criminal damage and arson,-0.104276,51.513712,26,0
c01a0e5b53695216725560cfe76aeb0774e4797a8ad6f25b69fca11d930f4b83,2025-07-01,Criminal damage and arson,-0.084844,51.510725,20,1
3c923f5741af2021c1c38f53d1afc19b758870137f2a3da8376ddec8992c0e70,2025-07-01,Criminal damage and arson,-0.0836,51.509797,8,0
2fbe70db708333eb895d061c3d16d072b5fba8db4b02352a1797a22368d17d17,2025-07-01,Criminal damage and arson,-0.101475,51.511077,15,0
2f6bafd69c6dfc5bbc79a49f51bae83c146d899c0539114d35842ba968b9f337,2025-07-01,Criminal damage and arson,-0.07707,51.510877,22,1
cb00d24e7eb602bd51fb754b40f9aa04d5fb9bdc1c993c494676d54159f876e8,2025-07-01,Criminal damage and arson,-0.087772,51.510665,19,0
8677401158d7d3f0f7056a51bc7d2d415dfd38c4ac3706050858fe2574b77f22,2025-07-01,Criminal damage and arson,-0.101292,51.51477,39,0
45cdccab5c15621fc8db3a4c42aa854d696fddd9334ca64ce6442e9ae7dc4f95,2025-07-01,Criminal damage and arson,-0.092633,51.509872,6,0
2b76dbce0f694532d773e1cf961e7cff6ebc9ae10c4abb8ec86335a8cdbe23c3,2025-07-01,Criminal damage and arson,-0.081902,51.517296,57,1
a0eb0c7e5ee0b134d82266f09f9efd74a3fc5b4b7a46b3b58c445750299e420b,2025-07-01,Criminal damage and arson,-0.086019,51.513631,31,0
7e0b75ea6a503799c0f0ee169ef03de3ecc41af1853421053df271c66d00dd17,2025-07-01,Criminal damage and arson,-0.081113,51.516869,57,1
4e8b59d708c9fa2e6d9cd6f782dc26ee1369a8ef55099de7ddff7e5daa4d2d97,2025-07-01,Criminal damage and arson,-0.086019,51.513631,31,0
bb538347837f6e1b90f77fdc76bfe57517e28c56ff84eb1b4719b39a58a03531,2025-07-01,Drugs,-0.085228,51.51119,20,1
901f24cb71eabb333baae00bf4061534a1b65a3dde2e95d151ad95651d5d9754,2025-07-01,Drugs,-0.078755,51.51844,57,1
4899e96ebfe5834eb07ac58c9d64fdc71136b6cc03ffa7d36feec6bd71e2ee01,2025-07-01,Drugs,-0.079907,51.517785,57,1
1acafbf8f60a38a536320e05a66e73781676ebaaf1e1774b3c2a9f97d8fd2ae4,2025-07-01,Drugs,-0.087157,51.512624,31,0
be3d8226a545edf8e5fd2b0b2a6a4aebdb8500a20248baacc385f5b957472496,2025-07-01,Drugs,-0.078278,51.513666,34,1
57469a6f90e038c95a6b1da7bd0190f3c8d6b6e51c7227d886c2af51881d2733,2025-07-01,Drugs,-0.078278,51.513666,34,1
2ca47e51bed08084874961b4cf814a19528b217b32b3fd33fe092f488e5fc300,2025-07-01,Drugs,-0.095764,51.512549,29,1
e3a8fda2839091255438d754c7d97ce6067d63d348232ddd699f119015d15e74,2025-07-01,Drugs,-0.0836,51.509797,8,0
b935dca254fa373e230a0ba6342ba4f98946efd59c40d73da3383645f3189660,2025-07-01,Drugs,-0.101292,51.51477,39,0
9ea5a131b7b82b4f04f0d819647c7f719fbb3d9fffd4f22282e2af41022e1d87,2025-07-01,Drugs,-0.079907,51.517785,57,1
d00f96f23832940ceecfc70e1cb5befa6b8157874d7ab1649aacdceb54c26f06,2025-07-01,Drugs,-0.081512,51.518692,57,1
66c2b4a939895fe6df6f46cc73c2c844d4597faab6848b4643173cf8fa627b9b,2025-07-01,Drugs,-0.086815,51.517007,55,1
b4e5a358db475d7fc7ff8b80e7ee9e68b485c77caefe1c04b43c715ee42a4960,2025-07-01,Drugs,-0.101292,51.51477,39,0
2ef629bbf6f1af67344db64b34b7a33d7acbb2828f37940c3862c63bbd7630ca,2025-07-01,Drugs,-0.092531,51.512658,30,1
ec4d38bc328561e4b753c8b5895f2f71cffa1c97058a7395b9405f0b0c8bddca,2025-07-01,Drugs,-0.0836,51.509797,8,0
53c2a6a1e0b6fbdbcb7021ba5d8ca9962e4a28f7165d1847831e8dc1e6cb3ea6,2025-07-01,Drugs,-0.091823,51.514427,30,1
7707f6c98a81c150e6ba6c0c471b387f6926fe374e97f4028325ee2a039ba729,2025-07-01,Drugs,-0.079521,51.511196,21,0
6db306b85dc8e27ea7cfe4927b81f273394949630d7579682ebe9f40136b8643,2025-07-01,Drugs,-0.089808,51.517461,54,0
17639ec44d97b728fd3805beb20f828bdacef7c257178e5ecda1488400f3aceb,2025-07-01,Drugs,-0.079907,51.517785,57,1
9daa2b1c6f11c0d323702369f22db20d1035a42a4939232f5ae3482e52a99d2c,2025-07-01,Other theft,-0.092531,51.512658,30,1
8a7ec94889518ec7899c87d76b1f9e5c4be9e1074b9cb3e081a1e4e7fee8e04d,2025-07-01,Other theft,-0.088785,51.517102,55,1
2f07d0cf5e2989d002a2d2c33e65975f141b9be716bab6913756c704d9b5f5bc,2025-07-01,Other theft,-0.090578,51.509722,6,0
9419d9264bd78b8c2caee64e12b29b6cdcc49c7c4655cd88486e84553cd0cc37,2025-07-01,Other theft,-0.077563,51.517656,58,0
18b646c24ce03babbbee1ee33411b16b593ec2ced542482136b61f16fee5ec72,2025-07-01,Other theft,-0.091947,51.513188,30,1
46615549f9806684146abe75d53694a07107e6f8d11a8a633ad8378f8096da2b,2025-07-01,Other theft,-0.080769,51.520236,69,0
46a93f8550735e36a90e12e8ad98f04a6102c833312d67932de69f2b1de95232,2025-07-01,Other theft,-0.081643,51.51007,21,0
50fbe7b51c142d8112573247962c0a6e4299ce7aac0325174c218e6101c6132c,2025-07-01,Other theft,-0.102272,51.511656,15,0
8a48821ae859a39ee1dbf6d338a04d3ceea307636aa46c4396285a28f65f6e80,2025-07-01,Other theft,-0.078755,51.51844,57,1
aff0bd82671eaf8c11dab437b3cc5d034a435b78915b87e58fa25a3001d635b0,2025-07-01,Other theft,-0.078755,51.51844,57,1
ec1525b184a512322d01e2065048d7d53e47160dc0da93fc2a5e82c6e648471b,2025-07-01,Other theft,-0.089808,51.517461,54,0
73504443c809b246a6b69a4a7c2fa3c73116e2cb5b07202c2be7d49902da2096,2025-07-01,Other theft,-0.084754,51.512882,32,1
f7d833363bf91368c3104bafd3f7291e2a0824b1cd7dde4e6574fef404aa3dc5,2025-07-01,Other theft,-0.081902,51.517296,57,1
b31df727a60d0e5187b95ba9366c48bdd5f8cdb0ccb3b6bee1aff6595b6ac860,2025-07-01,Other theft,-0.089822,51.516103,42,0
21485cac4279eaf811bc18fc7f619ba5a07fd9772bed845a47a1cccc3391f498,2025-07-01,Other theft,-0.102134,51.513929,27,1
397a5e84e310ad2fe329f7c2f550e511c5af5ca349247c154ead497ceafe75fd,2025-07-01,Other theft,-0.083349,51.51483,44,1
3c38f83abf0e19115e8929348d1afb842f977e2d1d39b4106f202476e3f57f83,2025-07-01,Other theft,-0.081113,51.516869,57,1
d81cb9a7170ca60be233bdb33ba90ef5713118b9e105f574a077cc60fe6e3294,2025-07-01,Other theft,-0.088903,51.510836,19,0
5702681db85b9f89389a73dce6ae2d4f6766b7637ccbae5e86f216ae6129ab26,2025-07-01,Other theft,-0.086019,51.513631,31,0
40f180083259a8f5d9109cafbf6a90073ac353e3ba7c11d5a79b7a3c784b3130,2025-07-01,Other theft,-0.079138,51.508312,9,0
54f86b3b7005ef291280927188e17636da9359e58c4a3144042bea05d2ffd268,2025-07-01,Other theft,-0.077372,51.51259,34,1
59984c7867c966451f98b28c45ddfeb680e59fea6c27f336d00630476096e0ce,2025-07-01,Other theft,-0.084754,51.512882,32,1
20ea33bcab306b54fe22859e23ec839ebd658393e22bef232ccd296ab8b0abf5,2025-07-01,Other theft,-0.091947,51.513188,30,1
4fd5291e098cae5b3d26fc598f223df405d809220bd255e1ba31f7307f06f855,2025-07-01,Other theft,-0.08491,51.512588,32,1
3707ac3efeeb6110d3c4c1e5b3e52ceb608273a020926f606e4ca7bab7dfe092,2025-07-01,Other theft,-0.101292,51.51477,39,0
2447596705adb1724a4eb728f52b604a7dcf8e9b334f327c3f815a6990b2a3d1,2025-07-01,Other theft,-0.0949,51.513209,29,1
026a68f4163dee190df537fa68944833f4f1b6683faea5a7c2088e60da702d80,2025-07-01,Other theft,-0.086815,51.517007,55,1
d1d7e6f56e41b11c99fa9fc3c350792ca5d76eb663128739c313a7366b079c72,2025-07-01,Other theft,-0.084844,51.5097,8,0
8e3b914da3d8bb7d76d45e4c3a1726ed8e5c45d1df36bae20f7ce1dde80eb0f0,2025-07-01,Other theft,-0.078755,51.51844,57,1
8d7ec9cf82c81042e5b037bb298386d90069a926f0ae8bb08e3fbddb63265bfe,2025-07-01,Other theft,-0.088785,51.517102,55,1
62d9ba965b07154934f8d38a7014205c4c5b5e7187a8d4ab69a9c82da53f9ef9,2025-07-01,Other theft,-0.083977,51.510441,20,1
47de9d9e7372aa96a36718038668c617ce85cf146fdfa574966b8227fc14082b,2025-07-01,Other theft,-0.084844,51.5097,8,0
1e36a2044e498fbc6742468f7d71f2c0d09c6fa2bd23c0729e36272e783065fb,2025-07-01,Other theft,-0.09407,51.513079,29,1
10e79a70e3ab046c2344851d2a74cb78eb6c0f4313711d0738bb5e34c9283359,2025-07-01,Other theft,-0.079127,51.509607,9,0
7a6d56c47d51b1ece3b435eba63fac8f8b2ec48b4dcd8e24fd2d77a0a44c4f8b,2025-07-01,Other theft,-0.079138,51.508312,9,0
bf17b9aeeb518734c90c8f10e6dcccf41f8478b574af9a2a661a94309b1ac59d,2025-07-01,Other theft,-0.081113,51.516869,57,1
37f3f3754b76751b89f913068da75fb74af25c56e804d86b39e0de9ef3bafbe8,2025-07-01,Other theft,-0.095224,51.513736,29,1
226ca3ec943cab0d0481fdf9ebf7d6fc8f1840023e1bf0a515d1fc7bc50b938d,2025-07-01,Other theft,-0.086815,51.517007,55,1
35dbc6eacc2c4eeea6e2804b81200b8c22b7ff8d6aad2a5202a51bd073c5d1ec,2025-07-01,Other theft,-0.095224,51.513736,29,1
07b7e60925e3e95ff141125856f8378cb78112604a39b41877d339f89a575146,2025-07-01,Other theft,-0.084844,51.5097,8,0
7217112d26eb742bc919ce87df30a2120ad0731afac2300e08e765e6624f399a,2025-07-01,Other theft,-0.102134,51.513929,27,1
980c682ec04806f42df7dc50b65838b42a3bdbfe2217493bce78f7b38952c82d,2025-07-01,Other theft,-0.080448,51.520689,69,0
6c52c39d23a9866ea017bb2aa2c610adc1ee5b2db8c5fbee77d4a8245651ff7b,2025-07-01,Other theft,-0.084844,51.5097,8,0
918400d349ea770018597a3399611f6f857d6dc08189b41813c5d2dc0df08dcd,2025-07-01,Other theft,-0.079907,51.517785,57,1
ee613ded4be68a8217d2fc7e0f0f520c9e7a1804ee6a3590dbf9d614bdeb46ce,2025-07-01,Other theft,-0.081643,51.51007,21,0
21e3534cad8379ae24f5a3656a9a9d4ff16b91478a536ec61cc039d3ddd93afe,2025-07-01,Other theft,-0.084844,51.510725,20,1
469e18cf061976547f7ed54252fcfec476c1cb27edda0acdb3758ebd13af4dd4,2025-07-01,Other theft,-0.087772,51.510665,19,0
2641b0e9002faaf6ca6f8ac1610529edc9839c5c9ce17c38e6da4729970cf377,2025-07-01,Other theft,-0.079907,51.517785,57,1
cfa53432ba2b63ad0073052ec4bd0d0c4dd4e78b9db6aba95619cbf42cf70fac,2025-07-01,Other theft,-0.102134,51.513929,27,1
75f99cc617f6367c63b30af1c3b2cee29c7e4a6051896aeaa7f5548fd5b43433,2025-07-01,Other theft,-0.078477,51.509965,9,0
c95e56f860f01880481312d7ef2773eb64921eafe6604f6ef08c6b938897050f,2025-07-01,Other theft,-0.102134,51.513929,27,1
a758d130333b26136f4648de01ebd1d7444a10cb7c2da39253a21de36174c154,2025-07-01,Other theft,-0.082133,51.515222,44,1
529ba3d695e15677c67c864935033609f462101af59e81bf527476c3643cb78a,2025-07-01,Other theft,-0.081902,51.517296,57,1
f57383a3c201c8e76ca19eab0fdd1bc054e90578cde8530c6eab317ec00606cf,2025-07-01,Other theft,-0.078477,51.509965,9,0
7392cf92b0c0e9ae7ab7babe75908e1e71ce455436171549b68e6740bc9b961c,2025-07-01,Other theft,-0.079838,51.514267,33,0
83d1cd5015e3cb94a5cf9c5e30ca3f6efacbbd16885aa37e9c755d40435b01a3,2025-07-01,Other theft,-0.084844,51.510725,20,1
a291bfa7165fbfb68d1ffdcefc64a34e1a7f5572e6dda093c13a42de8eb5eb74,2025-07-01,Other theft,-0.09154,51.511896,18,0
3ddff96a6e6ea92898f65bfa0940e24c9172819ee55a4b49be4d01211d5f2393,2025-07-01,Other theft,-0.097291,51.514626,40,1
b47217096f7ca06ac781ee301515908fb47c210b6c70abc8b87b9c442fe6e53f,2025-07-01,Other theft,-0.100201,51.513286,27,1
b2df2d795e8b692acbed078b6264de1e6682c7284cc10c8ad859b285f6b08f19,2025-07-01,Other theft,-0.079196,51.513789,33,0
d570cfa5037ffa9339902325957dc324e5aa369ae5716da38c4490b400b2cbc3,2025-07-01,Other theft,-0.077372,51.51259,34,1
4836cfed8fb477d4ab134181ea4a728dc6ce361514205d7cca0c59b47e03e0e6,2025-07-01,Other theft,-0.084559,51.510316,20,1
5decea23171d0b886e0cba5a048f1b6985ec9cc0637f09ab97a7ec5ee6583c09,2025-07-01,Other theft,-0.078755,51.51844,57,1
983681108257e236575f7662c1e148879d241437de1e623629c401741087dff4,2025-07-01,Other theft,-0.095924,51.513882,29,1
f9dc50660adb10b0aa0430f47b277d1175ce40bcef8ee2c6be9c3ac22c5b35d3,2025-07-01,Other theft,-0.095924,51.513882,29,1
d3e93cd1155b3fc4e3421a61574b0c20726b34d6513c5187853cfb2829d93cdf,2025-07-01,Other theft,-0.083977,51.510441,20,1
7b23edd104164131ad222120de91b7b0bf0171ac6200fa86d3b7675542039d71,2025-07-01,Other theft,-0.088785,51.517102,55,1
2abb62d0bb03ed94b2b0968a41899d7184a39fb2059f9b24c737fa3e5e2a9401,2025-07-01,Other theft,-0.077959,51.511332,22,1
8737a8b4b63961aae275aec3f1278246b012ef0a348dba1d79895da72a1a8866,2025-07-01,Other theft,-0.081091,51.50882,9,0
b6db13b2156d00344bbfbe64ed1c54daa3e5d1afdbcf8cdf6632552124debd63,2025-07-01,Other theft,-0.089208,51.509744,6,0
a35cb5187afbc997ae6b0ca0fd7804fa37b64c94fa65471d585f13168301bc85,2025-07-01,Other theft,-0.07707,51.510877,22,1
45ad1ad2e12059756e2c18279912ffb7afb8c01a59dbdd84bd7fc50f3ccbe8d5,2025-07-01,Other theft,-0.083349,51.51483,44,1
c75a8c6b87504efd491d5d75b5896cd1dd9f671cfba987ad8749957fb9ec15b7,2025-07-01,Other theft,-0.078495,51.51777,57,1
c948a8c841d6bf3760d71ebfeb83dcad28ecc8bb28ae92c9053009b177aa3b88,2025-07-01,Other theft,-0.082993,51.51636,44,1
9020995db4e63628fb705307693258e4eb922aa69f8891510a0d53e3b7b33122,2025-07-01,Other theft,-0.09407,51.513079,29,1
6ba14b95cc34471e7b3dbbb3675684eeae057b144d9cce3e534064fedead3824,2025-07-01,Other theft,-0.100201,51.513286,27,1
7a904e4984fcc5709d53d70d35ceaecbe9e14b140174d070315beba8f50a758c,2025-07-01,Other theft,-0.081512,51.518692,57,1
bd74af509778e36f0f51bc5f0e3df4d9191ca090df8fac8834a35416cf0d9d79,2025-07-01,Other theft,-0.09407,51.513079,29,1
8b04809ec01011764313453ffdc628077c17f86502b09a8badb424c28767ff56,2025-07-01,Other theft,-0.088303,51.510728,19,0
53c583c8b70798efe1c4891737fadc661719cee243a1a36a9f30e683858f7310,2025-07-01,Other theft,-0.080291,51.514814,45,0
311d8980c17457a37829ac440cdc4c8ff565013a4fa38729345f9b41dbd41928,2025-07-01,Other theft,-0.084836,51.511939,20,1
d3b71d2c7b31a160cd70591375b6b1addd0fae92b5a4102b8600948202b66578,2025-07-01,Other theft,-0.085228,51.51119,20,1
d0a606257a26addea933921567b4b9c23dbe22def595f251b8b01a6425910dea,2025-07-01,Other theft,-0.07707,51.510877,22,1
7be4e4728983686c2d1aac0702ace816e9c9177746dde6e61d94a71ea15a869c,2025-07-01,Other theft,-0.088303,51.510728,19,0
ec786ea6b65787cc337c7dae514b38c7dc6d0aea1ca56e47b58aab49a1e5a890,2025-07-01,Other theft,-0.092531,51.512658,30,1
d0e7e2b29819964c8a4c3644ac4ca16d37da98a0d61bd7bf6e3617217375b8fd,2025-07-01,Other theft,-0.084754,51.512882,32,1
049d0061ab3840fdb39e16e99826c2cfa0b91e6ba485f7b191afe96d14226269,2025-07-01,Other theft,-0.081113,51.516869,57,1
b1a0db876dff9739fbf23d60f2a7a792e0b11addbd4c06a7d0826baecb099578,2025-07-01,Other theft,-0.07707,51.510877,22,1
15392d35f3e5a297fd07e22ef897fc617dcae8c8e74c20060b62fa591cfe5b7b,2025-07-01,Other theft,-0.078477,51.509965,9,0
44974a92afeb4ae6ff9c6bca3a953fb50866001cc6ee81347923a0c1522df247,2025-07-01,Other theft,-0.078477,51.509965,9,0
a4ed2e4855f2e152a35ac4e1d6c890e21cde2efcda0b1584cf6d3acf83f24683,2025-07-01,Other theft,-0.084844,51.5097,8,0
2f908fa3eba41117753139b616d5a32166d3adfea5dc567724404156da83427c,2025-07-01,Other theft,-0.09154,51.511896,18,0
bdea36e768ba3f65d274e32b42d4cc6e5dbed30653336b8786ed0dd37e090d7c,2025-07-01,Other theft,-0.09407,51.513079,29,1
29a5a8d50e4555927e29e55d7b3543c71462c5c337d8b0efed3c9ee16e683f61,2025-07-01,Other theft,-0.079127,51.509607,9,0
bd3afe78970a3791830f8eac77388fdfb0c683faeb7bdf081837049ae064a115,2025-07-01,Other theft,-0.081902,51.517296,57,1
bb47f03eb29e7b88b5b2099c6107958443d9e9be6259fe528a6ce039868f4fdf,2025-07-01,Other theft,-0.084836,51.511939,20,1
9db5f42b444562b61c1352a7bf68d50e68c8053341557a699f0c1fbac26a5bac,2025-07-01,Other theft,-0.079907,51.517785,57,1
080cc771c534c9700e70eb5e54f71567b44018b115789c3492f4d4d26634479a,2025-07-01,Possession of weapons,-0.079521,51.511196,21,0
dcbfc83bab927dca78233fd9c2e17f81aef6ce8b8d42daceb1abc06066ae7a4b,2025-07-01,Possession of weapons,-0.079883,51.517326,57,1
9cb87dc470eef9eb104f5c3e590cd9d18c55795774dffe478a7cfb38aa055a46,2025-07-01,Public order,-0.079907,51.517785,57,1
45c7671d4b8ef0e97498039d1e2604b127c8a78c5931f64b7e03839c9ab38410,2025-07-01,Public order,-0.079883,51.517326,57,1
67e0c8ce6aa9d49729b3019c099686fa54dba368352a7a73c332e272284f20fb,2025-07-01,Public order,-0.09154,51.511896,18,0
f12de2d87adafee7ed98c87dcefed92f645de2973126f66d99c6e8b53f01e73e,2025-07-01,Public order,-0.079907,51.517785,57,1
80a57f40977b241c29e0ac5e11d5c8f8f0643790e25dc87005dd184d2209178b,2025-07-01,Public order,-0.078755,51.51844,57,1
313352f3db6c53acdefb71cd411c15688388de203265de0cc3dde2d90d333aa6,2025-07-01,Public order,-0.077959,51.511332,22,1
37065c310fd885b82eda014ccdc2f613f48e9128d47f5f8dec02d567adcac236,2025-07-01,Public order,-0.089808,51.517461,54,0
25533cbeb8325d8980a5a3d25a8a16369ce9b64a03a7aeadddd14374d182641e,2025-07-01,Public order,-0.079907,51.517785,57,1
5a83cb69fbdf24f39f35dfcd3de02eaf3888ff7c09ad099cf91d8b7e52c61d78,2025-07-01,Public order,-0.08491,51.512588,32,1
cda3f69fc691d0fa806a145090cc91f03f70f3de58f825e41ea417cb501b0427,2025-07-01,Public order,-0.090578,51.509722,6,0
f33d21df76af9e0745ae38ab4e3ce4d046f62567b1230e85a8eb4f781e1f162e,2025-07-01,Public order,-0.100201,51.513286,27,1
56db6cd2303f0e0f180a51b53eaa9b8cbc18abf6bd5b1d26f0696a7f5e8c5022,2025-07-01,Public order,-0.078755,51.51844,57,1
26dd0e8b466c4f29a9278b0dc22d15f99fd2b7ab91b454d6dc0b090d9e5a538b,2025-07-01,Public order,-0.084844,51.5097,8,0
e4a110e70314b5bcfb27f11c6a9937c7426599921f9ed572e995889c48f1f64b,2025-07-01,Public order,-0.079883,51.517326,57,1
d5f1d29e0ce8bb1cd69161d19726a728df275db2750a59de92890bee19ef0b44,2025-07-01,Public order,-0.100201,51.513286,27,1
6db42c392086fe40ea8978807595469a7dbaa52657cfbebb537aacbe0aa09a5b,2025-07-01,Public order,-0.095764,51.512549,29,1
9017e1b17a0db2ba0d61f5002c9967e4bce1c77c456b611d52b36596c5872bae,2025-07-01,Public order,-0.079907,51.517785,57,1
9123abe90992dc00140a24dada31fb4c4053d1dc5514d508c60f0b13ff720375,2025-07-01,Public order,-0.084844,51.510725,20,1
a90371e74b0bf053f2904be8add7ebc6e80bbdc0d182614d8c7d3de76e063a64,2025-07-01,Public order,-0.078477,51.509965,9,0
5753af663674831da7209dbb5477db6920e64c451ed4915846d71786c4b6c15f,2025-07-01,Public order,-0.095924,51.513882,29,1
057827b7689eea25d9bf6a24b6cb148677d3eee3ccc7674786a0a58e7aa37571,2025-07-01,Public order,-0.079838,51.514267,33,0
d05916a106b34ff2a72fe56b48d68cbeb4ef7f5e4ed2008b49a99c3420a48dba,2025-07-01,Public order,-0.078755,51.51844,57,1
9935f5e423023d48cd8d6e4b68008de5840639d393ac990a825f7a4e86a70943,2025-07-01,Public order,-0.081902,51.517296,57,1
0d15cf709a15b9bc638716acab18df225e09cda3345915b6ef073248f39a1399,2025-07-01,Public order,-0.081643,51.51007,21,0
0295465ac85dfa7c4f7db2970cc40a818f0d9744c83279588cbea9817aac85a1,2025-07-01,Public order,-0.084754,51.512882,32,1
ea8fa9274f456107eba3ba65b162859389fc49d9935304eb37f09e133dc5b246,2025-07-01,Public order,-0.079907,51.517785,57,1
011a329fb51bd57c435f4df4478a68252f43c455039a74bf804cce74a5e2ec18,2025-07-01,Public order,-0.097291,51.514626,40,1
49774de17f8afc471b3c3f2d219de4e1aa24ea0efdaeb28563f601cb1ef522cf,2025-07-01,Public order,-0.102134,51.513929,27,1
f69e500206bea12c4ccb944e9d3d46de8009de0f6f220e1b2e11248bb16197b9,2025-07-01,Public order,-0.079907,51.517785,57,1
a3bd5003065ec2d6eb9dbe80bbdef1da809298e45f15ffdbb5eeda48a9c148be,2025-07-01,Public order,-0.084559,51.510316,20,1
146bd1f927691592ebabf9895b0c9fc66ddbcb7150ce6a9d8c6f60898ed77b12,2025-07-01,Public order,-0.095924,51.513882,29,1
732375e8b29afe88b3eed47b154873603bb92e8903120b1bc23a6f8a13d64314,2025-07-01,Public order,-0.078278,51.513666,34,1
ae2f86e79ec3904fba3d90fdf7ddd87ff04f6b12c2d839858a97b1d75c2f8bd3,2025-07-01,Public order,-0.095054,51.510559,17,0
47078c58a1138356a15fdaa5ed1531654da6cffa91bd21a2cfcc3d4e55e43916,2025-07-01,Public order,-0.095924,51.513882,29,1
432bd1da17646c9751622a15b26550d4378d891f56f0ddb8f444164cd6c94ffb,2025-07-01,Public order,-0.088785,51.517102,55,1
99e94334e3b47aa2cbb2d2670d2a3bc7f148717326be02ba415252395e2fd647,2025-07-01,Public order,-0.089808,51.517461,54,0
a00986efe91a4c8e86592542fa39807ae06345bb57fb45da4a25c174476bde94,2025-07-01,Public order,-0.091947,51.513188,30,1
7b469b787942644281a8573d3e46690ab8ac71ec0cba7b25105019de2fb8513a,2025-07-01,Public order,-0.09154,51.511896,18,0
abf9de6971b97d7ea06b990a74f59291a433f2bc305e24302533c5d424a6837a,2025-07-01,Public order,-0.087157,51.512624,31,0
c79e45d4b0c1ddd258038eaea56bfaf83ccfef8e4f4051f7a3f5a9391b7e8d81,2025-07-01,Public order,-0.079907,51.517785,57,1
610a8f1d5cc6ae885655b4f3a3d0b1844d11162d23213009eb80087da998a8cf,2025-07-01,Public order,-0.096274,51.511037,17,0
da635b6341b579be2547d1767dae47f073176d1881d5874c8f269e5f1d23ab5e,2025-07-01,Public order,-0.079907,51.517785,57,1
bb4b6f912c552230d8be3844e9868d6272a4062153a3dc703cd51eba557c7165,2025-07-01,Public order,-0.081113,51.516869,57,1
79aa22ba25f34832aebe527e84a74f0abcf8adeb3c089a0f21f2b8e546d4afb4,2025-07-01,Public order,-0.081512,51.518692,57,1
6d61d2fc064514d2e4466cbc25f1685b90e13a4e9e0dfebd1b4533b4dc5b9ba4,2025-07-01,Robbery,-0.086815,51.517007,55,1
b0aa40999e96747e3ae4bbbd34a394516e71bd8a5f04aa863424a157ccd83f8b,2025-07-01,Robbery,-0.088785,51.517102,55,1
10635fe14cb45c74623f37c5e71750ffcafff2bcafb262d9e4854a7e66869823,2025-07-01,Robbery,-0.081902,51.517296,57,1
3e2e6f7d5ac31922304701aafc9d6a9e1ac5b54be52d3e088112de4aade43846,2025-07-01,Robbery,-0.084754,51.512882,32,1
adef5f5e886540fa340e4802dac379d4621149407306a5b84020b7f7622494c0,2025-07-01,Robbery,-0.100201,51.513286,27,1
0316c5e2704d18a8677075a586d3b63e93e958139927f0e4db33441dbde25e46,2025-07-01,Robbery,-0.091947,51.513188,30,1
c7b69906dbd678051ad6dbe028c6798c8d81bb7104814cac5abd796d67e4f8de,2025-07-01,Robbery,-0.088785,51.517102,55,1
12b2f6638c1681f03ecd56ab42d4fd97059f6b2b761f8ed8a18dbc8d759070d9,2025-07-01,Robbery,-0.085089,51.512105,20,1
98f8192e55fffe7cca22bf9c0b178a87968360ef0794ced66a21678160456de9,2025-07-01,Robbery,-0.095224,51.513736,29,1
7151953ba096eea91d796b696064fdd1420e498e5ea191fd87d8f81d6bfc84e5,2025-07-01,Robbery,-0.079907,51.517785,57,1
1b20e744a508b096649ce3f7679402fd0fc671ecd63161879db46affadc158ab,2025-07-01,Robbery,-0.082993,51.51636,44,1
58862ae37e3e43651ed6dd3e6693cda49526124ae0fb274415bb1f12e9c42a90,2025-07-01,Robbery,-0.089808,51.517461,54,0
5bff865776f839b355947bc787503cadaefeb793b0cd96bf2e096733c14e790a,2025-07-01,Robbery,-0.078278,51.513666,34,1
48635084cda10d01800f37cfa1edbf0b34a9593ecb549083aadb23b4b54beb8d,2025-07-01,Shoplifting,-0.084836,51.511939,20,1
9da1daf9767d039fa05f112f2f69989c04bbb6feab02101ccda813d4d812183c,2025-07-01,Shoplifting,-0.09407,51.513079,29,1
66735a26be718a492b753611a47ce87f0929cd286f34577e62fcf58e411401f0,2025-07-01,Shoplifting,-0.079883,51.517326,57,1
912e0b4ba4eb9a0c5af742efd96eecd6c304748656d9c22926ad0a179397a402,2025-07-01,Shoplifting,-0.084836,51.511939,20,1
04f352cfd1c3f04175dd9f819575921a05aca86d912904c676755f55fc4ef400,2025-07-01,Shoplifting,-0.09407,51.513079,29,1
2578e2fd2ddc1285243e752695de50edfc9bcea8c956bc7780c2e5e1df7935ab,2025-07-01,Shoplifting,-0.079907,51.517785,57,1
634442e320e30bfba6ccf3743557b123f6bc3b67b877526a78117c96df60a34c,2025-07-01,Shoplifting,-0.097291,51.514626,40,1
bfa4c8b159492c41a00e38259f2893c28d13a75c9afa85d68291c27d0b70326c,2025-07-01,Shoplifting,-0.086815,51.517007,55,1
f3be7caf195a4765a2dc5743907b7611d0b640aab2dae0cbd0380c35904ebdcf,2025-07-01,Shoplifting,-0.084836,51.511939,20,1
1e0bdf1339b0f635d550239aae2c1c5323378445974470dd7360305288a1eaa3,2025-07-01,Shoplifting,-0.084836,51.511939,20,1
12ff06281adf7f1737996ec8cb6286c899aaf366d9dd97ea656372fbabcb84c9,2025-07-01,Shoplifting,-0.095924,51.513882,29,1
405ae0de3679332afca089035749d7651776a226a720345bfce92001498adcbb,2025-07-01,Shoplifting,-0.09407,51.513079,29,1
ffa2025f517e9338e988b5d5f170a91315878a22990bebf5916491059ce43ce1,2025-07-01,Shoplifting,-0.084836,51.511939,20,1
b057d2b15785dedcb68c8949f6e2e8770e7fb8d0c1bc3fbd458b7e247c6cdfeb,2025-07-01,Shoplifting,-0.09407,51.513079,29,1
7ba466066d0c3b2efd974058ecd18d8a00a4727e402e2be8a97250d7f91b37ec,2025-07-01,Shoplifting,-0.084836,51.511939,20,1
e94221f44e6ae9e6377264a8f887fdf59bc8008a7a3d19890ac1b809b120faf0,2025-07-01,Shoplifting,-0.084836,51.511939,20,1
f0f74e2abc68d9e55df1f09460fd99f5926758089a9b7572ea76ce5b2d283e90,2025-07-01,Shoplifting,-0.095924,51.513882,29,1
738a5f6729cc97e0323863f04fc3af9565f3477398bcad6ecb486452e0542e2c,2025-07-01,Shoplifting,-0.079883,51.517326,57,1
7fe8129a7bcee842e7d79f6af7ff8782f61b31704b59a76e7f3e4f380d635bf5,2025-07-01,Shoplifting,-0.081902,51.517296,57,1
249c363109c8bc62fa170333f59dda8635ffa635cd9727799cac383d200274c6,2025-07-01,Shoplifting,-0.095924,51.513882,29,1
69a83ad3ba53f8cd8eccd10c96e074ffecb4a31a9a3d28e62edbc5d245440301,2025-07-01,Shoplifting,-0.085089,51.512105,20,1
2e065d73ae441ba7fe74b3169acbe602d0a82fbcbb9a337752151bee503ef859,2025-07-01,Shoplifting,-0.084836,51.511939,20,1
49add7cbdadea2778032d5ebc3eff6866730758ad959564f3d03cade837fcf52,2025-07-01,Shoplifting,-0.095924,51.513882,29,1
a2c93c092f56c3a637bce79a4b610b303f95dc84e3278a38c1bbb65f45d5cc85,2025-07-01,Shoplifting,-0.079883,51.517326,57,1
6398f11c4d0b6214d98e6dd7ad5a2cf00a3c582c46b229ba4064791b2aa7e1b6,2025-07-01,Shoplifting,-0.084836,51.511939,20,1
64336b86fdd42622aa389921675b053a80643ed8599fb9fb83945b659952566f,2025-07-01,Shoplifting,-0.088903,51.510836,19,0
d9f87869795be9cfda176dce98c275fb6d7c24eb0ee65dbacbe7904bce36a2be,2025-07-01,Shoplifting,-0.09407,51.513079,29,1
9723e9c4de962c104bea233ee23bdce647c1ff5b307f5196c7d206367a9ff077,2025-07-01,Shoplifting,-0.078278,51.513666,34,1
d6a10e8765ce97ed6946383755adcd0cd0742ab04a32ad0245e8e7c8460648c0,2025-07-01,Shoplifting,-0.086815,51.517007,55,1
94ed64badd5d5eb1b03a9ab0e0f7fdc021ba118be549c8cfe8133093fe94b89b,2025-07-01,Shoplifting,-0.086815,51.517007,55,1
8c48181c5111b745e26e0a5318dca7bde83f687dc48f5b5fc5b1350712b4f623,2025-07-01,Shoplifting,-0.081902,51.517296,57,1
934fdcda897e6bffeba73565ab30fb0813c4e12e148c46353658926f9eddf93d,2025-07-01,Shoplifting,-0.082993,51.51636,44,1
4da4c78ee30449be649c367a13b2d4c74bc6c1f1efa535fbeb97f9bb4fe6cbc4,2025-07-01,Shoplifting,-0.079883,51.517326,57,1
d213d99d3100923b0d37be66eff7e07c34d2b3948401def4b3b5d4be575c2a04,2025-07-01,Shoplifting,-0.095924,51.513882,29,1
1aa740e0e21547e05270dd7ca1769d2e6fb96d10938fa0976b322e359fac819e,2025-07-01,Shoplifting,-0.095924,51.513882,29,1
c04c034a0354202de6d8b8108795dad34b9a062b0fab273a53ac2b1e99a9d028,2025-07-01,Shoplifting,-0.085089,51.512105,20,1
ecc849c8dac27f15a06b392e325e97db7aeac1c6ea3ffa9b2eca142222e0db86,2025-07-01,Shoplifting,-0.081902,51.517296,57,1
9e8c88b771bf1f5b7cb9400d44ad3cb8bef1639b5a0b6e7b546121aa24ef7531,2025-07-01,Shoplifting,-0.102732,51.513426,27,1
e83671af516d7d51a913192b5d00ea5db7e5ac0a26ecbe97b65ba8427b56a21b,2025-07-01,Shoplifting,-0.079883,51.517326,57,1
249f0ee5c89d14707a31ffd2f8fda31e7e11239a2d80d8e21873d807f4c2b41d,2025-07-01,Shoplifting,-0.079883,51.517326,57,1
abd019e99048d7936e0143284cc8013b4bbe23a616e0fbd97e770ea099ee7a8c,2025-07-01,Shoplifting,-0.08491,51.512588,32,1
1133d3a7d291bd25b8843a6b12a7c0d8c47bbd0caff1ed289eb150fe309d5ff0,2025-07-01,Shoplifting,-0.088903,51.510836,19,0
ea9b7ad29eb67a37ff5287713ad3fcb10f10ed6b46fc651e89f7cd95b192ed89,2025-07-01,Shoplifting,-0.084836,51.511939,20,1
cf42cd46f31d32494549b64f86cd7eea7a4d3e0bc20bf732a72749c9d06cc5c8,2025-07-01,Shoplifting,-0.086815,51.517007,55,1
ef461adf7df1d639a4099a538a1155f29c505f611523dae8dd4a9f7242818f74,2025-07-01,Shoplifting,-0.079883,51.517326,57,1
e487e0f1096dc242d43964a205d908661e1c2e6cdb284f524339f32461705d46,2025-07-01,Shoplifting,-0.078278,51.513666,34,1
1ef1bd24967dadd37573918113bb88ea5395a10def7922d28854448765dbd82d,2025-07-01,Shoplifting,-0.084836,51.511939,20,1
4a1d292d303d501c42afbaab6f28c122763936137bf0b19a5c227f2403574c01,2025-07-01,Shoplifting,-0.078278,51.513666,34,1
884da0bc6b7068aad4168b6d2d07723a7406b7102692e93bc396fd59a8f21c87,2025-07-01,Shoplifting,-0.084844,51.5097,8,0
9da6531b9135423a3036ad4c01fb37989bb0bbdcc1ae20c0e7f209368d796ee4,2025-07-01,Shoplifting,-0.086815,51.517007,55,1
21e151192464905108c0f1c29665c18e4d3860a8b5094536b4f64378e708771a,2025-07-01,Shoplifting,-0.081113,51.516869,57,1
2887294121f39463a8678fd22a8065ec827a1c226de8ea5d83698de714a77414,2025-07-01,Shoplifting,-0.102847,51.512717,27,1
b3bc74b8bde1bb81219d41c5bcffaeb86a670b11f06fd61ca15196c94b591856,2025-07-01,Shoplifting,-0.084754,51.512882,32,1
f6351e485e48d0367ad8110df22f831b66fb4764bc8a9009d7769e04e6eb5fc9,2025-07-01,Shoplifting,-0.08491,51.512588,32,1
1234577bc3da0352255fce6b0089c5b3b99061ec2f00919a9e3796a705d1f4d4,2025-07-01,Shoplifting,-0.079883,51.517326,57,1
fe636f1416dbf3ca63e6e575d9766c4c3e8664cc37c64ebd11104a7a444a9eac,2025-07-01,Shoplifting,-0.091947,51.513188,30,1
84189c0ac40680d60ca16d61d2ec9ea68eb7356d14a58d74b9d1e10c9839afc0,2025-07-01,Shoplifting,-0.097291,51.514626,40,1
d4da3be311e26d215e714f5f8a071001feb297f7497bb2672b2a860593c0a4ea,2025-07-01,Shoplifting,-0.085089,51.512105,20,1
a5f1930c2dbded968d41627aef8d7edfdb8fceca7ff70b9f4f7c268948029098,2025-07-01,Shoplifting,-0.079907,51.517785,57,1
aeac8909b974ea24a1317299ca1964195432b3d202e35f81faa9dcd3a55872bb,2025-07-01,Shoplifting,-0.088903,51.510836,19,0
1f52a6e05a616cc3084af3547bc45bdbb4fa59356d9d8835fef6a0187eb563ab,2025-07-01,Shoplifting,-0.084836,51.511939,20,1
3d7d556c6e2d98c4f52aec8cf9cf6a928ee9f0b6e3d041a2bb2339bdd922f091,2025-07-01,Shoplifting,-0.081902,51.517296,57,1
f398c500c7796095ddac6ffb52555dcf09f434644680e9896f661a619585b772,2025-07-01,Shoplifting,-0.097291,51.514626,40,1
5cb7ce0863e7dfae6260b35984b73fda1a88ecfd3f7fc5a91eb47ff17e818511,2025-07-01,Shoplifting,-0.079907,51.517785,57,1
399b913870cf460f395da6279abffe2c925f45918e84d4afaff0bf7b5c8bd574,2025-07-01,Shoplifting,-0.084836,51.511939,20,1
6d1e2bd60113399125c38e211369ca2c96b0c4c8207041ad72a969d1bf49315a,2025-07-01,Shoplifting,-0.086815,51.517007,55,1
fec9daf371610fc81b82183b3803229f73819d4a377a88826f538a5958f699ee,2025-07-01,Shoplifting,-0.084836,51.511939,20,1
0f8b7e57014725f7f40f79cad63bdb1bff9a9665d85818cbb218f4d158574fef,2025-07-01,Shoplifting,-0.09407,51.513079,29,1
d4e0b5916ae7adf59774a068eb586bf88bf999696680feea3cd9c94fca3c0318,2025-07-01,Shoplifting,-0.084836,51.511939,20,1
5678969738e280e072b4eb58c9cc87060bc00f4ce535f6f2ba589eceb9a388c6,2025-07-01,Shoplifting,-0.097291,51.514626,40,1
5bc3d1a2c21fbbfb1da4ce0234c827fae3ffc6b8d3a79096b47ad899488373c2,2025-07-01,Shoplifting,-0.09407,51.513079,29,1
4ea4892edd57527fa510ace4aa512330a1857042ff75cf8ab8a0aa76f5754aa7,2025-07-01,Shoplifting,-0.084836,51.511939,20,1
8b247eae03aafc453262fb7bbfa3fc7de1bdb668d2987e2dcff199d707c0e026,2025-07-01,Shoplifting,-0.084836,51.511939,20,1
83763489f0c73dba9e5bc2567b3c3b1a63f74e4c32ee447dce88813968d76fc1,2025-07-01,Shoplifting,-0.079883,51.517326,57,1
753c381ba8fe56c0c714bf8f0971496cc006f6119aadfb206c89ca9d251b1966,2025-07-01,Shoplifting,-0.097291,51.514626,40,1
d5d65a65d0198f7c3dd78cf8c662feaa19aad190b665c00bdb5d555ef734165e,2025-07-01,Shoplifting,-0.079907,51.517785,57,1
8819ffb3f7e89989754033351e884dee23f68c5ae71ec7cf8cba89686592daff,2025-07-01,Shoplifting,-0.084754,51.512882,32,1
be7814c957d54434e7b389c3650fd868446322166d86f80e016f44c373bdfdee,2025-07-01,Shoplifting,-0.084836,51.511939,20,1
29803e5e43498d28cb3992e95fe871e0a1c752e99fa96714627bbf31b05191a0,2025-07-01,Shoplifting,-0.095924,51.513882,29,1
ec875d493ab56bbd88af41ab452a2bbd863f93b5fc6daf7135dd49c1f7d54536,2025-07-01,Shoplifting,-0.079907,51.517785,57,1
6bd5fc064516955e77d5040bb58f790c9678d1cb0128c6f54f556c123d262289,2025-07-01,Shoplifting,-0.078278,51.513666,34,1
09f1d7ce9cd4c27d74ae4486f012eaa987dc0db30c7776c4c3e535734271f161,2025-07-01,Shoplifting,-0.084836,51.511939,20,1
d08711e6920956f49438e55ebec3a4ecdbb9ae026958994e18501ad39bc04fa4,2025-07-01,Shoplifting,-0.085089,51.512105,20,1
50b890bb3b623f84257897a670ad1e7f31dead10a73f104d63c82b8f9f475ea7,2025-07-01,Shoplifting,-0.091947,51.513188,30,1
f2599298a2f59152aacddf7fafcad8982518dccefe1dbc1f440a29a2f0d536ae,2025-07-01,Shoplifting,-0.084836,51.511939,20,1
39b9e8b7df8c4cb6b36a7c00e14cf6920303c5ce71b22387b85ed9acad562871,2025-07-01,Shoplifting,-0.091947,51.513188,30,1
9b5d1adf8da20efe4c3e91390f480b239d94e4b4589f9a71767b53f8b7273a99,2025-07-01,Shoplifting,-0.086815,51.517007,55,1
805830a58aa08e801a51befbed14d3ea5556efa13246f51d8dcecd0227d15e23,2025-07-01,Shoplifting,-0.084836,51.511939,20,1
9d4b08cd8ea3517722d3b8f8aa23ebf79f51f9e4db213aa1024d888314fd0e71,2025-07-01,Shoplifting,-0.078278,51.513666,34,1
b1983ef2e87dc653f66685e61fb4a28bd44513fce5111f63fa52f9765ab63d6e,2025-07-01,Shoplifting,-0.081902,51.517296,57,1
433f8132046e0f894aba4a4399d8b26025440c982388e93e8929bec875bacb69,2025-07-01,Shoplifting,-0.081113,51.516869,57,1
3600e1fecd82f373c88f7fdce6a1d09809c820de692907ebceba9e26564e8b0b,2025-07-01,Shoplifting,-0.09407,51.513079,29,1
a1d5e556cacea812291036b29d6cceded1a911737c07f53e95ff6aff0ea150e5,2025-07-01,Shoplifting,-0.095224,51.513736,29,1
14720fc730de9f956478ed87be189e7570eb645ac0f1559cde0b124c6c6a0baf,2025-07-01,Shoplifting,-0.078278,51.513666,34,1
3de4caa0f2c5b6bd24f2b569c9c0b2b7db88e6b074d8d7ddc6266208a3db7f15,2025-07-01,Shoplifting,-0.082993,51.51636,44,1
db81c63419ea831697ee5fc696ffe00c84fc28a6f7b712040a9423d681dee02c,2025-07-01,Shoplifting,-0.086815,51.517007,55,1
c18b4afba056dc32394ec7d062011af34ad3fc8f2775abd4041255a1d5664954,2025-07-01,Shoplifting,-0.097291,51.514626,40,1
c1a25a08e6268388217f203febd06c2c046c73a98ed3074f3e7c8c8181efc055,2025-07-01,Shoplifting,-0.084754,51.512882,32,1
ea5835b035fe2d50a71f4412df1ec37612f4da15d71680df5921344acc07d4f8,2025-07-01,Shoplifting,-0.087772,51.510665,19,0
cc8ce7d70778287ff92c1774e4c0d7f59aa117c9e92176ce69383c219f28a2b8,2025-07-01,Shoplifting,-0.088785,51.517102,55,1
87c4bcff2a403f171c517370205b1ad2d7495b20df7389160c75dedfdc526b42,2025-07-01,Shoplifting,-0.086815,51.517007,55,1
2a0896e5695764fca369e5652fea0fdfa11c8ef02b48e2019c0f0264e33d8f86,2025-07-01,Shoplifting,-0.078278,51.513666,34,1
d5837565e4d6773a3fae27e8e1929ac3388e8d479a58bee0cf160dcde80c160d,2025-07-01,Shoplifting,-0.086815,51.517007,55,1
a5f188a135794efea4e6bcf59f37e3aa5011c10469de801faff6eae3ffc061f7,2025-07-01,Shoplifting,-0.079907,51.517785,57,1
f3cae1f2255060932f4ab7371d38f4ee12643e091221572a2308a2bf87cfd58f,2025-07-01,Shoplifting,-0.09407,51.513079,29,1
671ece898fa857976e61eb9227c87715172089d9158f75de94ec803c28261722,2025-07-01,Theft from the person,-0.081902,51.517296,57,1
ef4d5e4c9dcfb1aca906162d9c0c8ed26e6c452d501ccf4d9d44b7decffd4c6b,2025-07-01,Theft from the person,-0.078477,51.509965,9,0
f3da3d803c4bf00354a98915eb5bb345a88a04e92f736bc4172a7786f62daebe,2025-07-01,Theft from the person,-0.081643,51.51007,21,0
5e7e26119c01dd3ce6a037703e368992ab8f1b2425ae84d586a76a8ac2c29ac5,2025-07-01,Theft from the person,-0.100201,51.513286,27,1
ae701e33a9ec19a510466b98e8e684ba26d0ea4b6781ae62ce5f77ff9ff1d1b1,2025-07-01,Theft from the person,-0.088785,51.517102,55,1
f05a949ff2f21286ef1970c77bbfb66a616255b6c0323e16b0a502da088a80b0,2025-07-01,Theft from the person,-0.081902,51.517296,57,1
a29d3b14f1b4fda5052220b521c57f81eea880f998685af456b3d1b37b8955f3,2025-07-01,Theft from the person,-0.078495,51.51777,57,1
5cfbff3deca9fcf00c54f3edbafa0cfaec4487869ed2a38fd1628bc6289544c2,2025-07-01,Theft from the person,-0.077563,51.517656,58,0
00be16ee15ff66e7f684e99182307477038efb252a008eef410e486fafefa6e5,2025-07-01,Theft from the person,-0.085228,51.51119,20,1
2dc1552790136b4b0c32609eda5a002fb556b7a7c9518ceff905ee76793b740b,2025-07-01,Theft from the person,-0.077563,51.517656,58,0
184467dab76c365001a4ce0346d474180350aae224c5cb1400ad632b171b52a2,2025-07-01,Theft from the person,-0.089808,51.517461,54,0
5e38e97b2d1817b102f2c00a6caa1f5e7306fcbc8e37af112abaa53830388c3f,2025-07-01,Theft from the person,-0.084844,51.510725,20,1
de21754171612b25d3eff3811696c2fb5e38fe2af6f0285808965ddb61527759,2025-07-01,Theft from the person,-0.101589,51.513515,27,1
e5fc1a14a6e8b95efb6b29d1d5fd5e541dbc920ada9b44af8a0e5393cbcdf131,2025-07-01,Theft from the person,-0.081113,51.516869,57,1
c743053a04d67324629e8c967b9da3f2732cc0274ed9400f753f31592a0d7081,2025-07-01,Theft from the person,-0.102134,51.513929,27,1
b506dba15bfb6f85091b4e0cfeebcc9d67217e73f0008ddf0c82cd86ddacde73,2025-07-01,Theft from the person,-0.081902,51.517296,57,1
0c7a09f3bbe2f966a0934d6a2e1b8818821ccff71301cf757dceaf0de200b335,2025-07-01,Theft from the person,-0.101963,51.510761,15,0
50ecf70c8384a2be8bfbd30daa0385437774e217068cb3ce4fcb8045c7144188,2025-07-01,Theft from the person,-0.088456,51.514975,43,0
530ae92bd6ace4875b22c6103980ff4e8b6f7e034b7471c8b682075534f0bdab,2025-07-01,Theft from the person,-0.081113,51.516869,57,1
7eaf2f80f87894f25a38ca895a0e14097e1ef32ab7771b40905a5923c424e5dc,2025-07-01,Theft from the person,-0.083977,51.510441,20,1
79edbfd736aa3f2eef94a2a6d319a82eb47b4b278ae7b190feb5b67a2625ed16,2025-07-01,Theft from the person,-0.104276,51.513712,26,0
995f7573ac3d547051331aeb94ad3cc8e82e6922484b991051fb3703e9826119,2025-07-01,Theft from the person,-0.101589,51.513515,27,1
ffb982d88739095d7abf146206c106beede96229043ecc76867906e2b58cce75,2025-07-01,Theft from the person,-0.081113,51.516869,57,1
9c62180cc3bf3ebb58527da9a39644e033c6e9a2047a778e73260ff57065b423,2025-07-01,Theft from the person,-0.078937,51.514109,33,0
c861a384a80e5f6109d315874f14aa7936a0ac1755b6b380e33b2a8c981b4187,2025-07-01,Theft from the person,-0.088456,51.514975,43,0
07c61c99cd08dd1c55f7d9f01f87ebb8537d4febd689f8d13a26b755f981d90a,2025-07-01,Theft from the person,-0.079138,51.508312,9,0
aff3c5384bf85a05b5557ca10f21fb75a0998d50291d347136bd2e4d14be625e,2025-07-01,Theft from the person,-0.077804,51.518083,58,0
4d976c82faccf50537b81c26b48a6559e379c806e6209f7f9a11082c313ecb8c,2025-07-01,Theft from the person,-0.084844,51.5097,8,0
304fc1c87e4a2ab05e0f28c72d72afcc1b3f8e41d0f70be172db6b7fb80ccf6a,2025-07-01,Theft from the person,-0.095224,51.513736,29,1
1e370c3f97db8486d15a8d152e741048d2e4be3071caacca9185a0ecabb56632,2025-07-01,Theft from the person,-0.087772,51.510665,19,0
9232c4d76ec2ba102f7cc5b04a495032aa0b44c3957a8456fa5e9f8161614456,2025-07-01,Theft from the person,-0.079127,51.509607,9,0
3c23aec108742b9b9cfab281dc87f206184307b2eac8ba8822f88db5e05f4efe,2025-07-01,Theft from the person,-0.084754,51.512882,32,1
ee6c8430d497741a5b779079feffa7a11bd0d1747c7ff39ba2ac216bdc082ae5,2025-07-01,Theft from the person,-0.095924,51.513882,29,1
4f8c1d755ccc424de6b675730242bdf9fdf1fc62276d058d5e41bed1f2696365,2025-07-01,Theft from the person,-0.096501,51.513874,28,0
12d255b8eeb20a22bda0278cc5bd741aa93b53d3af6b6858b373f0ec7b5dff13,2025-07-01,Theft from the person,-0.092036,51.511049,18,0
5322ee2ac8d61f9ef99d655e81115765ce0bc552f694b6867d9593e1231d39fb,2025-07-01,Theft from the person,-0.085089,51.512105,20,1
6c58fa9e657aeaeaec9bc092fb543094527f4ab5f7c8465a39598a77e176e393,2025-07-01,Theft from the person,-0.089808,51.517461,54,0
4eb2a3ce8dc449f4c8eea90a01d74be9600c083c88de29b247c42a35641db023,2025-07-01,Theft from the person,-0.091823,51.514427,30,1
67486a6e6a654beb845efd66e1a4b52157d7d17ee539946cd3f970cd6f1582f2,2025-07-01,Theft from the person,-0.079907,51.517785,57,1
8e7498c0f1330ae44c630d6d60595a2454db74c0b6c7f1efe3bff23abfc3fdb7,2025-07-01,Theft from the person,-0.097176,51.510836,16,0
f3c31d3c434448397503964210b2dbc717b4378c1dd9f691292cd9b3a5e2e711,2025-07-01,Theft from the person,-0.081512,51.518692,57,1
add4fce041793098403cf39cb551ab163e32f4bc626e32f9d67b9ae1d9857c03,2025-07-01,Theft from the person,-0.089808,51.517461,54,0
10ebaffac3af6060563a3b6888fc458ab500a48134360e9e32d661e0c3e2a049,2025-07-01,Theft from the person,-0.089822,51.516103,42,0
4f05339149b83942db138b6d567731f62b6d4e898335a6031590692004bd6a51,2025-07-01,Theft from the person,-0.101589,51.513515,27,1
28b14ed9f38fd08835128b5928c095d768890c5d68428f08248739fee8c61603,2025-07-01,Theft from the person,-0.081113,51.516869,57,1
f09f2e6641cd31e30fe71a5e2ab4bbd6c11d00bc662b09d942e8af77b78ed056,2025-07-01,Theft from the person,-0.085228,51.51119,20,1
90f38a60b8e79ad90685427f7d4c991527938923c6009b4459c4bfeb124fa247,2025-07-01,Theft from the person,-0.091947,51.513188,30,1
335207b1d7b799c8c59a683ba599aa59584ee48cb702417a05c1b0aa3396b0fc,2025-07-01,Theft from the person,-0.087157,51.512624,31,0
f949b64d056dce43cc2b9964255f631326f357afd2e35075261f16777efb8272,2025-07-01,Theft from the person,-0.101906,51.511794,15,0
7a63d9fd40ca2f74e39d1576bf36889b7d248aa8a19de4d5433566c2550a969c,2025-07-01,Theft from the person,-0.089808,51.517461,54,0
168d8a48b9d168bc919ac16462ba4c0777bf596a39913008651879f607e5db3b,2025-07-01,Theft from the person,-0.088785,51.517102,55,1
2ea5f0f5f8705b5402f0f7e48fd276d742a929276a4277eb5500d5f7e5a2703f,2025-07-01,Theft from the person,-0.086019,51.513631,31,0
11caf042770620ca32059f2cad44abcb0a2e3c28c022cebaf5b4ac2dd49b7d08,2025-07-01,Theft from the person,-0.081902,51.517296,57,1
0f29317ad3aa3c01a490b312471d806421f0fd40d98b01113bbb47c3ce65c1d7,2025-07-01,Theft from the person,-0.081113,51.516869,57,1
4b08b2391a1e7de500cf8df91d566476d6cc56443a8f29b08a4064955d5a37ae,2025-07-01,Theft from the person,-0.089808,51.517461,54,0
bb136615af6d69a820380a5b4253c88d15b49df7aaa2453f926435eae3a644c1,2025-07-01,Theft from the person,-0.079138,51.508312,9,0
86b3c159d80a1de71fb93ed70f6d5576301bb217914ca66ee476356d154b3cee,2025-07-01,Vehicle crime,-0.089808,51.517461,54,0
e3e689155018326f22f143403864b11b6ac96aacc279f7c6d526344d7b0327a3,2025-07-01,Vehicle crime,-0.077372,51.51259,34,1
7ab133e95d84d50e6a995529bc3afdab84bb0a5b4f473823f0c59990b39eb977,2025-07-01,Vehicle crime,-0.092633,51.509872,6,0
5001f645f4f594b1d48f51bfd3b5aabf8e0e0531dbcecf3ae422ada023fdfa96,2025-07-01,Vehicle crime,-0.086815,51.517007,55,1
14b592a3627bfc85bdd601dd845fca4b855e28c3a6175410b172c01f9385f004,2025-07-01,Vehicle crime,-0.092633,51.509872,6,0
0e95ceab679f0f9c5e211664f22ef9e36201097f04acfa0c0b3c857c4f330fa5,2025-07-01,Violence and sexual offences,-0.081902,51.517296,57,1
09df8e397ce5e1ee85100a8826cf2cd3729c50b378b08030d6e280a90aafc1b6,2025-07-01,Violence and sexual offences,-0.100201,51.513286,27,1
2cd7974ab121c49c8ad2b1d5cb64269ee504ad0569dd018de61ab32124f73427,2025-07-01,Violence and sexual offences,-0.100201,51.513286,27,1
784d9ab2537e9a60dc76ad4be2dbbb5ccb7e0f5586a15b0ed31b57de6aab3820,2025-07-01,Violence and sexual offences,-0.092531,51.512658,30,1
d61af4cc652291d334e981a380f3d106f65d910b8539b07fbd0e5c4c372ab666,2025-07-01,Violence and sexual offences,-0.095764,51.512549,29,1
0fd978476e9e2de35cddb66318cbe56e9339ab8cd5c25ee78879f61ac249a860,2025-07-01,Violence and sexual offences,-0.079907,51.517785,57,1
4ad5dc6fff30c4a564cca2888dbe3884794606bf6b7dd32b702d4f2fffe06b3b,2025-07-01,Violence and sexual offences,-0.084844,51.5097,8,0
bc794a57ae56803a5f82bbeaf0c2cee44782454e606dc4a32681800c7c9797fa,2025-07-01,Violence and sexual offences,-0.091947,51.513188,30,1
a79963b65852757e40cde8a6b6944ade984120e7017bc50716012f8b9a3e6277,2025-07-01,Violence and sexual offences,-0.079521,51.511196,21,0
422d8b24642a2e1a7d74bbbe1ed53187298e5ef690bc5f24c96291efe0717b4e,2025-07-01,Violence and sexual offences,-0.101589,51.513515,27,1
4169a6dc5253475c3f550055b5823342fe06ebd321de50493fda2675df999f33,2025-07-01,Violence and sexual offences,-0.080291,51.514814,45,0
8abe35d5d1c4245d5ccd0eb904748dbbfa7f0f1047ce708ed97fc420f2be17b3,2025-07-01,Violence and sexual offences,-0.078755,51.51844,57,1
64c9a36c69b9d106a8bb4eae6ea2907d43154a043cb90e4f40d5a1739dce7f7c,2025-07-01,Violence and sexual offences,-0.101292,51.51477,39,0
5d22a1fb8973b5f15bdcfc230ebaca26a802c1e5a9461e9963e1f936f87d5ed0,2025-07-01,Violence and sexual offences,-0.079907,51.517785,57,1
6df01a24308e18fb34be1aaa29ff8ab23d35b3e711f47035c33ecb13e2c45655,2025-07-01,Violence and sexual offences,-0.079521,51.511196,21,0
6416eee301788de42b81c3280c7beba94f111a3b2b88368052c2feb69144d3f0,2025-07-01,Violence and sexual offences,-0.089208,51.509744,6,0
73a4fa0623fa16f29a2389f0ba6dc692516ff13df1b43f35c0e21230e0ca811e,2025-07-01,Violence and sexual offences,-0.083977,51.510441,20,1
827d7a923c4f84be097f08294b730fd1fb91174d6a43c37f83dab67f0153ce46,2025-07-01,Violence and sexual offences,-0.101292,51.51477,39,0
e02d7fbefa1414a382892911d41baa4b2058e1aeceaa038dfe4c04bc9255b6ca,2025-07-01,Violence and sexual offences,-0.084844,51.510725,20,1
cc2ed82045870ffdca75534738f37d1d38b0b7976773e3b9254e80078e4e91ff,2025-07-01,Violence and sexual offences,-0.077959,51.511332,22,1
74949df3922d322b4597426865bb423c1ddc33894ab5f70da8a5e8be9872c951,2025-07-01,Violence and sexual offences,-0.081512,51.518692,57,1
39baaa17d38248313823c4311b20c2b983f127bf9cb19c1cbecc0ca30546a88d,2025-07-01,Violence and sexual offences,-0.081512,51.518692,57,1
65448775127b3e16f2dc1b75f7ebff1718c5ca7c9df7e2f9a708a9014fead6a5,2025-07-01,Violence and sexual offences,-0.078755,51.51844,57,1
ff87c0f0dcdc39403f4ec2c77d3302637a4b78565989148df669669cf45328e4,2025-07-01,Violence and sexual offences,-0.083349,51.51483,44,1
cac3d67f219bdc3d99f5187e17be97e49ee4879ea205002b5c267ba7aa06a0b2,2025-07-01,Violence and sexual offences,-0.079907,51.517785,57,1
d37942144445196c6526eefd5c04a2c98e23a35881d1d8422b06131de34c9598,2025-07-01,Violence and sexual offences,-0.079883,51.517326,57,1
d848748457b01d4ca5e08bca529841bc84ffc0cdcbd64611dba54782a2540a6d,2025-07-01,Violence and sexual offences,-0.087157,51.512624,31,0
cdd6734394fe60e3e09eb5dfa1d15ec7d15cba589d6cde6a6ca6dabc9bbba4f0,2025-07-01,Violence and sexual offences,-0.081643,51.51007,21,0
21e2fb316625745920aea69ad7fd89f5a207ab9bed68da3e30ec4fb5cabd0505,2025-07-01,Violence and sexual offences,-0.079196,51.513789,33,0
ccdfc2f9240ed8f02e8faa7e0c5638ad3b7d9d853294896b2b837a50f7ae15fe,2025-07-01,Violence and sexual offences,-0.078278,51.513666,34,1
8a2e34f77f033583a833c5bfc8a24e0900738ce37e7548013c728968956fcd04,2025-07-01,Violence and sexual offences,-0.090578,51.509722,6,0
8dfe7eaf636eeb84b1041ac3153dbf191c84fabe8781663af2712fe2152b5356,2025-07-01,Violence and sexual offences,-0.082133,51.515222,44,1
3bd4cf415fe06f7fb71a199cc4fda99f14eac0d787d25b7f5aa9a57f1f8d2710,2025-07-01,Violence and sexual offences,-0.085228,51.51119,20,1
6f9b9d840d435f09ac09f7e7428dbf973ad666ce9d7b242ea5bf6b41c8ae4e71,2025-07-01,Violence and sexual offences,-0.079907,51.517785,57,1
142b975014caeb14bab453067037fa5e6461de768a37734d01f482ab5a367776,2025-07-01,Violence and sexual offences,-0.091947,51.513188,30,1
4c1da7f0ef1e681ab0a1d5b86418bd26f7f3524a2662e90e66cbf4204b9accf3,2025-07-01,Violence and sexual offences,-0.079907,51.517785,57,1
9ffce6f271d5ce63ef88fbd3e2c49bb9e4ae86483e57c6befe4f5ba933c87514,2025-07-01,Violence and sexual offences,-0.078755,51.51844,57,1
e49610d37a83d7544c02d51fb0e8633e2dc37b99c44d06c346cc40a6c01e83be,2025-07-01,Violence and sexual offences,-0.088785,51.517102,55,1
52377d64a289b63cc3957431a4fc3d25e03b289613396167f6830865170ad8da,2025-07-01,Violence and sexual offences,-0.078755,51.51844,57,1
3596814437ff921ec6fd3703faab21ed11b4ef562fe74db294bb5d8dbabcde4d,2025-07-01,Violence and sexual offences,-0.081512,51.518692,57,1
4894b6e31ca936edb1280e86e056850c2ebb2caf370f1f4ebe84811957e0094a,2025-07-01,Violence and sexual offences,-0.101906,51.511794,15,0
e1b3f25523069e7aaa680672f5b08c61a1ae9739e99651c69c3efaaf949c4a9d,2025-07-01,Violence and sexual offences,-0.079907,51.517785,57,1
82a88f8b5408f9ab163ad019ccf7b444d0adc2bd89f5bebfc1b9ea5fa473fef2,2025-07-01,Violence and sexual offences,-0.081902,51.517296,57,1
4aea140c1238bb24087d718fcd6c5512492848237ca597441ef0dda7b286c4d1,2025-07-01,Violence and sexual offences,-0.080769,51.520236,69,0
0ff87d990167bbef7bd14f1d3ffd06ef417658b783f10126cc2fa6f4cfdee561,2025-07-01,Violence and sexual offences,-0.104276,51.513712,26,0
1e959086fc360447d094a49fc8b5f0be3c70e8893a2b91aff80a58df065c0702,2025-07-01,Violence and sexual offences,-0.084836,51.511939,20,1
c81c9c632a451974c11892c24c16c182b0be36b3362ec76fbd77871179dd0eb5,2025-07-01,Violence and sexual offences,-0.087772,51.510665,19,0
4e7ddda7a7df0fe05647b2f79e3d48fa9258117f26cb574b8d7d1f405bb0540b,2025-07-01,Violence and sexual offences,-0.079907,51.517785,57,1
91fa2337bb7a13445e768663f7ae9e3751d40acccce93d1c692c7b88b4cccba2,2025-07-01,Violence and sexual offences,-0.101906,51.511794,15,0
13a6108604a309e1aed42440efdf7335ad2698ad8a2d8fc34f8a08885de063b8,2025-07-01,Violence and sexual offences,-0.080291,51.514814,45,0
8e96b60688d1600ce19b9e67e2e69802f13b38520586483c1103c41a47f8f1d8,2025-07-01,Violence and sexual offences,-0.101292,51.51477,39,0
68d67201866856a7dcdc5a1756f2b6a590710c2f219074e1d65d458e7a2f038a,2025-07-01,Violence and sexual offences,-0.079907,51.517785,57,1
2d3e1cb0958520932030df7343c377b440c88f45957b3ed816cfc5f2c37db3df,2025-07-01,Violence and sexual offences,-0.087157,51.512624,31,0
5d194895de736f2fa95c6af07ca6861565de6cda6859190ff83ef0d38c0d2c0f,2025-07-01,Violence and sexual offences,-0.097291,51.514626,40,1
d307308cb2a14c0d51bf3500b6e50db9f401f31a01d20013acbed10b02f8eb3f,2025-07-01,Violence and sexual offences,-0.097291,51.514626,40,1
0748773023e542ef7aa5a3ac3da5d9e7a0b972606fd234526d26abab89367008,2025-07-01,Violence and sexual offences,-0.078278,51.513666,34,1
76491d15bd8eae49fe5333a59c1daff200cae9aa51c26ba724d796a9402eb7f7,2025-07-01,Violence and sexual offences,-0.081113,51.516869,57,1
3bff2e874b4c560a81efc9ce3b9afd7406913417835e961680049b2283577bbe,2025-07-01,Violence and sexual offences,-0.081512,51.518692,57,1
96bb29f51864d2ee18c285482128e8ced180e8d7c398ac7fdc62b7c0b6b2a052,2025-07-01,Violence and sexual offences,-0.079138,51.508312,9,0
8dd3f87b5add4b5ab8b09c7329e5bf271e58d04ebb47394e1de7370dfea4beb2,2025-07-01,Violence and sexual offences,-0.087157,51.512624,31,0
513e7e3912a32f180dd7be7f02f02d822ff4197310e4cfa6c296fdbfe88dd704,2025-07-01,Violence and sexual offences,-0.081113,51.516869,57,1
c077f14186ebeaa91e9a1afc4f8721dccd3155141b2d3fda4c4729f1865cd7fd,2025-07-01,Violence and sexual offences,-0.092531,51.512658,30,1
a5cafcf3c5537b2021071524686ee704dc071649dd6d73dd6c29dfb0e3b15758,2025-07-01,Violence and sexual offences,-0.081902,51.517296,57,1
359cacf2ae5688b042e668b5071feb841bb374c519c29062c7d5530519300761,2025-07-01,Violence and sexual offences,-0.083349,51.51483,44,1
01cf7147e3e4cd1331c8f3a2751c6b5dc7a5ffb076086bc811c547e0becb5658,2025-07-01,Violence and sexual offences,-0.097291,51.514626,40,1
9d07c6996db00533b85182624123abda98026a77525d3576ecb1eb70c8f4de5c,2025-07-01,Violence and sexual offences,-0.087157,51.512624,31,0
d7b2c1fc1c962629fd370e29420b8bbcf43237d76bb6860151e856cd2365c9df,2025-07-01,Violence and sexual offences,-0.09154,51.511896,18,0
b5a3a6795bc92d2e60e2f62728c6a8aa37ab8b2f864811050e1aa8612e68b9bc,2025-07-01,Violence and sexual offences,-0.104276,51.513712,26,0
fbaa5be2ae0f11644b9416550d018ee874568884d560de1c8d00ceb8a29a34c1,2025-07-01,Violence and sexual offences,-0.083977,51.510441,20,1
d2662f98068c9d7e99f51bb8d1ee3fc8633232ba71bab4cd696918abfacc9765,2025-07-01,Violence and sexual offences,-0.081902,51.517296,57,1
f75700163b986e3d7a325f3ea2ddeccd6fd742372738476546edded7231a9e8d,2025-07-01,Violence and sexual offences,-0.078755,51.51844,57,1
60b9e84f38aa53963c9f5580882b6b1cba06412dfd8639d17c0dab0e061503ee,2025-07-01,Violence and sexual offences,-0.079907,51.517785,57,1
2547a876024bd0c919931b0afc7a06fcd9d090a628c44e2dba7bf967f7e3fa6e,2025-07-01,Violence and sexual offences,-0.081902,51.517296,57,1
93866d9d0d27a1c927af93e32ba4973656caff180fc50bb1b234becf6ae23e18,2025-07-01,Violence and sexual offences,-0.082133,51.515222,44,1
9e1812453db4a6f18c516ae9b9a1c6de768d9fe654a62390cdf1d6b8f7bb6aef,2025-07-01,Violence and sexual offences,-0.081512,51.518692,57,1
98ce36f990c4ae974cfc53458479a11e33bae2da0a83a5d2fb0f8c03f5ce1088,2025-07-01,Violence and sexual offences,-0.087772,51.510665,19,0
27e86b1bf46da10d44cc800d49134dfc7eb1d8623d5ee992fbad8626371f141d,2025-07-01,Violence and sexual offences,-0.079907,51.517785,57,1
0b2ad6a0ec3760dc9514c89e58f0fc2c35a5b329dbf96d77b2388a925b381296,2025-07-01,Violence and sexual offences,-0.09141,51.510167,18,0
896fd5f073eebeeac7f00c1f8f13a143e8b000ea7e60d7b85d807d24b693c91d,2025-07-01,Violence and sexual offences,-0.079907,51.517785,57,1
664419f71e3dedae3950bb0f451a2ca243c8f632006eb3967df288d800fb6750,2025-07-01,Violence and sexual offences,-0.082993,51.51636,44,1
57ffd608a5a80580c4cb8171b47ef57f7f48662480e629bb7abad5ce61570f49,2025-07-01,Violence and sexual offences,-0.082993,51.51636,44,1
6872d1d0e81913f65edc98f4d151a3d9c1c99e1d8c7bd80dbeac7d88ee087a22,2025-07-01,Violence and sexual offences,-0.101963,51.510761,15,0
49fd30d509114654e9b77f9248878c57fbdc4064f0c94222db6cddbf18afe151,2025-07-01,Violence and sexual offences,-0.088785,51.517102,55,1
5514d0b032c007307f5750791972d726a50160580756a769d865bb556dd5f947,2025-07-01,Violence and sexual offences,-0.082993,51.51636,44,1
bc6cc45b9fa6e29918e090a7b84df00f89c411b641cd5637f02e0a11c1dcb840,2025-07-01,Violence and sexual offences,-0.09446,51.512024,17,0
b1dfd9c72004d6c0a51133ee30a0e0d2aacf4afe1b4354478cd248a3d1a0d306,2025-07-01,Violence and sexual offences,-0.078755,51.51844,57,1
544d10185bb386523255e78a00a87b7fbce0881f6ba0086dc5aaca57ebb0fd79,2025-07-01,Violence and sexual offences,-0.085228,51.51119,20,1
253a347a3142181ba7571b33cfc92c8e329af79abaddcac04e7e3360258368d7,2025-07-01,Violence and sexual offences,-0.085228,51.51119,20,1
d37bb92c8c0f014a57bd31b4926e9b86dc853718b01a3f0b00a724278ca151c4,2025-07-01,Violence and sexual offences,-0.089208,51.509744,6,0
4359ad8348a7b6a032a60695c3c4891ddb3840327536a0aeed8ab10a0ce2e80a,2025-07-01,Violence and sexual offences,-0.082993,51.51636,44,1
68645b144df20469dbb362716b02a12d283abe8db92d1bae7e530529f4fe1145,2025-07-01,Other crime,-0.077959,51.511332,22,1
,2025-07-01,Anti-social behaviour,-0.110474,51.517193,49,0
,2025-07-01,Anti-social behaviour,-0.098875,51.518831,52,0
6bfd0fe7e2be87799a15176eeb0d07ceb91a03a6e91fb182c72c8acb6a73097d,2025-07-01,Bicycle theft,-0.108027,51.511884,13,0
5b8aa85aabaa6f09b687357487acbeb041fd23d82b7824c30dc5ddd8272eab49,2025-07-01,Bicycle theft,-0.101359,51.5187,51,0
fd254cd64a7a6f8661b5f73f10492223451f4218328ceb63454a6d1a80115afc,2025-07-01,Burglary,-0.108909,51.515297,37,0
376d8b7893b9fba2e50f18a86bbc2d3fefa9e3def863205c52cf8d0e6ec8ace8,2025-07-01,Burglary,-0.099803,51.519026,52,0
f03b376503015e6b16ccd369cec8396b2d754a3e6dc41c47f93c69ce39d11553,2025-07-01,Burglary,-0.102585,51.517308,51,0
3f6319b8e8f9ad6e93a20bedb38c84f72edd4faeae8fb58fdc127e703bc27031,2025-07-01,Criminal damage and arson,-0.10498,51.512033,14,0
adb876ca7f0f83fab94fe2ef65a45c93ab4f465a1e3c05e69de314d6cee5e0be,2025-07-01,Criminal damage and arson,-0.101359,51.5187,51,0
b25f417cd3280b0354f2fd8a23d938ee166355305613128509a3803351a356c1,2025-07-01,Criminal damage and arson,-0.10845,51.514202,25,0
b4bd6e2eab8eeb7b6684374bd3b07cc6a5ddcc81accda065bbeb21adcc5e85bd,2025-07-01,Criminal damage and arson,-0.10845,51.514202,25,0
6de0c40189665b12a56a60adc8443488827f7f986e3763de9203ee70ee62d7b4,2025-07-01,Other theft,-0.10498,51.512033,14,0
f22adbbbf10fc422545cb43a603460c30f37f46095ea6a45d7ced1f7a6994ed2,2025-07-01,Other theft,-0.10954,51.515721,37,0
392432514d588f23de46367a5648869256145264da84975cee4e98a0818631fa,2025-07-01,Other theft,-0.098017,51.519689,64,0
4b322322f74b0020fe51fa1467c9f8ed44056e4ea441ba2e1bbaf4a1dd7d2319,2025-07-01,Other theft,-0.11069,51.517916,49,0
723a2dff53a1f587906d770d1749b9c80931ffea29b0a6a76b1c0653eddcbe70,2025-07-01,Other theft,-0.101359,51.5187,51,0
41a813eb3f2a3c6ff9e07b196205d51c201df13b0885848078e6293e0a44dfc0,2025-07-01,Other theft,-0.10498,51.512033,14,0
8befbd5efea51b01b139de29542617bafda85b53e040e0524614cb85a3e63b85,2025-07-01,Other theft,-0.101621,51.516906,51,0
4675e2fa5ceb6fee82ce273b8835d165ff6f78675a43f44952258dd527b62f01,2025-07-01,Other theft,-0.112111,51.517687,48,0
12c8cf8c402eeabf7a789e55a945d4016ad897a00739c834dc6dfac1e24fc0cb,2025-07-01,Other theft,-0.108909,51.515297,37,0
7777a54f192deba789423f2e4f0581409bb80e59a1e48a364f0a2b42993b04b5,2025-07-01,Other theft,-0.102812,51.517051,51,0
23d6c1934cac34eb124d48ec00e41c93238663c3cb213a34fe04f7812090cdbf,2025-07-01,Public order,-0.101621,51.516906,51,0
f4a8262d94d1009d6a4619d5e4358dec7af69f4f002f21bf6a1ca2664a80fdfa,2025-07-01,Public order,-0.10845,51.514202,25,0
449107357c7184fe7c8f852a3c893e8e44dcf562470823f8ab85473b8ce6afd4,2025-07-01,Public order,-0.106076,51.517239,50,0
c83d2e1ed171f9b88877350f8440aaa56b7d8a43a2ee00cf36f77ffbe492b2cb,2025-07-01,Public order,-0.101621,51.516906,51,0
7f72268fa5aaa733a735e4e921de27fcfefbb4cf78de9b9cea16d046d06f4022,2025-07-01,Public order,-0.109164,51.517846,49,0
e2b43b3dd4527e8987f35e3e321ad6495fbe6e56e6d9ab7c416ca8eef6f67abc,2025-07-01,Public order,-0.098017,51.519689,64,0
6fb238d065b36fe9210f1b3e945894c620932d1157119c1551ed3ee9335f26e7,2025-07-01,Robbery,-0.105131,51.513941,26,0
f7278c9a0494ccfed5e41092fb2e280c2e35cb0600b025b9b41be750ed187fa2,2025-07-01,Robbery,-0.103393,51.517978,51,0
65ee4797699a28ece430f6a94362178b2256291ef0265dc29ebe4c95f78ee919,2025-07-01,Shoplifting,-0.10498,51.512033,14,0
9a1421cc45791d2fae6c12aabee2b2f2adb584ec14ef9a52e4e554cb8127d50c,2025-07-01,Shoplifting,-0.103393,51.517978,51,0
7adca6b5a9a1cc762e0cd14f7e02d4a9217991463bcdd1c428ae1ed17e20fc78,2025-07-01,Shoplifting,-0.112953,51.518231,48,0
21ad0d53de3829fff11926ac0ac1114013dd1d49e62c43f988bff90d9d13937c,2025-07-01,Shoplifting,-0.112953,51.518231,48,0
6f8654406de91b6423017a29b49466763d76141e1bc6f7f619cfbd476471fef4,2025-07-01,Shoplifting,-0.10498,51.512033,14,0
e01588457057256fdc59436f8fa9a7b5b9672d6f7775b4a04510e81e0b86288b,2025-07-01,Shoplifting,-0.10498,51.512033,14,0
c21125b2d1a717043f47b60bc8c7fb7c5d9a1abb6fe72f9a91deb1b27252486a,2025-07-01,Shoplifting,-0.112953,51.518231,48,0
e0dd6ce19eaedfcd093b1e71176a8af15729260a0e5644e88842281cced11326,2025-07-01,Shoplifting,-0.112953,51.518231,48,0
3b1362c77d0699e66ec1d0a66ef1394fc2b9681d7768f5fa4ab9752072538194,2025-07-01,Shoplifting,-0.112953,51.518231,48,0
e79ddcfa660ac1a88de0a98396fa56a43385b9d13d2f3d5c10b463315f7fede5,2025-07-01,Shoplifting,-0.112953,51.518231,48,0
9fc0880211abf2232bd510b86ee0c444b1ea2767a2af6568feef7f4f4dc0cf52,2025-07-01,Shoplifting,-0.112953,51.518231,48,0
7401a008b963e22e02c614c1888dfa2e5261fd51eabd6928bc9afc16da19f63d,2025-07-01,Shoplifting,-0.105131,51.513941,26,0
ebef252b2f236e437d6e5bcf8af9c8327cc468c122baf0de36fe0ae076429589,2025-07-01,Shoplifting,-0.112953,51.518231,48,0
674d5396fca0ae483f21c9c296413de421e183d1d75fb37500185f9f59420061,2025-07-01,Shoplifting,-0.102538,51.517739,51,0
9bd3a51d05c943a8a9da8cd4088dc7d334dabcf5cbbc0110b8725093e115fdfc,2025-07-01,Shoplifting,-0.105131,51.513941,26,0
05cd2c54e9ad077cebf3cd812f2c89a2592f26a8cd14781c29087c1c20fb7192,2025-07-01,Shoplifting,-0.112953,51.518231,48,0
3362e5822324259ee9b674daf70bbca4492459a5aad7d4c0893bec2eb6ec7c54,2025-07-01,Shoplifting,-0.10498,51.512033,14,0
643dbcfc4364143f5b62c4f992c8267fdc00a17c2142386f3220ca0d7ed3f8c5,2025-07-01,Theft from the person,-0.10845,51.514202,25,0
c74e88dd253ad206dec5ef5b07a9221adba6fe0b9eb5dc3b368380c7852ecf04,2025-07-01,Theft from the person,-0.106076,51.517239,50,0
b062e1b91fa567585c5522990ec831b19790ac616c47695bdbf89100d0aa5d23,2025-07-01,Theft from the person,-0.101621,51.516906,51,0
9fb09add818f5d5797accaaf2e31eb5a868242ca05e5886b804dcba654f4acb4,2025-07-01,Theft from the person,-0.102726,51.513911,27,1
25252c52f2a75f5fca060d102e8fea1aac16ba87c18ca554e3fe4207914986ec,2025-07-01,Theft from the person,-0.107443,51.515534,37,0
8ae4edaad0772e36bdddc13e4e9352da5d82818d56af47c57dc406aca2da9bf2,2025-07-01,Theft from the person,-0.106076,51.517239,50,0
562c855150f9a66e5d35d4cf9dbf6feb82cf38f497bf6f2069bd993ac0c183ac,2025-07-01,Theft from the person,-0.099803,51.519026,52,0
2cdb95591258768aa34b989a5729d0ef7557b6a54c963707a313f0679151eb70,2025-07-01,Theft from the person,-0.109164,51.517846,49,0
9e300af72b51c55b383759d78588dbbe858723a9e0b8b6e2466a91cf43805a36,2025-07-01,Theft from the person,-0.112953,51.518231,48,0
f4e1c7b114b0d5ef84b3a653928948cc1c49b126e5ae7562ac6bb8f23b775fca,2025-07-01,Theft from the person,-0.108027,51.511884,13,0
c2c09c0aca85247dd618b0d813d30d859bae71353528050dd83baeea9b61f4e8,2025-07-01,Theft from the person,-0.109164,51.517846,49,0
7b34a118c3889ad32707d1ec72d5a8d4b273d3b68fcbe404ce960e740296e160,2025-07-01,Theft from the person,-0.105131,51.513941,26,0
a1da0da190837aaba920571a68b3bd2817a43166eead05c21673b0e1e2966746,2025-07-01,Theft from the person,-0.106076,51.517239,50,0
d43ea0f9994c114209e5eff0a23880ad4439c46b2e0f3a4ac56413b3826a12fe,2025-07-01,Theft from the person,-0.102726,51.513911,27,1
86c9ec2fc9ee0c60549ed3f0b4faa6b216b50233699d3166ef542e8bbe9cf155,2025-07-01,Theft from the person,-0.102726,51.513911,27,1
4512db6fc572763569e1679a3efa48a19de67943e6825c703ba6b694336116ec,2025-07-01,Theft from the person,-0.108909,51.515297,37,0
3b96fc6ffdac813db4cb917771dc628c8225bfb7bf248f788eb6d1268886f887,2025-07-01,Theft from the person,-0.102726,51.513911,27,1
539ed244864b0d7dcd939ddc0b712385426324b77db1ae41cd6cd68dc62549bc,2025-07-01,Theft from the person,-0.101359,51.5187,51,0
0fdf812ee00f2510fff033f064a695b09ce07d7e12d233bd33b9abbcff63c9ab,2025-07-01,Violence and sexual offences,-0.109297,51.515681,37,0
6490e9d75ab548afb10be4e1afeeb30ed211eec2f54383d492e7f9b45a7344bf,2025-07-01,Violence and sexual offences,-0.097959,51.517629,52,0
51e884100c6b4e36cabb6bc5c07ddb0e19181ad384105c89f8db33007dc8800a,2025-07-01,Violence and sexual offences,-0.109297,51.515681,37,0
e24018f3b728dab66d720344deaa07500ad84d0571522a56c515a2655df6ce30,2025-07-01,Violence and sexual offences,-0.101621,51.516906,51,0
865bba4c24c405cb4a85dc6c212e948eae88a74db78ecaec6105c4491093cb17,2025-07-01,Violence and sexual offences,-0.098017,51.519689,64,0
708b4a66fe2827725f4ac0f3471ab08ea0818e977664691685729c48d04004aa,2025-07-01,Violence and sexual offences,-0.098017,51.519689,64,0
cb624507f6d84d86c313de447745a84dad269855245755f31091415aee841040,2025-07-01,Violence and sexual offences,-0.10498,51.512033,14,0
4e239363f7d02d4e4aabe456298f7dfa5200847a1c59fa60d109f10ebb9120fb,2025-07-01,Violence and sexual offences,-0.099803,51.519026,52,0
439760504f86f74268769e9412d48da7390b82c345ea443addffef1e78e78dd2,2025-07-01,Violence and sexual offences,-0.112953,51.518231,48,0
3d87dd1fe9c441939916d1e185cf48d2c8437b75ba9f23bdcd314b88c3a0f859,2025-07-01,Violence and sexual offences,-0.108027,51.511884,13,0
be2a8939c6bab1c379eda4c7edb1c8c976c55446b3f29c203b1bbf7014d1b654,2025-07-01,Violence and sexual offences,-0.10845,51.514202,25,0
9a626d185a43463daa0596a155a7dbba43311877416a10444a35684ff3ba4911,2025-07-01,Violence and sexual offences,-0.10845,51.514202,25,0
ea647ab2b68f566a01acd5d86da75fd6017830291f135a12a88cfef2e47daf77,2025-07-01,Violence and sexual offences,-0.099803,51.519026,52,0
09bdd374f0c2d108e3b69f8e1e02b9734794a9ca9b8c272aecc384b6b063415c,2025-08-01,Bicycle theft,-0.097078,51.519045,64,0
8d91f0c19cd62809de72a07dd2d817cd7eb828615b087b363770b2957f33395f,2025-08-01,Bicycle theft,-0.097245,51.515387,40,1
4decf16f48305856cfd82fb94df7f35810dd6846fbaa10c628fcce85749aeb60,2025-08-01,Other theft,-0.097144,51.515062,40,1
d81292aed5732990577b6a7dab0d8a07d6cc33304b23eb8305a13f41270c0e05,2025-08-01,Other theft,-0.098519,51.517332,52,0
199d464aeaee44d74dfffd69e9a680fe6e98cc76c30a8aab6d8e419d580b8ccf,2025-08-01,Shoplifting,-0.097245,51.515387,40,1
a2f3d70d8f861336f772ec1dd503f12a2b0a4e8d9260742139bd4ea8d2c9491e,2025-08-01,Theft from the person,-0.097078,51.519045,64,0
bdfe89354a009fa87a01cdc499906f08b4f15b9b925cfd61cf99ee6bf0ee1b80,2025-08-01,Theft from the person,-0.097078,51.519045,64,0
e50f87bd68b35b2883835b7e52699861742ea675760cc19290b47a6f9a2a8933,2025-08-01,Theft from the person,-0.097078,51.519045,64,0
d4d701131cce9c7b46fedd002c04495137a22bf58c5c016f0131d35b4516cb65,2025-08-01,Theft from the person,-0.098519,51.517332,52,0
605309a4febf6e977df2af141296e6e46c6b0219ea864a9159c24676f0197a2c,2025-08-01,Vehicle crime,-0.096367,51.515355,41,0
f82d3fcfa13110868f8ac0f8ea2b04c8c495a1d0783e7da3063d95479993ee68,2025-08-01,Violence and sexual offences,-0.097078,51.519045,64,0
,2025-08-01,Anti-social behaviour,-0.090553,51.518948,54,0
2614878f4b100ab1042fa3af6ddd73455d0d36a78b4a6b042f73b40225e5623b,2025-08-01,Bicycle theft,-0.092488,51.520598,66,0
8a0f28b545ee364ffa8845a8028da79bdf68d3af27292e80d175c62935638b45,2025-08-01,Bicycle theft,-0.092374,51.519517,66,0
38fec2dd3421395e77a08745ccbd04100e51a048202d7b73e42c1a30e869d520,2025-08-01,Bicycle theft,-0.092488,51.520598,66,0
1503dd84e888c2012c016579eacbd661db5b3ff05cbff4253baff312f5c5f968,2025-08-01,Drugs,-0.092971,51.516271,41,0
52816eb4f384f2000be37efc34043228cf2e4eb86d2693a8d1551ce4f2add4f5,2025-08-01,Other theft,-0.092488,51.520598,66,0
181f06682e81ab15e6c8968434602112874bd0bf061ef3c5563e906d42c2ea63,2025-08-01,Other theft,-0.090553,51.518948,54,0
b7b7986e9f1b5718e3d93476b3e6aeeebc42a8da4f5c1c43defedf16a9773628,2025-08-01,Other theft,-0.092971,51.516271,41,0
4d605416fdabe32e2fc7150473c8358e1a60b681922722fc9cc2e705ddfbfc93,2025-08-01,Other theft,-0.093271,51.518066,53,0
afa95853efde24c95705d2f6eca169279d648d0426738f292ef8792beff3b269,2025-08-01,Other theft,-0.095704,51.516747,41,0
ba1eebaf8fb43f3090052b5718b0ff88b2dad26058f03142e6c89d2aeddb5a19,2025-08-01,Public order,-0.09413,51.519961,65,0
9774f50807d167d49e3104aa44b0b7f4b9fa36301a5298f8de1a712107db3a0c,2025-08-01,Public order,-0.091082,51.51973,66,0
0713f54e25534b30ffb3e6fa5761ecfbd37ac92838ec44035f3429634e64ae49,2025-08-01,Robbery,-0.090553,51.518948,54,0
e4d85c75ae69ec6837f4c7bfd759cdb8c5804cf9e64cd8bb8251aa0638d3d9e2,2025-08-01,Shoplifting,-0.090553,51.518948,54,0
6fb4fb10f0006dffeda67482ec187c9731b89b78483893301d52f4885de2821f,2025-08-01,Shoplifting,-0.090553,51.518948,54,0
dfc01f63ea858d4073c53d33f3f2bde9ca69d816cc917f9b46c745652763d691,2025-08-01,Shoplifting,-0.090553,51.518948,54,0
c409aad00f07ec49f388e84dfff17f92f1872c627de30d2625c5a1412d157a5d,2025-08-01,Shoplifting,-0.090553,51.518948,54,0
c73be459ba365c4c7e4a4382f641337ded791e5dd67eaf73a70f251419fd7402,2025-08-01,Shoplifting,-0.090553,51.518948,54,0
a3df0d67bf4116c53b053a31d3396186cb46eeb638566e2d3a675af20f6aa04f,2025-08-01,Shoplifting,-0.090553,51.518948,54,0
75da1c93739384a1e362eacc8542498947f60326a5f3b79246a8644e62958d97,2025-08-01,Shoplifting,-0.090553,51.518948,54,0
2809382ef3bf26ac83d4a7d20344db656049b7094c8af2855bbbd0751ee802cd,2025-08-01,Shoplifting,-0.090553,51.518948,54,0
9440f2c80103c2be18a755e5ae144abcb4f66bb5234cbff2a337905786504a22,2025-08-01,Shoplifting,-0.090553,51.518948,54,0
7c5c60a1ae62ccab617f28a3740c96faf8e39ceb867250844c7ac0058a204d4a,2025-08-01,Shoplifting,-0.090553,51.518948,54,0
561deef58a3e588af0039fcaf69c5a6002e486942cd996f8c3643371e37eae6b,2025-08-01,Shoplifting,-0.090553,51.518948,54,0
2ccc2164ffe59743f5bb9d432bbed610351d41118f2c975b1238716b8c5fefe7,2025-08-01,Shoplifting,-0.090553,51.518948,54,0
109628bd62758deb2ab300da1f1aa01d9e1fb184cd04f7b683a801d7a931b9eb,2025-08-01,Theft from the person,-0.090105,51.520001,66,0
892bae26228c7376dd02cecb2f9342ac80dc9e6d98a42fa6d55e98921253f0eb,2025-08-01,Theft from the person,-0.095704,51.516747,41,0
614ca42a83321cf93eb08f8055e8cc99c0f65735d6251b52b5330f92c3d09d93,2025-08-01,Vehicle crime,-0.092971,51.516271,41,0
11c06ff39ceb98ab1b18f331e25415dfdb60ab1bb2b4c8baea374f93c2c8b7b2,2025-08-01,Violence and sexual offences,-0.093886,51.518166,53,0
,2025-08-01,Anti-social behaviour,-0.096114,51.520747,65,0
,2025-08-01,Anti-social behaviour,-0.095258,51.520526,65,0
3bb50e42f0565b4a907a5b2569df2b19bcf276cef07648cc1cfcc71c3571d67c,2025-08-01,Bicycle theft,-0.096984,51.522426,76,0
ceb76f562fbb5d43c431988657981fd2858105a7f24a4c526ae2e822e0f41842,2025-08-01,Burglary,-0.095758,51.521667,77,0
21e453a86520df48b40ca62bafcda8e213c40d749b365ca88e517a39a7a8a870,2025-08-01,Drugs,-0.096984,51.522426,76,0
e817263560290c7f3ca601a66504d5841bc8d961d3b0d819f192e7152c89acca,2025-08-01,Drugs,-0.094932,51.522823,77,0
5fa967f1e8ab92d0d72d50d05c97c2763bbb9e1bd5acd8d3bae3664bd77b1640,2025-08-01,Drugs,-0.094932,51.522823,77,0
40bed47964fd4a01035ea60d4a4a29515c292cbd2f01090ec4ffeb211fe22a8a,2025-08-01,Drugs,-0.095758,51.521667,77,0
d5468c730f7104aeed11fd413056232feaca9322feea58008a76d2aa862719b2,2025-08-01,Drugs,-0.094932,51.522823,77,0
559b8e091932dd50363d26ceca89bcb3dc573512ceb13a692b7a12fa78394a51,2025-08-01,Drugs,-0.095758,51.521667,77,0
89c0252f0337a15fb946db838629f908ba3128e80dd7d6b7c425aac51fd41ab8,2025-08-01,Theft from the person,-0.096984,51.522426,76,0
1957b7d0f8fbb68264ebcd41200043c6fc8a8a76566b6625a882f106a61418f9,2025-08-01,Theft from the person,-0.095758,51.521667,77,0
5ffb32d53e97d74cbcc5b6d9ba50894529b79393f3361b835460bfa84bf29d5a,2025-08-01,Theft from the person,-0.094017,51.520901,65,0
a6d1c1e3c1205f5dc9fdf29b79f8374502fd66888e32537ea743ba109b9f8d79,2025-08-01,Theft from the person,-0.095758,51.521667,77,0
d5fce3927cfad91949b4adc6ad279b76b33cf1477e24e396e188bc6633a81de7,2025-08-01,Theft from the person,-0.094759,51.521435,77,0
9b9d20a5d338768fc92b180460c39791add2aef433817feb2626509881231f28,2025-08-01,Theft from the person,-0.094017,51.520901,65,0
061cd02f1bafc6f9d0b80dfa3ba04691cb032deb4e02e8209f2bc402f95eaad6,2025-08-01,Theft from the person,-0.096984,51.522426,76,0
236321de3fdc2cb41e7773506b00d4ee0dc5fe776bc480010d24402ed5f7eeaf,2025-08-01,Theft from the person,-0.095758,51.521667,77,0
f64ec92e718f10ed70809bc7e6c9f3d6ba12b89167d0a1aa13ec101d628ad154,2025-08-01,Violence and sexual offences,-0.097706,51.522652,76,0
46fe3afcd305fc33f0179c0bac7ee8a724eeeaedb76786271325379c4acb368c,2025-08-01,Bicycle theft,-0.07433,51.513647,35,0
e9cc06926e7037cb5d1ace7df3449c016431d11d07509f77d6146a165084c42e,2025-08-01,Bicycle theft,-0.073103,51.511981,23,0
8e8f815801404ba96afbbd73fecd388934008caa7da92f9cb25dca0ebe2e95f2,2025-08-01,Bicycle theft,-0.07433,51.513647,35,0
07964d6f8bab5b4e5ec71187ece9f3b316d84f4dd55c1d85fe95f0834fc74881,2025-08-01,Bicycle theft,-0.07433,51.513647,35,0
3f72f7eed03e9b41b2e9def05e1b7913c54d211b54582e2a1dcde0b9b34f78d1,2025-08-01,Burglary,-0.076145,51.512642,34,1
bd48aa7e615843e780776a4f6194b419093a4b583f4f199a7daf6dadef3b4d15,2025-08-01,Criminal damage and arson,-0.07508,51.512625,34,1
ce69c348d3b366874a441f1a82abdf6bc7b99437979b48103cfcfe75ac5597ff,2025-08-01,Criminal damage and arson,-0.073704,51.511748,23,0
6cb51b1bb15d41500834fae6f97ffc812e5dff4d74abf2c1bb037fade17052b5,2025-08-01,Drugs,-0.07433,51.513647,35,0
5f5dab6dd4dfc9199f5fd2713ab9c960ce1046028b05e6038192af07310b1aa6,2025-08-01,Other theft,-0.07508,51.512625,34,1
69ebb91b9c3632ccc97e961dae03a05eafc0ac19841fc50ec53a3be9ffb12a08,2025-08-01,Other theft,-0.075401,51.511164,22,1
5971aee298e7f82960367d5536c954e94e27f92dec6b4a2d4e0e27be395ccca3,2025-08-01,Other theft,-0.07508,51.512625,34,1
20d53cc12b9b1abffd82c27994e0f0cc0beab5d9a1c4ce4b60b2dc56b2bb9a1c,2025-08-01,Other theft,-0.07508,51.512625,34,1
538e3b8815a6004d0275749ba1452d7bf54f395ad8e7ef6a46c226e7f6736ed5,2025-08-01,Other theft,-0.075922,51.515894,46,0
ca75118329da60905ac64afd332461130fda85ce4902d654f7c724ba4b4c774e,2025-08-01,Other theft,-0.075453,51.511965,22,1
6177597df6f24476d940ca23ed9e82cdf6fca87648c8740579189c1a3988ffdf,2025-08-01,Other theft,-0.075866,51.511406,22,1
294444d04664d25223704f66791bf4bd56231e238bbcccb296a6ff26c82d9b9a,2025-08-01,Other theft,-0.078783,51.515383,45,0
bdd1cbce30ec98bb96321430587c44488fb73310a718cb0922d9bca3e51dcd18,2025-08-01,Other theft,-0.077511,51.515812,46,0
84437c106fa2069fd0c33e70e0914c9c736348a2ce3550dee3a04975f48fd9a2,2025-08-01,Other theft,-0.074925,51.514924,46,0
fefeba026a46ca1868b6d0876d9461d9dc5d20cb0b621b530d2810bc44ddb013,2025-08-01,Public order,-0.075453,51.511965,22,1
0371ad065800b2cb069d9c2ae0272f3ab4cebc2effa10b5a04f5304e2f3d7870,2025-08-01,Public order,-0.07508,51.512625,34,1
68c679a166c80326c4a78cd92e79254d63643528ef81f3188cad8ee77d549471,2025-08-01,Robbery,-0.07433,51.513647,35,0
18ac9a4388b7f7279d8fbf34c0f0ba85e68fd0d9c3d623d814232a3edc8d4366,2025-08-01,Shoplifting,-0.075401,51.511164,22,1
8b35c3bc4ca2005de75f6c46850188c164b9990b239de3ed1e7ddd6ca275c500,2025-08-01,Shoplifting,-0.07433,51.513647,35,0
b4440b2de9fdf0215b1be5e11867abd396f2385b57fe44a9773094be2806b404,2025-08-01,Theft from the person,-0.073704,51.511748,23,0
055d92713050346a2a16c4cb1b203bd7b73d23e8fa7045b9a15dcee1c7eed781,2025-08-01,Theft from the person,-0.07433,51.513647,35,0
f7979b00b013e10bfab5f0712f7dc59efd60c125e8ac380221003457044b2d96,2025-08-01,Theft from the person,-0.074253,51.511037,23,0
0362e1a5206114c92780c5393194acd5fe9a06eddcfe5961de677d08b4657ea7,2025-08-01,Theft from the person,-0.076145,51.512642,34,1
763000b3f5bcae19032cca129f20b40f57845043e41b03e9e162c1526d39bc2b,2025-08-01,Vehicle crime,-0.075453,51.511965,22,1
6d432049bc2d2cc719b9e0173645cf49df0f207037e71d0be2898acb1d07391d,2025-08-01,Vehicle crime,-0.075453,51.511965,22,1
533090212b4454ae13d3bc9b958ea56d96f00ccea53ca429e7ff08629ff0fcc5,2025-08-01,Violence and sexual offences,-0.074925,51.514924,46,0
c01ea50891843b7961a96a528c05056dd27adb9d7ef46e82a45d2cb2b4f5f786,2025-08-01,Violence and sexual offences,-0.076145,51.512642,34,1
d05f6457704f2ff26c54e30abe90ed713861cc1f2c6c9db8e84cc7a00af3ffae,2025-08-01,Violence and sexual offences,-0.078783,51.515383,45,0
3f813ca6d832a631cf047ce28fb6757247bcee4e2b4ec3991bf2769f0b0948e6,2025-08-01,Violence and sexual offences,-0.075453,51.511965,22,1
6f576e65e90ee19713c7b913f558ff105745b1e291fd018edb1094a0360dd466,2025-08-01,Violence and sexual offences,-0.07508,51.512625,34,1
565fcb31f96785278dc819ec9726f1cc57c085a2aee9b35aa242a7c007d546fc,2025-08-01,Violence and sexual offences,-0.075453,51.511965,22,1
c9e8b1d43491a667b48a8ea9ec56fbe8e5d12af9ee42223700c9e29e63b1f642,2025-08-01,Violence and sexual offences,-0.078883,51.515385,45,0
5a7a5a979ecc611eb2e2f4c840d75e5b72ae1b467b7e79cd9f534f4afe0a3e2c,2025-08-01,Violence and sexual offences,-0.074925,51.514924,46,0
5a437255e37246d112bf197fff7b21515851a00683f29637882b642f9e80bcc3,2025-08-01,Violence and sexual offences,-0.07433,51.513647,35,0
2e2047e3e94250d5c21a11352c53737b90c77df109eb8d13dfe5ee4e6c0ee177,2025-08-01,Violence and sexual offences,-0.077511,51.515812,46,0
20c136d3a3f5283f13da8a7e95decd75e9ed04094ad9b3375ea43e04c693e4b2,2025-08-01,Violence and sexual offences,-0.074925,51.514924,46,0
4c3e2d131206cce744300f9ae3f38e83aee93623a535dca45c146ee95e5df71d,2025-08-01,Violence and sexual offences,-0.074925,51.514924,46,0
,2025-08-01,Anti-social behaviour,-0.090578,51.509722,6,0
,2025-08-01,Anti-social behaviour,-0.084844,51.510725,20,1
,2025-08-01,Anti-social behaviour,-0.086815,51.517007,55,1
,2025-08-01,Anti-social behaviour,-0.09154,51.511896,18,0
,2025-08-01,Anti-social behaviour,-0.092531,51.512658,30,1
,2025-08-01,Anti-social behaviour,-0.081113,51.516869,57,1
,2025-08-01,Anti-social behaviour,-0.092633,51.509872,6,0
,2025-08-01,Anti-social behaviour,-0.088785,51.517102,55,1
,2025-08-01,Anti-social behaviour,-0.104276,51.513712,26,0
968ca1f0dd16d5088598e7ef4c9dcbb459aa270588b708cb9c6ea885c1e4be56,2025-08-01,Bicycle theft,-0.087772,51.510665,19,0
faefaeabeec3ab9a94c7435f812143955cd8358955972edad2f8b793eba80261,2025-08-01,Bicycle theft,-0.0836,51.509797,8,0
669910d6c77ded93269c1f1893885c46b84276cc85dec1791509d07b997bb16d,2025-08-01,Bicycle theft,-0.100588,51.512636,27,1
915c68c935e1b809e051f8383f8f747f1b146861c55a8d3c26aa509df8a556bd,2025-08-01,Bicycle theft,-0.087157,51.512624,31,0
528857ea80ef784527650de60789657c3b1364d5aab22556719cbdbd82b99949,2025-08-01,Bicycle theft,-0.082993,51.51636,44,1
70b3ace324fc5c951d9801b033a1a6ba523e4413e471ec6e6446d10b5ad57251,2025-08-01,Bicycle theft,-0.083349,51.51483,44,1
7a01e2d96aab0667b9e4606309688c621f68d42dff32346175f4b1cea761b848,2025-08-01,Bicycle theft,-0.092036,51.511049,18,0
49a1f823e64313f98dc69fbfddfb49c4e77fcb9cf98593c3e59dbaf84a46305b,2025-08-01,Bicycle theft,-0.089208,51.509744,6,0
7b5d29b4bc83dcd2d6c86f4baf27b938dbb6e517acd2bf0d35faee9fe6a7fe99,2025-08-01,Bicycle theft,-0.084836,51.511939,20,1
3f5c296d79926ebb792c77c178a12c2e7b870e50bf945ba2f5c1a17add01aa3c,2025-08-01,Bicycle theft,-0.09154,51.511896,18,0
3868fd2606cba56abf8e7b9e058dfd6608ede8e9607c02519a0e3ffcb14ff9fb,2025-08-01,Bicycle theft,-0.079521,51.511196,21,0
c77544c5f998a5844c0aa2959b0db8c41d173e8e517eb0ec3b55c639aa82b973,2025-08-01,Bicycle theft,-0.079196,51.513789,33,0
39e31f719ffeb6f9f548b6be8a807eb7ac0eae6f046be70cf48c571d1d32ac80,2025-08-01,Bicycle theft,-0.09154,51.511896,18,0
69feb08df645b7fc4b5a01e317f1d9628aafe4365d2a287025730a0d67373a42,2025-08-01,Bicycle theft,-0.09141,51.510167,18,0
bfa61983a7f77df7f9e47c5474a817c37efabf82cc48c29e95eab2a41065f8b1,2025-08-01,Bicycle theft,-0.084836,51.511939,20,1
a73e1a928a2ff5fb6cb05d1c335db4c45d4991fb85192de0548982273629a60d,2025-08-01,Bicycle theft,-0.089479,51.510864,18,0
1750191953f65a0003897040811f65260de27c240d23ca13cb1465193a098eb6,2025-08-01,Bicycle theft,-0.084844,51.510725,20,1
47c052c358156eed77e9bec00a5e3121ca66423f07957cb74b5c98697f9017af,2025-08-01,Bicycle theft,-0.084754,51.512882,32,1
19b4c54533c09a2b9dd5e4a975c616bd65ab2a82af529a799357e837c8ce1525,2025-08-01,Bicycle theft,-0.079838,51.514267,33,0
82b474954c2e6ae9f9a74e67bfd87af8169db70fba6c9d2915f832851a21bfda,2025-08-01,Bicycle theft,-0.085089,51.512105,20,1
a719a2023fceda2fcc0d07988d4045f71f08dafb57223135d49e2a27469466b4,2025-08-01,Bicycle theft,-0.084836,51.511939,20,1
1a8e96b1f54e599ad410ee1b0868213ec8db65c01e04c950b9d86bca97923e60,2025-08-01,Bicycle theft,-0.079838,51.514267,33,0
7c819c4bb276e1e1d4e6df76fe1923f5a540ac210cd749d83cfba93fd5cf27de,2025-08-01,Bicycle theft,-0.100588,51.512636,27,1
c6cd1a921b5985bdc732ed37816b2d20253cb38663e15dd42a815b3968865b29,2025-08-01,Burglary,-0.082993,51.51636,44,1
9735f8011ba4129f363826613becb356021190005743e22d75ccb800653e06f7,2025-08-01,Burglary,-0.084836,51.511939,20,1
abada3dec0022e66c711707deb5ffb1fef82f0548c633c6bfd36db04b81bdb43,2025-08-01,Burglary,-0.084754,51.512882,32,1
cb0aec26ae08b1e53f7e061b025159b2cb88d230d3d1897d0a7f5b86316bebfd,2025-08-01,Burglary,-0.081902,51.517296,57,1
54df66310a543d4a20310ef422c2d6d2275ee5a48e1c5d2a896f45b01d35574b,2025-08-01,Burglary,-0.07707,51.510877,22,1
a59dd006f874b115463f9d7e70372e9d9555ee2800690a419bec016872e97fa9,2025-08-01,Burglary,-0.084559,51.510316,20,1
93680d264e3d83f39c5a623c2d3aea5e1d1466a3980c4099827303dd82c06d65,2025-08-01,Burglary,-0.084559,51.510316,20,1
d2b6e9b6893db8c4c1b25aff7c0291c1c944da82a0a88056fb9d2e3f339a6585,2025-08-01,Burglary,-0.084559,51.510316,20,1
b9ee34854c3cc7c4f8b80ae8698762bb213180e2c12d7415b367f7f6d8d04aaf,2025-08-01,Burglary,-0.084559,51.510316,20,1
02b295fbef1c07b70b66b33164fcf2fea731f8c0636b4550cd15e976b6ddee02,2025-08-01,Burglary,-0.101589,51.513515,27,1
061c0138c89cbef59b139a3b68b13b7266322488a0a2af1886722f04a4ec51f3,2025-08-01,Burglary,-0.08491,51.512588,32,1
e887c0a70950dc92482b93198cd9a0eb2ddcfb3aba38cc9515fcff33c2db1abc,2025-08-01,Burglary,-0.100888,51.514448,27,1
df49ffb2f6a761de0e981bd28b0102936c83862d86d29fc30b108dbc57cbeef7,2025-08-01,Burglary,-0.083349,51.51483,44,1
3dcc2f9b562fd505bd64f870793ef479ba00a515e07663f99f5292fbc4453f59,2025-08-01,Burglary,-0.101589,51.513515,27,1
f65d0534ad05b3c6875eaa21ecddb5bd12321e7dba68126b065c223cf1ca16dc,2025-08-01,Burglary,-0.078059,51.509967,10,0
c216ec53cd7756b632e93f1ea88838ea9e338e06bf7b71d331593ce26f155224,2025-08-01,Burglary,-0.083349,51.51483,44,1
79056a00b7300d91227c2424c86ab6534b757bbf1bcbc58b65c5576295cd9d1c,2025-08-01,Burglary,-0.079521,51.511196,21,0
1356dfa8d28d121cd763d70d09dbfbf8da43f1b231caee84d45511e194ec5c14,2025-08-01,Burglary,-0.092036,51.511049,18,0
d8f10e7702a186fd4a4a2fb34db81e2ca87820892ab102d3b3c75fbe22a377de,2025-08-01,Burglary,-0.084559,51.510316,20,1
eb6c2a6a8451aae212c919ec9b20533dd478459f0940b606ed4c78f8dfdba69a,2025-08-01,Burglary,-0.083349,51.51483,44,1
8d32151e65874023b9143d7c89f2b4d2d7105de8c9deb61cc3b982755087f597,2025-08-01,Burglary,-0.102847,51.512717,27,1
d15c0d569d7b8b1aadbbcd1e79d69d2eb67437e7588ccc9c04314c6f07c33d7f,2025-08-01,Burglary,-0.082993,51.51636,44,1
ee79ce32e5cc109885b40e396b59226058e0de356a07506fdfe554867038af3d,2025-08-01,Burglary,-0.08491,51.512588,32,1
c3e8ca6f0dea449c6cf1d1a65dfd958cc079b46495b1cbd659796a1275a74e78,2025-08-01,Criminal damage and arson,-0.091823,51.514427,30,1
4e4350311ed46525e30c7fd711bd4a23784dc77a20c10b6f6d7c266dcc444758,2025-08-01,Criminal damage and arson,-0.091823,51.514427,30,1
42bb2bd8b715d398a10e783581bd6527e513e674a44846ed8d63304e7e9d4059,2025-08-01,Criminal damage and arson,-0.081512,51.518692,57,1
73db25d6f1c41ef9c55aef4d70920b38254ee5b835a13b79a6b270232730cd70,2025-08-01,Criminal damage and arson,-0.089808,51.517461,54,0
488b1de9f063adaecff130169b9003ff25bbcc55a793a487af212640d62e9a0b,2025-08-01,Criminal damage and arson,-0.086019,51.513631,31,0
1f23eaaba43ab7a8cc1d024858493ee95679821ec0797c44ff479e7a3114f803,2025-08-01,Criminal damage and arson,-0.078755,51.51844,57,1
a3ea9d2afcc1529c9dcc4d13df7913a059d368778351866a549562c716fe3012,2025-08-01,Criminal damage and arson,-0.081512,51.518692,57,1
422261329873a7b1cc447af50ebf885602197628a76933ff0afbe0ec4b759e60,2025-08-01,Criminal damage and arson,-0.100888,51.514448,27,1
3a2b91b1fdf1d73a46a645d18590f9a8ae1815b9ef7ac750085d612a9da72ddc,2025-08-01,Criminal damage and arson,-0.078059,51.509967,10,0
dc7697f4bb918b3eb38985bc286a13dc39915ec9088fa33dc8363f32fceae557,2025-08-01,Criminal damage and arson,-0.09407,51.513079,29,1
14a57010070c09969f56d1be81113a4c4e7914328ca8ca9dc9b9b8394f50e380,2025-08-01,Criminal damage and arson,-0.095924,51.513882,29,1
4c031da2a79b602439a68009c688c5f37f866c8aa856d2af8eb100352b2d3884,2025-08-01,Criminal damage and arson,-0.092633,51.509872,6,0
2e787581443319ccfae1b30c96e3574c4de842255c4a03c39c5887db0e1dfe92,2025-08-01,Criminal damage and arson,-0.095764,51.512549,29,1
97d0e3578341fba5163e278685a2c63b2e9dbd8843d51de81a0becabe85c9ba5,2025-08-01,Criminal damage and arson,-0.089208,51.509744,6,0
962718be91cd547c0f7ffb3dd0455e389a4e0768a061b415ea6c47c2c3ae6972,2025-08-01,Criminal damage and arson,-0.095224,51.513736,29,1
1eb1c025053dcd804723814d4d0fe3e22be5fa15b9d0f832d52970875bccae05,2025-08-01,Criminal damage and arson,-0.079907,51.517785,57,1
80c58c24b040644558879bedc67e6cd1374b2f77c217834199e129d9210aa691,2025-08-01,Criminal damage and arson,-0.089208,51.509744,6,0
03898eabbf875c0bd20fc92d5f2dcecbcf84bcdf20e48dfe15a3ee5b0f35e253,2025-08-01,Criminal damage and arson,-0.088456,51.514975,43,0
994699e64c273343bbac49a1c45356d01bf400c289495187c68f0a29ec6b824a,2025-08-01,Drugs,-0.089822,51.516103,42,0
85e1f14b94a8280e5fec0e2c0332fa918d24655662477af942e4feeed08f804b,2025-08-01,Drugs,-0.097176,51.510836,16,0
b53a434f0fc5f01a3dcdba06b4e57fe768590428f6ed9218cd039fc6b4ececc0,2025-08-01,Drugs,-0.081902,51.517296,57,1
4ab371879b7d4362059dfaace4f4a575ab4157dc8ad135ef8d3f40cbdf4ccf41,2025-08-01,Drugs,-0.079907,51.517785,57,1
54ddb27daa5716eb70f4dffd18e5aa090bae1cc51129f8fb5feba7ca9ee410c2,2025-08-01,Drugs,-0.078894,51.520951,69,0
83f6bd1867a56134f086ec099309cddd270d0025545cb0a61e26673395fedf51,2025-08-01,Drugs,-0.079883,51.517326,57,1
f6f1558c61beef98e4f4fa97d4187b22226c2d498de0862c6d9e0b984f7002f1,2025-08-01,Drugs,-0.095224,51.513736,29,1
dee674fe92076063bf44b2dff2423b5726a2da7ead1018e4601bb774f19d070a,2025-08-01,Drugs,-0.091823,51.514427,30,1
4e98a8ae59fbd9ed7baabcf3834e11041dac7e43be6b8f7611881fd6e4d6bba3,2025-08-01,Drugs,-0.088785,51.517102,55,1
224719957cd97d3fdd6a90f47b3fae3d0017800363402be1a6122d25482e74bd,2025-08-01,Drugs,-0.095224,51.513736,29,1
f9b0593d3974b44afabb674f270c6a0c7931b6352695dcdb3c22cc8ba103efb0,2025-08-01,Drugs,-0.077563,51.517656,58,0
6edc6faa933b3644f591e16f7e6933e71ef3828dca384858d5549812dbbb019d,2025-08-01,Drugs,-0.101292,51.51477,39,0
887c881d7179bef637c7831f2f6032dc7022321467e9f4c4470088fde2d2a220,2025-08-01,Drugs,-0.088456,51.514975,43,0
6bfb3eb3e54c5d135af5c048868ddbbf7e77e8aeb54962af9dd63089623f8446,2025-08-01,Drugs,-0.09154,51.511896,18,0
c8f716c5decae96cee5726de31991bebc886693985901e12a9aeddaf28419861,2025-08-01,Drugs,-0.078755,51.51844,57,1
ea96d26511e68b110b2a3b641b0f9501d3fd49aaaa047c058951cc2718528ff9,2025-08-01,Drugs,-0.081643,51.51007,21,0
a615e9bf53fba4b1873cd459c702c54fd7280033f70f41b40fe3816bf9fb01d7,2025-08-01,Drugs,-0.100888,51.514448,27,1
69163a91bcdf858dc45c0938034d067e5b752172290fa147d515361f647dbd19,2025-08-01,Drugs,-0.089808,51.517461,54,0
88accf4f03d5320accfb7abf5b002a69a6358fbb6980f02e5495e1c1bf2aea15,2025-08-01,Drugs,-0.089808,51.517461,54,0
dcba2356addf8846bdb9eccc8fbfee0c805b2b3c31375134c1b21bcc021f9360,2025-08-01,Drugs,-0.083349,51.51483,44,1
08917ba8b0d0c7677b5ab0f1f0b69b246f6bfc455a5672866b9dd88fcded595b,2025-08-01,Drugs,-0.096501,51.513874,28,0
dd8773e3916dd6bce59f16a9a65fc8948e3f77c593e5b76c7a00500ce4fcf7c4,2025-08-01,Drugs,-0.095054,51.510559,17,0
1a4dfd5c0fead33ab8846b39518aec4862d0b784e0850806962473ba55ee1ac9,2025-08-01,Other theft,-0.083977,51.510441,20,1
c8c8fb0571cee1dcd95537645e8f7c84c204c4cff2e47b5fea14b9fa9deb4d18,2025-08-01,Other theft,-0.101589,51.513515,27,1
409ddf21e52879883db95298d24f84aab07dcd5e16472541ddedf316e4cb0a49,2025-08-01,Other theft,-0.085089,51.512105,20,1
166abdcbbb747689bbf58d84daa0ea67570f909610be285220aa42b430beb40c,2025-08-01,Other theft,-0.087873,51.516503,43,0
756986ee12bfa19701620aea7bc92005a9e73a0e437303a8a781917e87ed1e33,2025-08-01,Other theft,-0.079907,51.517785,57,1
ed25300e825ac6a1315069a1383150897fd6ef64deae70546706c5d0f143a5f7,2025-08-01,Other theft,-0.089208,51.509744,6,0
39ccd0e134c7472e4b1d8db0e896746e6861799193aa7c57d748250d75841043,2025-08-01,Other theft,-0.09407,51.513079,29,1
76c3015c51485687a87da5f85511ee2d849fa62f3fe3f66743440f47d7cb3a50,2025-08-01,Other theft,-0.082993,51.51636,44,1
f081b279f5c9afd02f01b08fa2d71f5f60e85b1b4c800b684120b7d4d2154b2d,2025-08-01,Other theft,-0.081113,51.516869,57,1
285a199efc97eeb4f9cba1ae42b3b8cf5fc70ef75f169dbb7ab079803e3a622f,2025-08-01,Other theft,-0.079127,51.509607,9,0
d273593976219b5d32686777bad502311c550d17c4e0012d35dfd73361bca9b6,2025-08-01,Other theft,-0.09154,51.511896,18,0
1628c875914335aad5f037f1e2513f0ea7ed929d9b587ae62e047f5a14438291,2025-08-01,Other theft,-0.081113,51.516869,57,1
ce0d17a18d88e2ae87f8344f4b3739b6912618d963f86de4593a108af81436c1,2025-08-01,Other theft,-0.089208,51.509744,6,0
845d2d539d2be7f609169e6bfe100039d6fe05cab68db255d8aaa3379f95e706,2025-08-01,Other theft,-0.090578,51.509722,6,0
a7dc5c03939f775b59268abb7966a5c5624655d6670d42714366a897e6edf087,2025-08-01,Other theft,-0.090578,51.509722,6,0
fb647d700879995d12c6350ef15bf851922bc466c5b897eb94f4fe1eb0292217,2025-08-01,Other theft,-0.084754,51.512882,32,1
0c0262c3564989b6731ea1c8e1e4faa558487d7c638c2dcc2a314a92f8d3eb14,2025-08-01,Other theft,-0.087772,51.510665,19,0
bf8444898e4966bc75756b8450464b38b4697b5b20385e1ed08af9935dc55e2a,2025-08-01,Other theft,-0.100201,51.513286,27,1
b1cee77ad666562c16fe759da96676224be72027b80e81bf3037da73659e356e,2025-08-01,Other theft,-0.09154,51.511896,18,0
4da60960d9821db030a8ee88af811a00ce43c88c4e0c8c110d3ffa64822c926a,2025-08-01,Other theft,-0.077959,51.511332,22,1
fa60f8b71f9aec0949d760d7c40607561a776315b9c4bc9e68a74925410c9a0f,2025-08-01,Other theft,-0.0949,51.513209,29,1
ef17deb7fedb9ce607599151348b6a097463d7140a37e296d33fba15e59109e5,2025-08-01,Other theft,-0.100201,51.513286,27,1
ef6f20432c0f2ddfc691c38c07a3d5a077011543da5856cc1fc5f4b1a3a30f92,2025-08-01,Other theft,-0.084844,51.510725,20,1
a570d28b7a47aa34dbe6fcfef489032c83518f38b751574551ebf0a49b826b2e,2025-08-01,Other theft,-0.081902,51.517296,57,1
817e5eb81f131a4da701c055404b734c20decefbc9c61066ab6587b6867c9356,2025-08-01,Other theft,-0.081902,51.517296,57,1
4c077121a548efd46c0ca1b27ffc4367e2210a632a14bd33293f0404e1055b5d,2025-08-01,Other theft,-0.085228,51.51119,20,1
b9ffd9209d88df9314e4b8789c5695f8db2fab7e39c180e8f95c2eee674b434d,2025-08-01,Other theft,-0.095054,51.510559,17,0
8fe7b059d05cabecfbaa94b91f0ff1ae275adec67ce978c8d105b35e4ec48386,2025-08-01,Other theft,-0.084844,51.510725,20,1
a5407fe1182225cfccad32c63ca51fb024816111bf2b57f3102174ca73a3372b,2025-08-01,Other theft,-0.095224,51.513736,29,1
489b9fc29f0d58742c71777b8fa82c12d5b0ef42969add7751a5c1ab64f79452,2025-08-01,Other theft,-0.084754,51.512882,32,1
12ca99c189c15ddd5cdfd549f37f2bbd436ec7756132013686c4b30f1e1e9d7e,2025-08-01,Other theft,-0.090578,51.509722,6,0
3e0f30731ab275cb347eefa8c38ac1a0508bd0ca93b64daab2fb86d86bfa7cd8,2025-08-01,Other theft,-0.083977,51.510441,20,1
636005a99775f43e98648f20a9c3e8009855dd71bd36b9e55c409a1d7977c8b9,2025-08-01,Other theft,-0.081113,51.516869,57,1
48a98db6a35372808039a6bc41158e9cb8a84150a7979aab917c6ca04675524a,2025-08-01,Other theft,-0.085228,51.51119,20,1
3a60cdea0e8dbf39895400e70f13b1f71dfa78596a7d136eaed380278712a2ef,2025-08-01,Other theft,-0.081113,51.516869,57,1
b24810e518f4a8a3db778ff370096091062a1217cd9779ec3bd9ae2b3401773a,2025-08-01,Other theft,-0.089208,51.509744,6,0
94bce979847a5948f19d4bad4f8e739c80a2b6da53feddd42b1a7a4ace4ea470,2025-08-01,Other theft,-0.084836,51.511939,20,1
f09007d3ad56719c78991feeb4b00ef20380bb8712e312a630613c351dadbae7,2025-08-01,Other theft,-0.081113,51.516869,57,1
a7e6c7d883977d9161a52803b2ef75bf899044ee2da93b03de8cba4ed0ad320c,2025-08-01,Other theft,-0.09407,51.513079,29,1
973224d7193cc173d84083a3a94e78b65198b95ddb9ae8687f699772b584adae,2025-08-01,Other theft,-0.088785,51.517102,55,1
a9002b8baa2cfed7742424b40410cf3fe5445db7d133aac2a7a0dbf03e8f54f8,2025-08-01,Other theft,-0.088785,51.517102,55,1
178c15d554901f9bc30b1bc4736ad270cfb942d1c4f5f5445b9c5dffd3904704,2025-08-01,Other theft,-0.080365,51.508943,9,0
fab3993318cd6794bbd95498f76b7669b6d131a79bcc6b14673ba428c2a6965f,2025-08-01,Other theft,-0.089208,51.509744,6,0
311c571daf0255d70e99b64ddbd4c48d484c973b310416765c2f62afcca07e2c,2025-08-01,Other theft,-0.082133,51.515222,44,1
03bba6c3b34023d9ea9fdf721179a530a97bf51681176276aad587134bdc6d5b,2025-08-01,Other theft,-0.079883,51.517326,57,1
16a402e9a749bf4622b76a5cc1becfcbe35cad77071f424ffc15dc843e8f9dd9,2025-08-01,Other theft,-0.08491,51.512588,32,1
4d494111853535fa716438d091488d8a2de064600d23c7478e95eeb30893d884,2025-08-01,Other theft,-0.097291,51.514626,40,1
36be72de664fe626cd51086f99399d14c0df215beab9b5a481b0eedc7ac9130f,2025-08-01,Other theft,-0.102134,51.513929,27,1
976cdd01e6287433d696f4e201705feac35fc8b13ac1f22c5fd2e67e37412661,2025-08-01,Other theft,-0.081643,51.51007,21,0
41086a3be7b1d3487d72dcec0a513fb937167af212bdc9b7a384c5bb8959f8dc,2025-08-01,Other theft,-0.089208,51.509744,6,0
e011b49eeacc493bb8b2445550e8446d5696078d51f05343dea63ba7ce2e4dd8,2025-08-01,Other theft,-0.083349,51.51483,44,1
7982f82bea173a5e8ac39a2efb2b38ae6dd0e82b62fcbbc8000ea7658915bc3f,2025-08-01,Other theft,-0.084844,51.5097,8,0
c8ec7549943c93c5c7817c19e8879dfd9e97089c8a0ac6a30f2760f570bc482b,2025-08-01,Other theft,-0.0949,51.513209,29,1
8b1c9b181c76c19703504f10ef975184160f88f814805da8524f4e08dc2fe811,2025-08-01,Other theft,-0.090578,51.509722,6,0
5fd6aed725b9970264295b4a952c2bf4f9b30f465d1b108a5663e0b8e3d90a0d,2025-08-01,Other theft,-0.088785,51.517102,55,1
dd3d67ce3c147aad4fde6003f42aa425a5223cd67f4c1ee9762359d96a301416,2025-08-01,Other theft,-0.087157,51.512624,31,0
a9b953cf6a4b908a257b6f5f657215bded4f7f5c7d99806881a2a34dc427f509,2025-08-01,Other theft,-0.088456,51.514975,43,0
6986aa5f60a0c445066d7ffb8b1517ddd9560769439b2de057d2b0d2d5c7e5a9,2025-08-01,Other theft,-0.102134,51.513929,27,1
4ce27b4607a393feb63988f2e9b0f2d504e97d887767c0ffcb73d97aa91205aa,2025-08-01,Other theft,-0.085228,51.51119,20,1
104fbc8b261a258054b7e8e3f264dd65a9b26d0c01298261caf67163042ed982,2025-08-01,Other theft,-0.078477,51.509965,9,0
9b63740159ca2fe902463f6727070d76d668b0d92bf68c213534188809ef3cdb,2025-08-01,Other theft,-0.084836,51.511939,20,1
dfcf0e603491a83da078dac802cf804c7e14361c0a43fc77a6254036c8668025,2025-08-01,Other theft,-0.104276,51.513712,26,0
c918f0eb708853158224df12dd48383e11d49ea44d9f1bacd6ad4bc8ba470cb9,2025-08-01,Other theft,-0.083977,51.510441,20,1
73015a4ad67fec4eb6d94050af5b80402ec45875d38af0ce714c99bf312e8ba4,2025-08-01,Other theft,-0.09407,51.513079,29,1
bc352238ad2081d9c9f9416cf4d411eff42774d999a59b17784dcae82e54d2ed,2025-08-01,Other theft,-0.078278,51.513666,34,1
bd5b27014bfedde08fa31fdbf8604676ccd49daa599a5a70a136f3b85d9c35d9,2025-08-01,Other theft,-0.083977,51.510441,20,1
ea3b338a11b4a075bead010ceab8505678f63c78e1c98bf642c4038019733040,2025-08-01,Other theft,-0.091823,51.514427,30,1
79fae8a640d302ed44a97d2025d4eb8dd7e4af2d0413acdb13bb3ee797e89ffa,2025-08-01,Other theft,-0.09583,51.510967,17,0
0f985c5bae88c297a491d55a13341c5a022f21db39cd72ae0348da189dc53f99,2025-08-01,Other theft,-0.09154,51.511896,18,0
dd4debe6b61ea3aaa0d8d1a04de75d0e20e04778cbf702eaec58d0e0c9b1bb22,2025-08-01,Other theft,-0.079196,51.513789,33,0
f9a94794afebc0d3866ff4a111823e5ddf8a656899769a69bef49bfea774bb3f,2025-08-01,Other theft,-0.086019,51.513631,31,0
90b088ae1dbee971f8a15f23a8e22c3cccc5f28071463b9cad093b980a8b5872,2025-08-01,Other theft,-0.090578,51.509722,6,0
facb360a80168029e6bacba320ab9afec8a6076b74eefbc864dacaf192c095a9,2025-08-01,Other theft,-0.09154,51.511896,18,0
b8348622ff4fe14c0f9a7e84aa787c722460e5bd446443bfe8917f712be4b70f,2025-08-01,Other theft,-0.101393,51.512685,27,1
aadbb874b01c4450d546f709a809cd8793ba912201ec203410fbc4ac80f3583e,2025-08-01,Other theft,-0.101393,51.512685,27,1
bf0eccaaa5c2b15569be0f18b49e358f7ae8399fbbb4bcafcbba179364aefbcd,2025-08-01,Other theft,-0.081113,51.516869,57,1
3a6eddec1d89cab2f56afc5e02e31a85cd8d415af12e4c84d9063bba22911dd1,2025-08-01,Other theft,-0.084844,51.510725,20,1
e89a5e13a2ef2b753331891040e69945eebf9fe7c90e19c5c5535e25aa3cb9cd,2025-08-01,Other theft,-0.090578,51.509722,6,0
e4e7342becfeefd3e092ee0e62ec1f26a64cd8be8ac569e2c814010e3144fac7,2025-08-01,Other theft,-0.089208,51.509744,6,0
51b0509f8ae6a3d1cda8fed34b1a47390f22f64d4f245da81ff9ad7f10aef044,2025-08-01,Other theft,-0.089208,51.509744,6,0
00831d8a356af78f95a92cdd5ea6976169d80433cce34ae2d1e0b2962be61d94,2025-08-01,Other theft,-0.079907,51.517785,57,1
1746089d783821c25bf06015fc6f0c33f5a054a1385f0e09075b8545110d6b59,2025-08-01,Other theft,-0.092531,51.512658,30,1
d75ad366ac96dbcd67f1df709ccaddbc9eb24ebfc7f6306124cbbd2b047a0a10,2025-08-01,Other theft,-0.100201,51.513286,27,1
7f70716837fa5535228ed4f595a7f462217cc7497045d4eb050add6cfd9f3874,2025-08-01,Other theft,-0.088903,51.510836,19,0
eef8e8e8d241f08ffc1e5aced308def1ee37921350299d4b98bd89a07529ccb6,2025-08-01,Other theft,-0.081973,51.515948,45,0
9c082db3145220523552ee3620d4062441dca0edba286013489ee066e03de17c,2025-08-01,Other theft,-0.080448,51.520689,69,0
8829e3cf2f1c325529189852780b927d568dd0ac8db7373a59076b44c1f04d08,2025-08-01,Other theft,-0.089208,51.509744,6,0
332e292026605cd97ce045cb7e911d20b491480f3e0635ebd19c875b96ad1b85,2025-08-01,Other theft,-0.09407,51.513079,29,1
41b4f19dc393d1eba2282b71a0f4243e4de951c06917daae57e111f6fdec2c49,2025-08-01,Other theft,-0.087157,51.512624,31,0
0dd3151a9254a240a7e77554e1e91cfd191c5a632332fe1211adbda568d89f35,2025-08-01,Other theft,-0.09154,51.511896,18,0
1aa766022e316f8bfdc2b3de0572cbc37e8d83a83038041ad74122251cc75af9,2025-08-01,Other theft,-0.081902,51.517296,57,1
c70001ba0d343ef0464de73319e37f36c92121172cdae27ba2dade867f9787ba,2025-08-01,Other theft,-0.084836,51.511939,20,1
e756d097d01fcfdd74d461c37923995ffc64f07b7bee02f362f20e68be34961f,2025-08-01,Other theft,-0.081113,51.516869,57,1
cc34e63cae72b8fd198ddb05e4927a9cd7bf1bf419d15f6f131eb30665604b40,2025-08-01,Other theft,-0.100201,51.513286,27,1
9b5bb43b26e0ed60f967cf8938b8cd8ae244507ce7043e41ecdf303f9d56f4fd,2025-08-01,Other theft,-0.079138,51.508312,9,0
0691132e935ddba28b88084b8b152d487800581f845b3aaf86888419455e6481,2025-08-01,Other theft,-0.081113,51.516869,57,1
2d37d762fb27c66d04cbe80664cf8608f489388293c8a6c46e5aa3a3636f110d,2025-08-01,Other theft,-0.101589,51.513515,27,1
c373c41a26b3a61e72074262e4f8ad28d25351692d6bac311fbc0021f044c683,2025-08-01,Other theft,-0.078477,51.509965,9,0
21380089a4366c3062eba3e9e4909e06fd84ea9fd980d50767990f062082979d,2025-08-01,Other theft,-0.079521,51.511196,21,0
009bf1dffcfeb1850194e561909fef2f1945cc1f9fa7d1dcda66023bd1be1d81,2025-08-01,Other theft,-0.094699,51.51183,17,0
33a0b750130e2a32bbff89f71312ee24a764a469ce2421900e69491bf66c3739,2025-08-01,Other theft,-0.078278,51.513666,34,1
47a56dc12f9a72893424feab1f279db53035f34a47dfc06218ace28c4ad084fe,2025-08-01,Other theft,-0.083977,51.510441,20,1
c3d7590b1e6db3e937b41ea1ad55b534724537407413d4423e0fc88b93c6f46b,2025-08-01,Other theft,-0.079127,51.509607,9,0
778aebaa8d5e90e912766396fa3b52cf7bc997fd48093c52c54b02b4a159ce79,2025-08-01,Other theft,-0.077959,51.511332,22,1
d40552e6818b02d35dc863260deadc0f6a69cb351a0b711afda8918b3cd7fa55,2025-08-01,Other theft,-0.078755,51.51844,57,1
7a99cf4625b9e95edf933b478983248198dacde5b3440cf6300fd0a5e689f2ff,2025-08-01,Other theft,-0.089208,51.509744,6,0
6d76146f60d805444124c00f2737dbb32043c289774b5e05b4c32a6f42190a0f,2025-08-01,Other theft,-0.089479,51.510864,18,0
7d4dd0d29fe8241ca24143fb25f9e2ab474c4c52935e4826a5814d7cae95c021,2025-08-01,Other theft,-0.090578,51.509722,6,0
c929f934a161287d2373665aad6a1c761bef9b5ceac780d3bac624fe318bdd6b,2025-08-01,Other theft,-0.0836,51.509797,8,0
be52da1a50ae467b5ae2979e61d4beee7f8f9bf4a2ec026b3db972f080b6668b,2025-08-01,Other theft,-0.097291,51.514626,40,1
e30151786fdbbf990e1de7de7d9fd7ee1f08b724832709b4e811e5cd2a791696,2025-08-01,Other theft,-0.092531,51.512658,30,1
bd1d4359c1f3082b33686755efc3512dee23099fcec76a4c1947536798415c1f,2025-08-01,Other theft,-0.079127,51.509607,9,0
92a2c2dafc169b2fa43d3b8d1a8ca4b11b92cda708d8d7281df5a3af79ef3dfb,2025-08-01,Other theft,-0.081091,51.50882,9,0
cb441071c70355e51222421d27b36ac391a51a21d1769ddcbae5a12e5231e5a3,2025-08-01,Other theft,-0.081113,51.516869,57,1
4526c28419974acebde906919645ea926a7366b8f9992c9dff968701b773192c,2025-08-01,Other theft,-0.07707,51.510877,22,1
5df6270e90b6bb90215a5e3d501efc06a708e074df21f1a2c08c5438bcc53cd3,2025-08-01,Other theft,-0.079138,51.508312,9,0
7f1e8335802e3b97579b5a701da2a7247c35dc5cb589bd8951d06d824f2b95c1,2025-08-01,Other theft,-0.08491,51.512588,32,1
1ab3624adcafaa251b548a31c5264a01fa7d793a3387ff2b0e9252f2a03038d3,2025-08-01,Other theft,-0.086815,51.517007,55,1
b6b3290aa92a13b9e17943310817ae5fa5980eff8571b6ed6ee7bbe430397f9c,2025-08-01,Other theft,-0.087772,51.510665,19,0
d8fdf3e4514d59ea935afd3e736b9a444c2626c23f0bed6593822ae3db076571,2025-08-01,Other theft,-0.084754,51.512882,32,1
7ee676949565a5ec5b35d6b3fdd06c7268cdd85fd08255bf65f9ea40525236ac,2025-08-01,Other theft,-0.081113,51.516869,57,1
9cbb6275bf76454d3b2845ba6e909e08ce66a7f5fb2c2f9d28e7ac0ce4a60035,2025-08-01,Other theft,-0.084844,51.5097,8,0
2b6a4c86458631001139871130c00edb2f09286a5fc2c7ca8e8ad5dd8a03777c,2025-08-01,Other theft,-0.079838,51.514267,33,0
d2f6f90304a60e21a63ed1a3b658572074ba70f4988732a3c2b466cc3d44adb8,2025-08-01,Other theft,-0.084844,51.5097,8,0
f8e9c36166969d9f53d0f7aa998486d3ce6093e571611721f0186dfafd81e98c,2025-08-01,Other theft,-0.092531,51.512658,30,1
354dadb9e1c09dcc5d05860aab516da41a545371e51947e3d66559b2d0cbc6ef,2025-08-01,Other theft,-0.07707,51.510877,22,1
e8499d5c54a9156ba8a02eca594c66f931ce06222ed9cb8e115d78f6323c3e97,2025-08-01,Other theft,-0.090578,51.509722,6,0
2a9c2a670db20b3c2bf9d2aa5409e94cf5be023ea1f35b4076375e2c8c9e4dcd,2025-08-01,Public order,-0.084844,51.510725,20,1
1983ba7b4c710dd0162d34245d9ada4d6b0fe353e7748c41a489e0535ea8dc60,2025-08-01,Public order,-0.084844,51.510725,20,1
875a38370c135f1f29c02ca303049d6b34319adb7bb0f544e0cd071c39a271d9,2025-08-01,Public order,-0.091947,51.513188,30,1
7c95090444052f8af9952b0b69e223475118cf9529e1e9a42f8c82ac93b5ebf6,2025-08-01,Public order,-0.095224,51.513736,29,1
3851e06331247e57105be0f14059303301309c5de708ec88fd156a18e76b1a7b,2025-08-01,Public order,-0.07707,51.510877,22,1
fa4a95fa9f09b59e6854a98b40cd96f65ad0d3707a58d6de7166bfe81a6fe2d1,2025-08-01,Public order,-0.104276,51.513712,26,0
a54dc6c1ef1d147568d3f7e1a853c4af1a43801ecca5413745ae42946961ccef,2025-08-01,Public order,-0.088785,51.517102,55,1
c014a130b83196815dbb113c6b9e1bdbd47813d0ee9549ff3559ec8d54b4ff61,2025-08-01,Public order,-0.077563,51.517656,58,0
3a3b3eb7813d923f69ef6ae24af1037cf036bb86dd6c7362fe6ef73e70733fd8,2025-08-01,Public order,-0.081643,51.51007,21,0
2de05a658ca8a4cce0f2e6c83fe2ec2ceb448e62e02fd88a2b7455c8bef707b7,2025-08-01,Public order,-0.081902,51.517296,57,1
fe6c3c8857f7f5b64affc907830adc5025ea0710c03736b18ee278ce06babff6,2025-08-01,Public order,-0.082993,51.51636,44,1
64c02be71daad800085e45bc3c29d4802493f13edd4245a8f8ac4ef585612adc,2025-08-01,Public order,-0.081113,51.516869,57,1
5dd6ce246ead94afe88ea4218723590c1cbe79b3eee2845de3645a4e93ca2b9d,2025-08-01,Public order,-0.084754,51.512882,32,1
f6ee76dd5b48160f48fb40ed00dd12c3113dd215d614d6f0802bf0f8778f093d,2025-08-01,Public order,-0.095924,51.513882,29,1
d3acbb23d712a95e234754871b411af60056d4c3a6984af5eb8da490d8d59aee,2025-08-01,Public order,-0.090578,51.509722,6,0
98a4a81b805b8a235a04d85031a4c789da97e33d08342c1358551a97e0cc33d8,2025-08-01,Public order,-0.081902,51.517296,57,1
fe29d407089005cf3f953391bad74538988951bd55710cb083f590d53540927f,2025-08-01,Public order,-0.089808,51.517461,54,0
efabb24bdeda87f37e6341c9e235ea7406e66a0349da241e8679335d876c4b99,2025-08-01,Public order,-0.079883,51.517326,57,1
222106b7712a78685feb1a2de1032a27d31fc6cb89bb4916f5c46ee3974caef2,2025-08-01,Public order,-0.081113,51.516869,57,1
29a53d373942ba7f3b52cea4de415fc6d9d88629e6b451204d6a42c56d332bf7,2025-08-01,Public order,-0.079907,51.517785,57,1
3e5fd93cd56c740649b654a9fd195d91652ee23dc0f6fdb0c5c8278e0dbd2f02,2025-08-01,Public order,-0.095224,51.513736,29,1
638c2f3a62abb3143bad7eb86af63c961baa324eca87596571a19ce1e489330a,2025-08-01,Public order,-0.081113,51.516869,57,1
c56f099279574785376607c57c2af2548ce146b3cf44c2f7c7dc0a48c6e3abfd,2025-08-01,Public order,-0.104276,51.513712,26,0
d824ec38a514e8c21a27ebf962349556810d5425213faef488094f65d3b92869,2025-08-01,Public order,-0.101906,51.511794,15,0
38efb0df9c3fae2fa25db8f237986c5b46590f964e1d14511520a7dd9bee3f9b,2025-08-01,Public order,-0.087772,51.510665,19,0
0f41eee27a175474f2757589eb4e0de3f7f43ff6481df8bd133d104e76a9887e,2025-08-01,Public order,-0.084844,51.510725,20,1
f39b606807161561278bbf0d337f527c73baf9da444681091060ff2b67842334,2025-08-01,Public order,-0.084844,51.510725,20,1
6e2f4e78a2e1ff6361898fb3a42f451da8de9d3f34bfab0165420de9d69d3930,2025-08-01,Public order,-0.082993,51.51636,44,1
a2fb313e5438e4e6b1470279a6b3b767a6fefa4b43536f3640bc29dcbb424843,2025-08-01,Public order,-0.088785,51.517102,55,1
e8d07405607a65b75eb42642a849adeb641422676d2f7cc4a77e0b68a84603c8,2025-08-01,Public order,-0.101292,51.51477,39,0
3d2654721fc4429c89fc899ca6f251c77740d38f7b8c684c9feaa04e5eb5382a,2025-08-01,Public order,-0.084836,51.511939,20,1
6b02b0bfca0f0cf16b754df78921d77b12087be2afda349fb5d194d70fc5270f,2025-08-01,Public order,-0.077563,51.517656,58,0
1752a62151e3243db43c1407961ac56e5731dcd2ca58bfb722e5c1157a7a4017,2025-08-01,Public order,-0.095924,51.513882,29,1
a5de617c3f1161a4aaa559f78b7457e40c2abe6fb42fb2ae7d9ebd0a73a18c2a,2025-08-01,Public order,-0.081973,51.515948,45,0
69092e3609d64dbfed306747f5da8cf64709fa49d6178e9e09904baf444b013d,2025-08-01,Public order,-0.081902,51.517296,57,1
8bcf72d43edec1eb802630111d53bf22531ad866dbd3cf3ace87da5e46f20410,2025-08-01,Public order,-0.083349,51.51483,44,1
33dd916a55e3fbe931b9f40275d544e6a3c9f436f63da1566f7d83f69cf2bb6e,2025-08-01,Public order,-0.082993,51.51636,44,1
aafd30a72d4dfb9c873c109c829153276466c85e79339438b1592e25d70b1621,2025-08-01,Public order,-0.081902,51.517296,57,1
4f4682aaa582e69505bf0c2f2309a5bfe226fe6c761d0a24c79d98beb1171dfd,2025-08-01,Robbery,-0.097291,51.514626,40,1
eaf1404b2eb2f0d7022fc9d672ebe973991f7fec5ed7b7c2c773e65db86bc027,2025-08-01,Robbery,-0.081902,51.517296,57,1
9a80e5904204a8af47f583d02c796dca1498c276a3c7df002d985263d4910a7a,2025-08-01,Robbery,-0.078755,51.51844,57,1
fb45106fba441499c9e00b3449b0c7258a65a535c2a13301932a54638f5b95dc,2025-08-01,Robbery,-0.084754,51.512882,32,1
2d65d939acb3a8e239390b17367c76429c4b2cd7643c3427f632a7da3adda309,2025-08-01,Robbery,-0.078278,51.513666,34,1
ce5900dd719bd36aca6d79bd3c4a80c2f185c0f305492a07f759b68e22813802,2025-08-01,Robbery,-0.078278,51.513666,34,1
395d6adb747b821919ea13ca35a0f08cd5d33c64196f8aafd0ca995dbcc9cc38,2025-08-01,Robbery,-0.081113,51.516869,57,1
4e5135da34406e7c1453ccb1704ab402fb112844ede4a90abb431de5634e6f7e,2025-08-01,Robbery,-0.084844,51.510725,20,1
0e8f73e2d60d22aa03c311f04dcb19e835f40e0306e51652456721289a34b3a6,2025-08-01,Robbery,-0.096501,51.513874,28,0
f5f1d7b19e87f99f911f537e8e561fa99c94fb6370ff84b1b13d5201eadbefc5,2025-08-01,Robbery,-0.086815,51.517007,55,1
18b71097b2ef4dd46a20becb6b92b3c3030637f7f8972221c82fc5902da66b80,2025-08-01,Robbery,-0.081902,51.517296,57,1
f8bc22110b3d097fdd28121a987c5f2f3d3b7da9712e3c24595123b6956c8cc3,2025-08-01,Robbery,-0.097291,51.514626,40,1
54277056a5144e884f9fae72234f783ee478b37a26639ef345d5be64cb6fe322,2025-08-01,Robbery,-0.101963,51.510761,15,0
70c0ec2cff08fda24490e799751a76f98c1acf41f974fa6d2a57c2c7030a0ed7,2025-08-01,Robbery,-0.079883,51.517326,57,1
57d0a426e9b728aa547798cb7ef843a74b04b8e100c3cb3d9e190a5c99260481,2025-08-01,Robbery,-0.081902,51.517296,57,1
15480c058c81042ed1f1b3d60517835be8bed607f414d60cd8ca1187b11b6a10,2025-08-01,Robbery,-0.088785,51.517102,55,1
e8094a18579f6f88056131466c1a0bd1ebb609538572aab8304089647211d60a,2025-08-01,Robbery,-0.100888,51.514448,27,1
539d436806f797ec7ede79a3d0911e5b563da1bd30e5714f85f841c9af4fdf07,2025-08-01,Shoplifting,-0.09407,51.513079,29,1
3b4464725a56b448ff531f5a9d110cc9fa2e9dc72da425544360b514135cf676,2025-08-01,Shoplifting,-0.087772,51.510665,19,0
eb6b7bfd432531a422c360da8c49c7406d07d4a3fb366161bab4f82c419edfd9,2025-08-01,Shoplifting,-0.095224,51.513736,29,1
e22914100211387e89416bc2ca5889caa26dd78c0860ae3847be557ff473da16,2025-08-01,Shoplifting,-0.085089,51.512105,20,1
7cd65b63f048f702b47802378c95c0886585710494ac0dd10a55b0c814db04e4,2025-08-01,Shoplifting,-0.079883,51.517326,57,1
3d509795156156acbc9d3689b562ddcf2a94ce938bce176af05dc8261653b0cb,2025-08-01,Shoplifting,-0.09154,51.511896,18,0
c7c34417144d8a926457aab247465b6fe0c57e5715d5967f915282e63319a382,2025-08-01,Shoplifting,-0.081902,51.517296,57,1
ce5d25748a5d3951f607060950a60db7acdc3ea42cddf28411fd7cc9abed64b8,2025-08-01,Shoplifting,-0.095924,51.513882,29,1
8bc711376e64b348725695c041c500ff1b07bfbf7312de1a3a302ffddacb8756,2025-08-01,Shoplifting,-0.082993,51.51636,44,1
ce3544b0b4a0443468ed5609b35faa2fc08dbccf71b09d4493e5def569e46461,2025-08-01,Shoplifting,-0.096501,51.513874,28,0
00b29a2af9fcfc7e2b10be554c58cf1d954470167e0b1c169383b7efe2fa3dba,2025-08-01,Shoplifting,-0.079883,51.517326,57,1
a379330e232aa961529d9133a296323bbbcd55383255a1ee7bc8fa3eba28e1ee,2025-08-01,Shoplifting,-0.079883,51.517326,57,1
31eaa0ab884022dbaf04dbbe2d43cce77356d4ad38643af4a4f4866c07aa8a55,2025-08-01,Shoplifting,-0.081902,51.517296,57,1
ffca8b1dd91e402aa07fa82dfaaffc4de5f0ce98696ed723651cb3406f563545,2025-08-01,Shoplifting,-0.095224,51.513736,29,1
9c71f9e3556d762ea43c07877d80c26378b356c723ce3307e246931ca40f2dfe,2025-08-01,Shoplifting,-0.081902,51.517296,57,1
17c4efbbf1d239857175411c5fa1efd741a08d343ef0aa9d6d3b63c08556e727,2025-08-01,Shoplifting,-0.104276,51.513712,26,0
2f4465f6a6338de642799093bd889c055dfad3fdd8600a2808b51f6199325d49,2025-08-01,Shoplifting,-0.079883,51.517326,57,1
e5f9ce6a27b977164059051d4501b5d9c2f01f94503f37ddadc7434c31284db0,2025-08-01,Shoplifting,-0.081902,51.517296,57,1
5a93a778c12536c6392db8081f0cd59b63f2573e4c70e772bae740cb98d65178,2025-08-01,Shoplifting,-0.084836,51.511939,20,1
ce165a4bb753f69943cfd91e6f3c7b75f8d74e4aed2eb636f7dfd19b5377283a,2025-08-01,Shoplifting,-0.082993,51.51636,44,1
65b4319335e5afb16a638c0152da82dc8271955cf03720133c41a0b38a3180a8,2025-08-01,Shoplifting,-0.078278,51.513666,34,1
819f5b9a15eb252858d0ed375e44b923f50b195db672d7ea2e7b903fbce3e648,2025-08-01,Shoplifting,-0.081113,51.516869,57,1
29e1b5ee412855091893a9a19fa41e4e65c78f1a3edf71048de2eec49aa08ed0,2025-08-01,Shoplifting,-0.095224,51.513736,29,1
40290d98d2c212c720973652abfbfa4ba759ca42fff0d87f03fcb134107441f3,2025-08-01,Shoplifting,-0.079883,51.517326,57,1
6bcfb601672548dd5ccb7082ecfed93ccea71826c76a5ededc16a946039c46cb,2025-08-01,Shoplifting,-0.085089,51.512105,20,1
495d3344af3828ef2011fa67fc614c56f50366d6d9aa62f23f01c8db4bb48ced,2025-08-01,Shoplifting,-0.09407,51.513079,29,1
45971c7ee8bec3a2ef726bfd7bd5bc61b97edb144af974a46474fbf532f73178,2025-08-01,Shoplifting,-0.078278,51.513666,34,1
b153d42014a02d74f09b43b4d4a447716fe97e52cdb501bf29b08c0513746fd0,2025-08-01,Shoplifting,-0.095924,51.513882,29,1
52c6217e82b461a545d0361aa0f829abc9f0557a216bdd85814340e79099e73a,2025-08-01,Shoplifting,-0.079883,51.517326,57,1
8ca91c1d9be200a9d273b36f93cb67cf3a8f099001e8e9044a4565d56fd2d37a,2025-08-01,Shoplifting,-0.082993,51.51636,44,1
05f9a95061c4e96ef8a84dbbd59e9deec5180b1272b0bca32831670927123e69,2025-08-01,Shoplifting,-0.079907,51.517785,57,1
428ca23f89cb501dd38f2e2e6f97cbeb52b478729a0449e55710416ef7ebf7f2,2025-08-01,Shoplifting,-0.085089,51.512105,20,1
5ca47eb142b9a88b97bb21a9df02a9201885c6c3e765f9124376295d65039cca,2025-08-01,Shoplifting,-0.09407,51.513079,29,1
4db5d5211f9b1be3eae849e8351678b837d5d2fa5213efb5585c2824fc6abda5,2025-08-01,Shoplifting,-0.09407,51.513079,29,1
98c298d49b9bc68952c19db10dc07833fbb4b1b6a74c570079b1196e0290c39c,2025-08-01,Shoplifting,-0.084836,51.511939,20,1
fdfe5ebb991090c2f0d03976f60766b6b4ffc1a761cfe90255a7b8589d2fafb9,2025-08-01,Shoplifting,-0.079883,51.517326,57,1
6c54308cbe2a83f4c4cc1c9362fb0853091a2748dc796a35b13dfd7adb5cf88d,2025-08-01,Shoplifting,-0.079907,51.517785,57,1
d8c8b6f82fe34c424c0296576e63f53e02fe1e0e4725cdfca911a8034fd0634d,2025-08-01,Shoplifting,-0.09407,51.513079,29,1
7d36c44927dfd414fb3991f5a932e722a29831c1f6d5394a4aa60c3cf2910316,2025-08-01,Shoplifting,-0.085089,51.512105,20,1
e7292b951a5ed408dee35845b3fd64b494f99aac42083b562e9730b871c816a7,2025-08-01,Shoplifting,-0.08491,51.512588,32,1
6b14f7299a149bc8df56b496c6b8f3cbc1a564abc840f4d9e89da9eb29de59fc,2025-08-01,Shoplifting,-0.079883,51.517326,57,1
09391541aff3bbd067e1ee3bac525ff501da018e3fe075d42fd1cf8ebfef35b9,2025-08-01,Shoplifting,-0.079883,51.517326,57,1
a6786e6c315a7e0be7184615737f97ccece562ad03f082451dbb14fd32902c1d,2025-08-01,Shoplifting,-0.097291,51.514626,40,1
c0f2e260cb2452ae1ede5e656ce4cebc473b1261883cf4eca3437dae1a77195b,2025-08-01,Shoplifting,-0.079883,51.517326,57,1
a08cd9b410b91a62bc6aad4261e5ce1b77ef4587f9f0663451e974792ed7d16d,2025-08-01,Shoplifting,-0.081902,51.517296,57,1
61f775e8b1832cd5d5d7436c7650fcf3b9e4a939a4e762404cbaa52b99e7038c,2025-08-01,Shoplifting,-0.097291,51.514626,40,1
465ff6674f63716066e67a67d48e0b034fca93562c3985bb8016be3c450675ef,2025-08-01,Shoplifting,-0.078278,51.513666,34,1
a9376fbf6f69aeecf8be09a64df7d374126c41ec5bdce4779ca83de5033e736e,2025-08-01,Shoplifting,-0.087772,51.510665,19,0
baac90a896d736d82c7881db34a13095715fd432051aa65d9ff8ac8f722e2a54,2025-08-01,Shoplifting,-0.086815,51.517007,55,1
e811f7ac35dbe9b946d40f95d54724ecb426d8aef71e50e9baa4511604ff904c,2025-08-01,Shoplifting,-0.079883,51.517326,57,1
d7ff798fad635e4d3c2558d92cc52175f8bed5878b418f40ebf2996cf8f974d6,2025-08-01,Shoplifting,-0.09407,51.513079,29,1
9b3ae557698083ee9ee03bb37e4ef9c29f3431f7dc1bf829768f3e4ca8458060,2025-08-01,Shoplifting,-0.088903,51.510836,19,0
0d3aaf9680eca400e58ca195ab36110ed631892ea3dcd9741ac69d823260c22b,2025-08-01,Shoplifting,-0.086815,51.517007,55,1
6483cf5b1857717b4a1439f576b8059d403434482af9ed7a292cf31a6a192fd6,2025-08-01,Shoplifting,-0.081902,51.517296,57,1
609773c4274973bff0fe9a7b04b650c43126d685eef9dfc1da7d9ff74cb6c040,2025-08-01,Shoplifting,-0.081902,51.517296,57,1
cb613ad76e3bad033b6cf70d882d3929527905e94262d8ca4031e8e13b15445e,2025-08-01,Shoplifting,-0.084836,51.511939,20,1
d8d0ae75231d81ec2d20e958b31815fc4aab0158a8da70b43c3e3ead7f3a4794,2025-08-01,Shoplifting,-0.082993,51.51636,44,1
1cd3efb038e3fc706cb7c761740163fbd0f413ae480cab81d51c8c4fabf5ebd2,2025-08-01,Shoplifting,-0.079883,51.517326,57,1
3a234af4f7ff4e17beebfe7e69b06d56d825c591f3f79b43d053ad9cf630c694,2025-08-01,Shoplifting,-0.09407,51.513079,29,1
0b53f2911ce59a3f7a713568832657222fd733a2c9c93c0a7fee98404d84e500,2025-08-01,Shoplifting,-0.079138,51.508312,9,0
e938b0a35538890292f8532a2db05fa48b763acdd37798da1b6a0c2960ad109d,2025-08-01,Shoplifting,-0.079138,51.508312,9,0
9d7a7b19d84d7db8793471ae438679c26b29ea87de29000b359be6ad08317cd7,2025-08-01,Shoplifting,-0.079138,51.508312,9,0
efcf3c3f381a0ffb0cd468beca78c7262c1f6789afc521978c61e3ecd8d3c95f,2025-08-01,Shoplifting,-0.084836,51.511939,20,1
7411b0703d11fe70b5827644268c94d524713bcec9983b424a2c9e4f49417434,2025-08-01,Shoplifting,-0.079907,51.517785,57,1
5e39869677294dc4b2a20144c6c9ba02d623b6bc6a8433e6e112ab0965921e83,2025-08-01,Shoplifting,-0.093339,51.511557,17,0
396311c314fd7d309a476ec19bea4ede5b38d1d845e493eee96383d6ecc75acd,2025-08-01,Shoplifting,-0.079907,51.517785,57,1
d4eeb768483c195e26109b777d7c456b58e382c1d1d461d9b6a56b6faa1b0373,2025-08-01,Shoplifting,-0.085089,51.512105,20,1
da8e1df01685f5b6643a4005e86af3d135d388650fb8cbad3a86347d849468d5,2025-08-01,Shoplifting,-0.079883,51.517326,57,1
c5b421bc9dd30665a02cd575cec33ea21818387e79a7dcc2dff7a767f6e1ca9b,2025-08-01,Shoplifting,-0.078278,51.513666,34,1
bc3e5bb25938c8ea36c98d9ac923cbe0dffdaacf6cced719037f16e02cdd8cf7,2025-08-01,Shoplifting,-0.095924,51.513882,29,1
6c31246cb9580f022eedf9d93cd728b9ac7c0c9db6a3f1afca0a890f9ad8a7b8,2025-08-01,Shoplifting,-0.085089,51.512105,20,1
c21f151a3f2ff4dfb2e493a0d05b04b2aac8c784693891e089771eaea2556cd9,2025-08-01,Shoplifting,-0.085089,51.512105,20,1
6851420cb4b3739d909cc0026d9f5df3724f604fba34295458a78a2dbbf7b61e,2025-08-01,Shoplifting,-0.086815,51.517007,55,1
b85e928978dabea0f177697e91944f1817316cfc3664426d0d3f126b6ce11c59,2025-08-01,Shoplifting,-0.086815,51.517007,55,1
80a5b0cbbeced0b2378bfa38328a6c958dae0b22d6ec92ba3ce2a19aebb3be78,2025-08-01,Shoplifting,-0.079883,51.517326,57,1
0923d1b5f58c66c3ae521e21d5ca6b3231723cb56afd2b153e2401f46554a6ab,2025-08-01,Shoplifting,-0.095224,51.513736,29,1
423ccfa2f20b3d4e8ece68043d924b86861d4db40a7a16bb87f055ff8a9a980b,2025-08-01,Shoplifting,-0.097291,51.514626,40,1
160efdf260aefad33b99ee601d6009b7295a6f9122157e2b50f1657679e75938,2025-08-01,Shoplifting,-0.081643,51.51007,21,0
772002de3d3b6021dd0a367ab554ad0ea54780cfe0b548aeeb5bab959bc0d298,2025-08-01,Shoplifting,-0.091947,51.513188,30,1
3d1e602903024eae8605c8a950d43f1942d071b56140d913084a190a9764a696,2025-08-01,Shoplifting,-0.095224,51.513736,29,1
5b89c46649a8e85332e2bba49950c6ea1e0d18b4e233fceda4e0ae857bad48f2,2025-08-01,Shoplifting,-0.095224,51.513736,29,1
37080ebdbd11aefbe777193ac49e47035d6c4e7851415a1de7e732f729c14f07,2025-08-01,Shoplifting,-0.079883,51.517326,57,1
f5008d64914a13420557d3d06e2a2afadd7e6623ea15492e4e7ae1cc6e50d905,2025-08-01,Shoplifting,-0.095924,51.513882,29,1
9e5a3da8958e84c9e7c48c2da493e4ae96289f00d10f52aa37ab3685da5d1f06,2025-08-01,Shoplifting,-0.078278,51.513666,34,1
c90ea4911e3d1d5f1a56ac00bc3e4ee76fb40dda3725aa32f85cd258dd85bf18,2025-08-01,Shoplifting,-0.086815,51.517007,55,1
eddaf3f0e54563c577a41c247c50545c6c398212fbb6377804a5afe70e7dd671,2025-08-01,Shoplifting,-0.095224,51.513736,29,1
e814c5a2747c4c5207b3524237e8e79112c06afa96cc7426a35b94936a66c7c9,2025-08-01,Shoplifting,-0.095924,51.513882,29,1
beea7655073bec6fec20476c2e4df4501b7019a8d5c51f5ac0d9f5a797529aa1,2025-08-01,Shoplifting,-0.095224,51.513736,29,1
f694d86177e6fe3af85b9b5483c571da33a2c11df2d5504fa78add2174bc732f,2025-08-01,Shoplifting,-0.079883,51.517326,57,1
1fac51784d7a4df003398b102db21156ab325b43b7adcd995905e18943a5394f,2025-08-01,Shoplifting,-0.085089,51.512105,20,1
b935a9732ddf513b778475bd4139568024530cde2060de70325abd03545f03cf,2025-08-01,Theft from the person,-0.100201,51.513286,27,1
922a1308282946f6c9a5a32ebf5de05c497571a60d37dd20325e6f334455a398,2025-08-01,Theft from the person,-0.089808,51.517461,54,0
13150d4a0623f7315b83f6352b1538f319d1676c8139d141d9d58e1edfd1f426,2025-08-01,Theft from the person,-0.09154,51.511896,18,0
f7a5a37e554fcbc1f1e5ab14ea7ccb8a7a6132014630db8b8067d9bbef07bec7,2025-08-01,Theft from the person,-0.079127,51.509607,9,0
fa6df38aa84c1f367134e5a4948244677dcefdef6b8fafca1fefbcf27821ea11,2025-08-01,Theft from the person,-0.090578,51.509722,6,0
756346f5cd8405d8ec60220fc1270b62da9159010be84f4e3c93760bb2f58826,2025-08-01,Theft from the person,-0.089208,51.509744,6,0
1afafcb96bdb63ff947f717f410f7bf3ad143140b9bbc9efa45a2fdfed312343,2025-08-01,Theft from the person,-0.082993,51.51636,44,1
c81087ef5e7ad475a55a6c1e95ad6123b4e28e32c1d4fee2a37c47e0077ad1a0,2025-08-01,Theft from the person,-0.081113,51.516869,57,1
e2562cbc94eb531cb27fc8028b692f7a5df8bb2265ff1408c3f1a720eee7c0a3,2025-08-01,Theft from the person,-0.100201,51.513286,27,1
1873b156a59ea1211c00b6e5c715d381485837b0937f70940c016452439874a0,2025-08-01,Theft from the person,-0.095054,51.510559,17,0
a0b1a1b7a79fbf31036b372a9537b57da8dd93f42942e2e3c5906c3d2167fcee,2025-08-01,Theft from the person,-0.079883,51.517326,57,1
d9cd59b7e7df0ac0e530dbf6fa1d82235165e23488a8d79c7d7efd2aaaf00a4a,2025-08-01,Theft from the person,-0.080448,51.520689,69,0
6d9da47fca5c62cbd35f4cd9e432bdd328f9235b1df5a6c119fa242ea3c145c1,2025-08-01,Theft from the person,-0.083977,51.510441,20,1
620c030620a4b130f61b57909fdb20368ba9d0e29ca1b0445c5d71898d97d124,2025-08-01,Theft from the person,-0.084754,51.512882,32,1
8932f3a8776b7db653883d54ed5b3f99e08d3c37c138f59b655fa1463f4dc681,2025-08-01,Theft from the person,-0.092531,51.512658,30,1
e542fb7c37ceac275fe6c5c5f0ff6fc8ed6d4bc168b187c6f0f2d78e0b2cda06,2025-08-01,Theft from the person,-0.104276,51.513712,26,0
71eb09c9eb50bcb409585c7bb777c55e25a1e7c44da533298f952e1e8a25ae10,2025-08-01,Theft from the person,-0.0949,51.513209,29,1
97da8a3029fc156f68fb5397c72df676c3821ff159a839e09808fdd62b823ff0,2025-08-01,Theft from the person,-0.101292,51.51477,39,0
8092d5963ebd4020e16a184fc65f916062ad51d020fa5e681ca1adb82f9c9029,2025-08-01,Theft from the person,-0.081902,51.517296,57,1
daf3041bcfb72c4bb113edde8e3524e02cdd26a5bcb136edefdd36416285c0f5,2025-08-01,Theft from the person,-0.101906,51.511794,15,0
58d0cb00c11da6c93dfd0717e9e567ee1e4d12b2ed788c9c8f9d2957f550bac2,2025-08-01,Theft from the person,-0.081113,51.516869,57,1
28cecdaa72cf2f8c4bb6fcceed1aeae952a6f2addaeb27c87f67ead9b7af16e4,2025-08-01,Theft from the person,-0.089208,51.509744,6,0
2922d4791e9f4821452f931d162e061abdbb9bd6ad21048d85447aaf6fa601fb,2025-08-01,Theft from the person,-0.078059,51.509967,10,0
12e98b7c84a39f4da9dfc3d67383989e7219e37cd3d94bc215d107d6ee33b708,2025-08-01,Theft from the person,-0.092531,51.512658,30,1
e8eff38ef93e54f57b6f3ef1f8de9eaa56c9c26eb2a5e276b9715d6a1f953e8c,2025-08-01,Theft from the person,-0.081512,51.518692,57,1
c869e4906a810a675e7a7849b8f456f60b9ab79fb38cb543e17e5b7840abfb30,2025-08-01,Theft from the person,-0.089208,51.509744,6,0
06325b77d2df49612d3bac8d620695e36571a5b40f847e880addb9ce4f5ce0f2,2025-08-01,Theft from the person,-0.100201,51.513286,27,1
30b7b9986ab10347c17a06e05c6bcc7d6a6f778615a84db7fe4818ee3fd98363,2025-08-01,Theft from the person,-0.101906,51.511794,15,0
2ee5cc09243d2b047b98b7dccb3ba713cf456f9ef2c8e9a9386b550dc7400123,2025-08-01,Theft from the person,-0.081113,51.516869,57,1
71d6a23d54d984f86c9ef8cdc3bd144c21ea0e9ffcd62260317c35a0b4a69cd1,2025-08-01,Theft from the person,-0.080448,51.520689,69,0
100fe4b2f118b99b65a17513320848a42c4287e22ea00b097d4b766658d46227,2025-08-01,Theft from the person,-0.089208,51.509744,6,0
57a93ccb1812d6c020410594819a094f02e66d115328982971203ef8b11c2973,2025-08-01,Theft from the person,-0.081113,51.516869,57,1
7a28f0bb3fcac299307e8859b765ca63242f785f608993b1990bbc20b353a3fb,2025-08-01,Theft from the person,-0.081643,51.51007,21,0
2c247e63b625ebf33442c4556507b1c1f901af7582096dc044ea61e1dba67f7a,2025-08-01,Theft from the person,-0.100201,51.513286,27,1
ca6bc13303369d4783742629bc764715446225d8964ea33bdc79a4ce5b66e8a4,2025-08-01,Theft from the person,-0.088785,51.517102,55,1
250a224878d2fce4aff430325eb66b182392c8ae8a10365151b71e7855b95332,2025-08-01,Theft from the person,-0.079127,51.509607,9,0
cebee40e95caf32d715eb3598a09d4522bbcfd08a03fe9b385ca8d99069f613a,2025-08-01,Theft from the person,-0.101906,51.511794,15,0
fef9022be4c4b86ea7cfca106947f943b0d0ca4d873a5a1abda9aa83a64816a1,2025-08-01,Theft from the person,-0.092036,51.511049,18,0
804a1eb2ba81cc98a167b6c241e4da3fc84599d8ca64293200bd58b45e43a112,2025-08-01,Theft from the person,-0.088785,51.517102,55,1
bcd8a0e17adc5e0c5628adfb170fa691e3aae358981526f884a384a7ace1a250,2025-08-01,Theft from the person,-0.07912,51.514912,45,0
1b3a8975c91ac73cc44fe9064d55b70fc135f0dd2a3e791dce10c4e67972eb0b,2025-08-01,Theft from the person,-0.100201,51.513286,27,1
c887732021117f616145330c05ba1b4c7d8be798f985e95e6e0a4f7329fc63cd,2025-08-01,Theft from the person,-0.088903,51.510836,19,0
c62529a7fcfa8d94335b67af941939ef615932f063b0684f894503ac79e7a91d,2025-08-01,Theft from the person,-0.09407,51.513079,29,1
d8e51426929b99c04b62fbb85f2c3641274f58060250033d43f98a3143f3984d,2025-08-01,Theft from the person,-0.093339,51.511557,17,0
9d78a0dacecc08b14bf2e6752237f17d070f9533096eab253ebaffc7d072e739,2025-08-01,Theft from the person,-0.097176,51.510836,16,0
d5ad1f4b3a7b89090b82fbce14c6d71d043f5320813e142f5ffcb160e495bdc6,2025-08-01,Theft from the person,-0.081113,51.516869,57,1
6adc0b8ae961834ab316cf81913551d39eaadaff95dda4b4fdac0ee331bb464e,2025-08-01,Theft from the person,-0.081902,51.517296,57,1
de7fba6ad8dd415b77f1bdddf5fdf38c1f175845de3b9b6f6b0034ef726e342a,2025-08-01,Theft from the person,-0.089208,51.509744,6,0
3f300a922fc6b9fda485a48f60e167363e3f393d62a19ff9f8fb2b9a889cb6d6,2025-08-01,Theft from the person,-0.081113,51.516869,57,1
ba41fae215c72e34998921d1e933465242e5b64a18ff55aa7708dab700e9b302,2025-08-01,Theft from the person,-0.100201,51.513286,27,1
c3f65e546bc702880270ed8bf8dfb51d3913c5df3cab1b1a1926f6f83e342669,2025-08-01,Theft from the person,-0.081113,51.516869,57,1
0d30924a7fc2296e3131d2ddc4cd54c34f007f2136c39166c7c0d65842eff2c6,2025-08-01,Theft from the person,-0.095054,51.510559,17,0
7bdef0f16e2834086f738d6057e6d240dded512dd5e0e9405077c506ed1b2b9c,2025-08-01,Theft from the person,-0.08491,51.512588,32,1
e8872d19ba2cc0358fa43629ced23cd1cb46f254a97d62a3b79ce0ba9ada1d72,2025-08-01,Theft from the person,-0.095224,51.513736,29,1
dfb030e4d6adffb54a2c0102ee6dbb3819a4e71adcce4c5791e148a442e66072,2025-08-01,Theft from the person,-0.081113,51.516869,57,1
43bd1c85d73d28a7517c5b2de1148f32497a0b13a2d4b7ea3796f1e2d82bd802,2025-08-01,Theft from the person,-0.0836,51.509797,8,0
dbfc9fcf4685c797b2637fd9fc644bcc733310eadc04fd972c5021f11851c12e,2025-08-01,Theft from the person,-0.087772,51.510665,19,0
a05fbdf732df6be5ae2d26182d08888c81485e2588f47f196676f5738fba0953,2025-08-01,Vehicle crime,-0.088785,51.517102,55,1
e98845e123a52f9f1ae3ec9b751674eab635505e3b7a128cbb8b87bf0934c691,2025-08-01,Vehicle crime,-0.077563,51.517656,58,0
3524d0756a545be34c7ca27c88ae5d1d1bc64e0ee3a1f43bc0f2573168c7fcaf,2025-08-01,Vehicle crime,-0.092633,51.509872,6,0
17e15387724efebad6998d3144e68544375cf98a0659c473909b834cc43c1896,2025-08-01,Vehicle crime,-0.092633,51.509872,6,0
5ba7cdcb25755bcfd513f55067e8c01764cabef60af1aaad0f4bca22277497cb,2025-08-01,Vehicle crime,-0.092633,51.509872,6,0
9c31372deae39c97e7fffdbce6e3b0709ff78a5e38c9b34dce6d330bbce4127f,2025-08-01,Vehicle crime,-0.078477,51.509965,9,0
29f9151f9b8899de222044f79bac6e37d2537c5b408debc0fbfcdca552145efb,2025-08-01,Vehicle crime,-0.092633,51.509872,6,0
bbcf58c00ea99c06dcd4a47670602f21aaffe5b31cd70bce87befd22fcb523e2,2025-08-01,Vehicle crime,-0.092633,51.509872,6,0
71282f13c66d14cc560358c0443e1b4e5d5c0f5955a135302aac7689846fbe5c,2025-08-01,Violence and sexual offences,-0.079907,51.517785,57,1
753d9ff2d032d8ed10a2426b56716c382dd245ad11d8eca259693e0fe6b38a08,2025-08-01,Violence and sexual offences,-0.091947,51.513188,30,1
523e56d1f4eb885f578c71fda23a976f794edced9772bae382faf422bd865ca7,2025-08-01,Violence and sexual offences,-0.078059,51.509967,10,0
fd10c9500029ed86d5a0327dbd8c25a3556767e8902a86fe431b12d733bd201b,2025-08-01,Violence and sexual offences,-0.085228,51.51119,20,1
f0c7073f84b4eb352775a53a976709eb97a0c8de7855087d8420ea099e7d8438,2025-08-01,Violence and sexual offences,-0.0949,51.513209,29,1
7364e23dd961bcb5df5ed1f5a8f3f944ed9da91e5138eb87b943bb4e40a727df,2025-08-01,Violence and sexual offences,-0.081512,51.518692,57,1
3fead935822059ad29b2b7f6e747d3667bca4cd5341569891e4390710e26c63e,2025-08-01,Violence and sexual offences,-0.100888,51.514448,27,1
1f5e33c0426a202621fa5e60d93ffb03b26cbaccc9f68fb2ec086385ffc5fda5,2025-08-01,Violence and sexual offences,-0.079907,51.517785,57,1
85dad0493f6830a7d0b25fe0575853d65e9f1091b9d81bb15c6583515fedf4b8,2025-08-01,Violence and sexual offences,-0.081113,51.516869,57,1
2b43afcd7b4617ae831412a86b49d664ca29257a9270ed2e16a606f30bb7cad7,2025-08-01,Violence and sexual offences,-0.080291,51.514814,45,0
5b8ce2609833af035d3f75e1cfa658413c6aa318541d6a90b6cca9d16a241115,2025-08-01,Violence and sexual offences,-0.101393,51.512685,27,1
a7653b43bfe891edd1de8b0f0967044ef734e54418d50e0f7db7a12268686c87,2025-08-01,Violence and sexual offences,-0.086815,51.517007,55,1
105a2453bf3f2e361263c88f94213bcf34a1b9f8d93ca51aeaf9c137c79ef968,2025-08-01,Violence and sexual offences,-0.0949,51.513209,29,1
41e3b66b5357e9385badbb9a50b88c20eab6c559a030ae1f6a7a341cf1917551,2025-08-01,Violence and sexual offences,-0.077959,51.511332,22,1
68c5990452a885e0d6b420eb7717daa8d9c901d68aa27972827a03ce1d51fbe4,2025-08-01,Violence and sexual offences,-0.086815,51.517007,55,1
6b1e340a0fb31d3fdefdb417e6cae39e0794a92882f5192f5c558a75dd1ecd2f,2025-08-01,Violence and sexual offences,-0.083977,51.510441,20,1
609c0d86ebbace52b25757b0794ecaa9f3d1efa383440850d5d51b2658bfc39d,2025-08-01,Violence and sexual offences,-0.082993,51.51636,44,1
46e61f2d9a68f0dfb89b9c1644c76276f18e61d1ffc1df35d3679a4e70001f73,2025-08-01,Violence and sexual offences,-0.081512,51.518692,57,1
190cb9725c34eb5ea8b35885b1e5284a2293e3a35ebd9f98221a34f59a846387,2025-08-01,Violence and sexual offences,-0.101292,51.51477,39,0
0a69be139cfeded2bf27ac676e8da3c97aa3d17c71766c5817446c1e57a582df,2025-08-01,Violence and sexual offences,-0.085228,51.51119,20,1
d32b2576f0c57b9f7e195f20f9acd8ce93b899d67d527103ca020a00c328d917,2025-08-01,Violence and sexual offences,-0.101292,51.51477,39,0
85dd9489f51d29ed3322c37f08dc7f0a895b2fd52ce4ff6b9c4fa3f04e56b4b6,2025-08-01,Violence and sexual offences,-0.080365,51.508943,9,0
6be74124f28e46a33b3add91460911847b8b5683d5aab9e3508bcf708ef45d05,2025-08-01,Violence and sexual offences,-0.101475,51.511077,15,0
1f91ac668f7b52deac7e74b40e3580cafda5bb450d851c7264c7d2249bc4a774,2025-08-01,Violence and sexual offences,-0.082133,51.515222,44,1
59b0fceae125f82964fa30a2490ae1bd970b7862e9571cc5d1a4f6c4a432fc09,2025-08-01,Violence and sexual offences,-0.104276,51.513712,26,0
b39af9f2de02d0c3fc43b7cb10b89742e227c24272003d63e9fdff3c8540b0f0,2025-08-01,Violence and sexual offences,-0.081512,51.518692,57,1
ab73a9cd69657782cb899e0b0e168b40a29d75b88f8ac4c7b05292a0996105ce,2025-08-01,Violence and sexual offences,-0.09141,51.510167,18,0
c49f9b05942461de996959cf609f9c6711282c8bff4d9da679056632710e2439,2025-08-01,Violence and sexual offences,-0.097176,51.510836,16,0
c11cfba6de48bcfebfc7c52d62447240f9cc8b861d1c94612763775863e834c0,2025-08-01,Violence and sexual offences,-0.079521,51.511196,21,0
45973f82fbfae33fb153d7cbd7ddf71b0194757740f3825337121367ff69f875,2025-08-01,Violence and sexual offences,-0.079521,51.511196,21,0
701f0e08737de585ca36e1eb102cd3ca4e7727911e57e3d46268e2bdd0208350,2025-08-01,Violence and sexual offences,-0.095054,51.510559,17,0
c968b069764072d4d78870ad60b84ad9a698515ad5579d7ef022b20bae2496fb,2025-08-01,Violence and sexual offences,-0.086019,51.513631,31,0
e8c14e5dc7f56ed9a16a3fed8ccabaaf0365ceefce79155f90a2c9c183b2ea0d,2025-08-01,Violence and sexual offences,-0.0949,51.513209,29,1
e1dc557a7f6be7f6923e1cedc95765d6d16cb49c0eef00cd0ef875ee1d683d2f,2025-08-01,Violence and sexual offences,-0.089208,51.509744,6,0
e901e1375d63330b1ad4fa74ac9a45867ac8d3aa20373efb07f7d3c20acf48a2,2025-08-01,Violence and sexual offences,-0.083349,51.51483,44,1
523ba3c486c79070f95da90252f44bbc74f992a11f1213a58c0895f9ebc435ab,2025-08-01,Violence and sexual offences,-0.083977,51.510441,20,1
d995a7079f676b19e636dbe2f7b8d8f4b4affd8e62965237ba9fc1384e65eb1e,2025-08-01,Violence and sexual offences,-0.085089,51.512105,20,1
ccb7b189dbefcd485c192cbc8748474b8f486b10ac6849165b95cc773d8dd905,2025-08-01,Violence and sexual offences,-0.095924,51.513882,29,1
5378fe3ce268b6083ca4f01dd3009aa119ad5888af852485d3faa7e73b6e2bf9,2025-08-01,Violence and sexual offences,-0.081643,51.51007,21,0
ed6f25b8c5e7838f5b6b12e3a4b45a46f6dc015440a29646d5510b572935b352,2025-08-01,Violence and sexual offences,-0.081113,51.516869,57,1
4f9c81db812cd1a45551fcb4b11014955dc4f1a87c8c19ea7d3536142c7cc846,2025-08-01,Violence and sexual offences,-0.079907,51.517785,57,1
b5b915cca93817b8d804e2bc640d41d4f432aeaae05f5dd9841c08618e45d1a2,2025-08-01,Violence and sexual offences,-0.083977,51.510441,20,1
e66d182094cdfde691a3f33ff273f1d8cbc4884d6c8819f27f5675470b6ba35b,2025-08-01,Violence and sexual offences,-0.084844,51.510725,20,1
3824f8158a22a2eea1c0ca0802cf3fe7aa5ed539cc7752d8a4124da7075b7f24,2025-08-01,Violence and sexual offences,-0.086019,51.513631,31,0
b2481e5b85f90f757f194a652c77f4b50d80e55846135b6b536052161c53dc5f,2025-08-01,Violence and sexual offences,-0.081113,51.516869,57,1
222d152dd9584f19b16067ff45154c115e2d1cfd6465ca7159f868b76177991c,2025-08-01,Violence and sexual offences,-0.084844,51.510725,20,1
c8e10ea0241f6dd40d7d995660b40c1834b3ff3d7b30748b8a4d284b9026a536,2025-08-01,Violence and sexual offences,-0.100201,51.513286,27,1
6d83cd5bc87002af8a8e5fa4069686dbd2d6938dec8af73431a5c61596dd2e1f,2025-08-01,Violence and sexual offences,-0.095054,51.510559,17,0
08a839f6165dee807c56823ec1c599db980318a0a7248d3083ae1272e2c272c0,2025-08-01,Violence and sexual offences,-0.081091,51.50882,9,0
bd6ae5c17f6c7e64eea95bd852476aa5045d79daf44cbe162504703883f31e1a,2025-08-01,Violence and sexual offences,-0.090578,51.509722,6,0
91e7cf43def762585e4f260fb639dafcf5845992021854083505a11672d69378,2025-08-01,Violence and sexual offences,-0.081113,51.516869,57,1
dd93b788fa784bdcb5d0f533563c51e01c6e18581f91827e1ca012993f4a0ea4,2025-08-01,Violence and sexual offences,-0.090578,51.509722,6,0
f2d5cb2a2664f6edf205ca2c4b79cb02d4dfcb1b2819028a14458eae92f573b8,2025-08-01,Violence and sexual offences,-0.095924,51.513882,29,1
dadec4285140957a09a259f2df494f13ddb11288d30fbc9ace8ce42843890c6a,2025-08-01,Violence and sexual offences,-0.096501,51.513874,28,0
616b7e1395c82dcb2d91f318b8003599a0637cdd6cf3e0ff5a36b77d3ec2569b,2025-08-01,Violence and sexual offences,-0.085089,51.512105,20,1
26125e04799aa94e8b3388c31f6fd018b686db1285dbe9f00ee87de67bacebad,2025-08-01,Violence and sexual offences,-0.083977,51.510441,20,1
6c044a8360c88e684af56324193881b3e6f4dc4f060e5e80c299c379424cc7b8,2025-08-01,Violence and sexual offences,-0.077563,51.517656,58,0
22563e5f2a667f91ea12aa0d88d7723de03bf29cfb0f1fa959c0cb29e86c0028,2025-08-01,Violence and sexual offences,-0.079907,51.517785,57,1
8f64a7f3c5654ced928ac8c0ff30d392755fae6ed6d71a2631c2e1f07f528028,2025-08-01,Violence and sexual offences,-0.083977,51.510441,20,1
b7361c4b92a8254be482a619fb6c2acc8cefbb8175b96c952553ef3920398529,2025-08-01,Violence and sexual offences,-0.081902,51.517296,57,1
4052177e7765ee844c8e4cad3c446c74eeb1a65c9c1898bf82ca944708007af1,2025-08-01,Violence and sexual offences,-0.082993,51.51636,44,1
d3a704fdb080759dbffaba4cbda89703190647489c847314f6befe03457c27c1,2025-08-01,Violence and sexual offences,-0.088785,51.517102,55,1
a3ea4fda43a51110044774603a3cd1a9f1f566d730b98244c3fa82340cd1c486,2025-08-01,Violence and sexual offences,-0.079521,51.511196,21,0
f851ea33292aa45d80cbda5c880ad77f6c565f776be47eff4b8cf9c184639fec,2025-08-01,Violence and sexual offences,-0.095924,51.513882,29,1
3d7f60ef2bd77ad5b5c54160ad2e96f9fb0fea3dadfa9266fe524a6890a56e84,2025-08-01,Violence and sexual offences,-0.079907,51.517785,57,1
9e870027014062ced6c76c16bdfe04ac676a042213db802ce712ecdd025b0f72,2025-08-01,Violence and sexual offences,-0.091823,51.514427,30,1
87d17a1b6509069d35057be868422398df9fb221b35978ee536160395c5f77a6,2025-08-01,Violence and sexual offences,-0.079907,51.517785,57,1
f4b8cf81aa8d5aa4bdddb6761b98c1fd6ba5577a357a594af3f98d8a5cff08ac,2025-08-01,Violence and sexual offences,-0.082993,51.51636,44,1
28ffb160a2cb495379bb440e79e1d85dcdd922757bb6a17a75c23a4b2aaf609c,2025-08-01,Violence and sexual offences,-0.078495,51.51777,57,1
84bf453c9b1853dd2a619daf6d912453d100af06156af54afc37542eb074742a,2025-08-01,Violence and sexual offences,-0.081113,51.516869,57,1
f35807f86d8d5433e265c4ef1d74056ce9bf6b1024b1d72672ab1623185a9b8c,2025-08-01,Violence and sexual offences,-0.078755,51.51844,57,1
aff50731b1a1a6799d3bdf88c9355b88bc25a1af30d29f699e21521a2e7fa3cf,2025-08-01,Violence and sexual offences,-0.096501,51.513874,28,0
ddec00793dde1d41d774c4a537c210c02b02f8f9215c0af66fa93816e74dc282,2025-08-01,Violence and sexual offences,-0.087772,51.510665,19,0
be93573ed21a1c52faeb5f59a62c8e3f3dc67b96d063200bd93e611939f0b7e2,2025-08-01,Violence and sexual offences,-0.095924,51.513882,29,1
3cc02cf23f47056015d8feea33c83a2e6855d3bc164bbf00055eb15a94b78695,2025-08-01,Violence and sexual offences,-0.095054,51.510559,17,0
6fcf31166b818aca4b308bbf3ce6f4986705f914fcd6c080de03807b4230a602,2025-08-01,Violence and sexual offences,-0.086019,51.513631,31,0
b1f255d69f531979feeb76d21229b5c88d6f08e50d3354d1348ac1d7227dd853,2025-08-01,Violence and sexual offences,-0.089808,51.517461,54,0
f0a904ea0e1d57d31641733df0d027c45634b3a6e9d448eef45ce3cf2f7a4669,2025-08-01,Violence and sexual offences,-0.086815,51.517007,55,1
61ea96446df6415e351092c4169fac32ef185143325f71c47d353abb9ba49c62,2025-08-01,Violence and sexual offences,-0.081512,51.518692,57,1
74c6a0bbed1a29239af893d0c7cc94f5c47efbc3fa953ec379e88b81293ad1be,2025-08-01,Violence and sexual offences,-0.101906,51.511794,15,0
b5f91b74ee1d141bd3f4bb5289f319680023a60609e7ef34558211a240a1ba65,2025-08-01,Violence and sexual offences,-0.090578,51.509722,6,0
ebfd6878df8ac2dbe8f13dfc74a9e2d95c42b2c050c9fb81fdd3b4a987f5ca48,2025-08-01,Violence and sexual offences,-0.079907,51.517785,57,1
f25de931522bd2ca73e4fe84b93950a8869f424750152606332c8f85aa8ac8b7,2025-08-01,Violence and sexual offences,-0.081973,51.515948,45,0
47afaae117ca8198cd22d7ae4a06b283b1c296c6eb35b020172642c8153d57d7,2025-08-01,Violence and sexual offences,-0.081902,51.517296,57,1
c1ebdcf08dc5e0fcb5c71892efad04f9a33dc236ae434f98c441de493fa33d99,2025-08-01,Violence and sexual offences,-0.085089,51.512105,20,1
def8f9b923c326fe9a7b81a22b1c99abb05428497e06db21b4631ebf34b5cd0f,2025-08-01,Violence and sexual offences,-0.092633,51.509872,6,0
3d7d260829efc9840aa1287a0d1a1cc737515398ce586d8598c0f4a3fef6a40b,2025-08-01,Other crime,-0.087772,51.510665,19,0
e424db08c167dd39cd2b0add5b18b7c0fe67b5eab300e28d740f49b3f2ff7099,2025-08-01,Other crime,-0.077372,51.51259,34,1
b9598bf88ae6cea2fd23867f2e05404f9730082d23710a5a46f7d732fae4a7eb,2025-08-01,Other crime,-0.084844,51.5097,8,0
8d0697c54e597ad2d6a6ccc16a33e4972b88c3b513326a06cac2c621c1df7df8,2025-08-01,Other crime,-0.081113,51.516869,57,1
fda60d4e6f660aedbde632e806237fef78e6c2a37483aa2c8d0fe7ded5fbaacc,2025-08-01,Bicycle theft,-0.101359,51.5187,51,0
819cceb8753e559f84cda1decbb017cdd1a6adb352abc75e185a4e328f0efd80,2025-08-01,Bicycle theft,-0.108027,51.511884,13,0
020603b9d0e0d4b304d890a2fb90cdea4b4b612581c2f49675e1ea42b7f006a7,2025-08-01,Bicycle theft,-0.101359,51.5187,51,0
b61fb072e6241308a123b5d7e57563e91f915f18cc76c35668df915693f8a89b,2025-08-01,Bicycle theft,-0.108162,51.512834,25,0
d68246d4fbb66b656265aeae71eca26e0c08d74f538c1d2fcc1eef290b2a23a6,2025-08-01,Bicycle theft,-0.101621,51.516906,51,0
95c6ec304bb872cd9e7591b1c6b3cc166558c9aaf51c729d30d2bdf28dd90623,2025-08-01,Bicycle theft,-0.098017,51.519689,64,0
cb5f7dd69646cd1c9ac6247a51ab7e4c79fd8cafd238131952663698c4057160,2025-08-01,Bicycle theft,-0.108027,51.511884,13,0
473eae38d5d2cb1503969a9a6c518be5df989c802986276076fb22e078396476,2025-08-01,Bicycle theft,-0.102538,51.517739,51,0
69077f2adfe4d29490494cb39da397a5331fe25f9f158da379f43c0573f79f65,2025-08-01,Burglary,-0.099301,51.519674,64,0
003484cb2a9b97d5d013c00188c69b5e1969093ba26b1de84d28623e0ff9e7b0,2025-08-01,Criminal damage and arson,-0.101359,51.5187,51,0
e0c8dc19af4197cc2503d4feacf7781907ad611d304901f59d9409668d3fb229,2025-08-01,Criminal damage and arson,-0.101359,51.5187,51,0
cf77121f2aa05b7156a84b4204169a3d125a9b7fcd676b791034fbf2cb79518e,2025-08-01,Criminal damage and arson,-0.10498,51.512033,14,0
37ebaaba2c3acfcd988bbcfbd0bbb20179505cb2cda313d92b220d9ccda7bc75,2025-08-01,Drugs,-0.10498,51.512033,14,0
ad0ffe3b56474ecd65749030457a029891830520c2de9d515712777fd2910321,2025-08-01,Drugs,-0.103393,51.517978,51,0
6c7e479b978ed7edc9a52cff602676eba7ecbab83761916b20ce618947307bb8,2025-08-01,Drugs,-0.106076,51.517239,50,0
0177f0cf025efcd01635f92d060967ffdd12a275c379a5c1fc09b7232aaf8604,2025-08-01,Drugs,-0.10845,51.514202,25,0
a51cb8a26a338a016621ee1224978c249414df8701411e267e048b155e90f669,2025-08-01,Other theft,-0.106076,51.517239,50,0
c5c469c99556a1f8f8869824ce3bdcc7fa412275cf02aae18a2d2611c17b8d8d,2025-08-01,Other theft,-0.106076,51.517239,50,0
3e40e2c8c3514b439680134d304c25a357a0431398ffa8654316c90ce6696104,2025-08-01,Other theft,-0.101621,51.516906,51,0
26c4c5443ebfe2c6b07666e4cb2c8fcb834541526691a2e2ae0e920be62eff23,2025-08-01,Other theft,-0.098017,51.519689,64,0
abc0deefda1b05d6a78c1755f2f97fe5017e57b690f9621ea430c0b039a7cee1,2025-08-01,Other theft,-0.107443,51.515534,37,0
d11860002e831cf5cf964c6e3c1987867b9ee451f23fd11d2f54039616ffde6a,2025-08-01,Other theft,-0.101359,51.5187,51,0
772752ea48a50cd416c05ceb7ccf19fc7e26c6fc061263dc8d602d0465863e95,2025-08-01,Other theft,-0.10498,51.512033,14,0
bbfe7f3f0f33e127dc3d796cc12ecfb23fbbfc388b57dab6dc1456afcae0bcc0,2025-08-01,Other theft,-0.10498,51.512033,14,0
ff428403fec2efe6e5f02a117bcb2cd3d8587432a867596583a855ea58263a67,2025-08-01,Other theft,-0.10498,51.512033,14,0
cd9e9a5e8ed712cec0ee99e2ab9b59259b968de32f49a85a3ea6b87593bb13f4,2025-08-01,Other theft,-0.110474,51.517193,49,0
41b688580c711af737d8c001f93e6f10346a68a8bfc03ff11dabf1efc496eff3,2025-08-01,Other theft,-0.109164,51.517846,49,0
27c6e4397ec5c21dc56716fbf09f7bd7fb7f9bdc5bb888741664c0c7cdc24872,2025-08-01,Other theft,-0.106076,51.517239,50,0
4ff3e932c5de2878be916758b3071c4f3791fbecc518ecc9eb4dae39062b5d98,2025-08-01,Other theft,-0.10498,51.512033,14,0
e4bbbc2a08f00670d141f8db0db489cfcdd4d14fccb232648a54a4afe615f5d8,2025-08-01,Other theft,-0.106076,51.517239,50,0
ef07d2d4efb1207ef165223f5a862e52fc30cc59b908d631b9c9e14c61d21d19,2025-08-01,Other theft,-0.101359,51.5187,51,0
2645a79060db6af8ca7336657fd037594ff0f5584b2e9fa899bd3ce3a0345144,2025-08-01,Other theft,-0.098886,51.519254,64,0
0207c8921f5772b34bf464a5fa035dda9885bb28e9701fba2a1b41d3fc394dde,2025-08-01,Other theft,-0.106076,51.517239,50,0
15cce0b47417160548fedbab9ceef70455e6c02a3ab5b2a48aa622eb8b38dc84,2025-08-01,Other theft,-0.106076,51.517239,50,0
0a2b1872b5875cc9197b7c1abf24d6a4538c4a2e8d126ef52989acaec6750aac,2025-08-01,Other theft,-0.102812,51.517051,51,0
2cdecca76661044abba6e100f71ab3f4f6d7698505c53e52c468b0d8d5d47b24,2025-08-01,Public order,-0.101621,51.516906,51,0
c6a1a35ec1918eb2f2f4f107092bfa61d91f4a61a36650df7a6b87b9aa366259,2025-08-01,Public order,-0.106076,51.517239,50,0
cddc729d2ad9241e2a489ec691c8e49570b5dc9f6004d70a709f19c9ec4072e5,2025-08-01,Public order,-0.101621,51.516906,51,0
6ddde973d65d5c1fd2c9b9fc8f6c0156fa1bfac122c5de2522359ea1959bfd70,2025-08-01,Public order,-0.11069,51.517916,49,0
8a4307c47f62b20dfa81d5f0b7cea2b9fb2c2f014658a321bf19724ec8815f22,2025-08-01,Public order,-0.101361,51.519357,63,0
d3e988eea0d7548d63e13a0c7820e36b2ee7fb95f0f02e1e83545b46ba56a4d3,2025-08-01,Public order,-0.10845,51.514202,25,0
697cee06c3411b84dadf3059c49d12696e8e29321d7c70c3cd849d495136a938,2025-08-01,Public order,-0.106076,51.517239,50,0
e6433fede9a8b8c8c3d1f921e9ddef0fcbe375dd9dde25c3a3b1b6e3f2744b29,2025-08-01,Robbery,-0.102726,51.513911,27,1
990a07fcf1eb4190c42e3d430b97a03dd79f3e1205ea0215246f3a8760bcb101,2025-08-01,Robbery,-0.108027,51.511884,13,0
38d6836143649f5eace42d740609a73740b6435222f5a19c2855b8f426ba7f06,2025-08-01,Shoplifting,-0.101361,51.519357,63,0
a3ed1540108fa0549bf909759943f374a4958fdaf06ebc26d3fcddb9ef499d24,2025-08-01,Shoplifting,-0.10498,51.512033,14,0
9c2e45c0338539ed82cedee9c87a5aae3df4fdb11b55e1f4eff090ad8c57354b,2025-08-01,Shoplifting,-0.112953,51.518231,48,0
2a761d65679405553cd87c086e812245d08edaf2a811223cbc0e8b155950b223,2025-08-01,Shoplifting,-0.103393,51.517978,51,0
69a8a66529b3ca971756f4a9269e488ed4e85243f37c4e6edad6c90eea642b61,2025-08-01,Shoplifting,-0.112953,51.518231,48,0
8ea86c55f65193aaf5b4f70d4dbdf0755497489feb18b63f5e5df9f61401386d,2025-08-01,Shoplifting,-0.109164,51.517846,49,0
c3f6e98a6bdbdd2082a638d22ffbab14b9e4846d66fe7a26b81334e0fa65b60c,2025-08-01,Theft from the person,-0.102726,51.513911,27,1
8f519eeedf6938f9764501599f04fb8cb5332da3af4d2914c86bc1e5db095943,2025-08-01,Theft from the person,-0.10845,51.514202,25,0
afe8996a034f2f1f0c40d6e416bb37e72b731ccecc0d300052d2d7afdc0dfe24,2025-08-01,Theft from the person,-0.102726,51.513911,27,1
2e3a65c82ffc8721d9dca0e8b4b3564d0f36b662a6e7cbb9badd8896a062ee50,2025-08-01,Theft from the person,-0.10845,51.514202,25,0
81e40812f07dba4f738acdb29511e036bbd5335b25d7a718cd48721ffe3cd689,2025-08-01,Theft from the person,-0.10845,51.514202,25,0
ad9a59fe0874ad3db4eae632b03381cfa7ac3e22eef0d553ace9d137d682beff,2025-08-01,Theft from the person,-0.108017,51.514213,25,0
876bc792392f1770426415f166040228509a97623e18bae0986d2e3590c7ba9b,2025-08-01,Theft from the person,-0.105131,51.513941,26,0
489140bd1bc9555cc39fa30c3eceddec3af7a8d45e9915f233b7d8be04086776,2025-08-01,Theft from the person,-0.10845,51.514202,25,0
17bee4b7d5a8c243a2f7325c6e1a61d8c96da9b70f4ad42c36d962991c9f7997,2025-08-01,Theft from the person,-0.107997,51.513313,25,0
a8136955d3227e970b06b276f6789e8fa18a4bdf60cf8361a3efd9181f862c8a,2025-08-01,Theft from the person,-0.106076,51.517239,50,0
5df5e3862a4df7b74a4beceb4ed1ec03855ce789817605d0cea0be7c7f436717,2025-08-01,Theft from the person,-0.106076,51.517239,50,0
12182078d5dc197ea9b33b98a5d8d23f368d65551d4e0ae8c8f58e7be40520d6,2025-08-01,Theft from the person,-0.10845,51.514202,25,0
7258a5709e02ee73d557f45abb39e7457914749ba55a48576fb623cd2f4fd8e4,2025-08-01,Theft from the person,-0.102726,51.513911,27,1
a559a3c2aa008db85ebca03b5020452b2ef73d451c023d32dd6ef93b80ed99b0,2025-08-01,Theft from the person,-0.10845,51.514202,25,0
5968ca9c6d648a7d677186495e445828287d61902e0bd0db360b7cf8fcd86f96,2025-08-01,Theft from the person,-0.108027,51.511884,13,0
9e9b5f11f9c8a7b2b02917b54be04f4312fc6ecf91fd238a0307329f167f7000,2025-08-01,Theft from the person,-0.106076,51.517239,50,0
d87662730be43cbf0399887ff0f98a4aa039aff9d7a07d603dd5ef19c5200209,2025-08-01,Theft from the person,-0.10845,51.514202,25,0
3347ec57634a4ece47ed92ffb475823d91e5413e3d6fd6a0b4de81972412b3f3,2025-08-01,Theft from the person,-0.099803,51.519026,52,0
8730ddd407dc616482e314aa6fc7773bbcf41f0bf54b0243b687b6eab3f14cc5,2025-08-01,Theft from the person,-0.109297,51.515681,37,0
4dd1dd3fb453c8f843a3d25271741088d6fc4a91e2cc00f5f9a38363c57948fb,2025-08-01,Theft from the person,-0.106076,51.517239,50,0
2d3cce0b978fb334ae75f21c6416c97a754bda2a161f8d033335f2149021748d,2025-08-01,Theft from the person,-0.099803,51.519026,52,0
c3ab279f8bc6588164ad80de80e94fb26f65547bc997665e145189382289d532,2025-08-01,Theft from the person,-0.105131,51.513941,26,0
ba0baa0da148b9fb47eeef775c67f402dcdec680d85efee59ac96b4b227e2516,2025-08-01,Theft from the person,-0.099803,51.519026,52,0
34c9c0f96378873c7d391bfabd7313c1a2bbcdd54982c59520ed131b8a31baca,2025-08-01,Theft from the person,-0.101359,51.5187,51,0
84f3478b1c981a5b01159057c393248880ec9d81fdbe0ba036e8386a88f6e99d,2025-08-01,Theft from the person,-0.109164,51.517846,49,0
57d2b9884641e9dc567b67663e97a9f9a102a1aa60ca5e064330acc4379c7037,2025-08-01,Theft from the person,-0.112953,51.518231,48,0
5a771a7385f6f2a4e0466b35bec048c158b116ff46d72d57e773cbd975fd72c4,2025-08-01,Theft from the person,-0.109297,51.515681,37,0
6e823f2a67f17e7cdaad15f8840e1845c6f45ebcc1862c9618c4f000e1bd94ed,2025-08-01,Theft from the person,-0.101359,51.5187,51,0
ad5730a6175940f1f7d66acb1eef20c49632fad21c3303005eefa44458b2f874,2025-08-01,Vehicle crime,-0.101359,51.5187,51,0
7c3740ae9816331c6bb601c630d7a10e4908eaad5c6014f56fe07b1850e9e7e2,2025-08-01,Vehicle crime,-0.112111,51.517687,48,0
a200feb9425a962f4962094bff1189c783f827255420384a020b1b4324bd9166,2025-08-01,Violence and sexual offences,-0.108027,51.511884,13,0
37ee2d67317e13a0544795c3e0106c4f9801e6bfe91924462b45761c37f13a1b,2025-08-01,Violence and sexual offences,-0.109297,51.515681,37,0
c75eea738a74656fedca48eb94a7e360ed54e2eaa875503d6a2f5a1f0243ccb9,2025-08-01,Violence and sexual offences,-0.10498,51.512033,14,0
28d1136519388d19be226059c18d69f61ea001868d2b75daca083a1560e009fe,2025-08-01,Violence and sexual offences,-0.112953,51.518231,48,0
0187d8e3821bd87042142fe937dffd835e6ec70b7d93ae2de6468ec7707fe44f,2025-08-01,Violence and sexual offences,-0.101361,51.519357,63,0
2de18cd4a1a2a438a389a92cd763400d5cc1c96034413033ea496257849deaa7,2025-08-01,Violence and sexual offences,-0.099803,51.519026,52,0
8dbf60ce6b58ebcc65e1d294d28d0938a67e4be10033ccb5629bfec80be294da,2025-08-01,Violence and sexual offences,-0.10498,51.512033,14,0
84c11fc58f059d842a99b8b9a3c5fc6d393fe7622104cb2c332f7e18167c67f8,2025-08-01,Violence and sexual offences,-0.107979,51.51548,37,0
276d64f3839883fde957bdb4434ec633ddd3e8e6afdb1de8b3ce505e323d421b,2025-08-01,Violence and sexual offences,-0.101621,51.516906,51,0
5dac8d99f7bc4f452ce438cb3c71cde966e46ec7c477dc244d03e5aed4938ceb,2025-08-01,Violence and sexual offences,-0.108027,51.511884,13,0
c44ecdae352a22464c83cc493626a062712dfa5ce3dc267dd23fb9af2456ea5c,2025-08-01,Violence and sexual offences,-0.099709,51.519906,64,0
47dbea30f20241580ebcffd811d055d021247f37d668cb84ca8ef69200a88868,2025-08-01,Violence and sexual offences,-0.108027,51.511884,13,0
8d17bdb692b7e212f2932ee94055e8ee7e78c30ed7f1616eba35d531d9a7b58b,2025-08-01,Violence and sexual offences,-0.108162,51.512834,25,0
531de69fb00e55fbb0e500311d3bb15360787697addee78bd71c5b9f87ff0623,2025-08-01,Other crime,-0.101359,51.5187,51,0
4a933d3b145bc8d81fc22ff628fb71b95b2b5ecadb1b4ed796d24d5bf8f8f495,2025-09-01,Bicycle theft,-0.097506,51.521228,64,0
8ec72e95ea194bc74890dff938d4f87a018bd6316927750c71b82f05603e7cc0,2025-09-01,Criminal damage and arson,-0.096367,51.515355,41,0
67f3d1af80a6df6b77c1989c7a3cc75516f6ec65c191b4de0dad3e2da733cac6,2025-09-01,Criminal damage and arson,-0.097078,51.519045,64,0
febce3305208ee7911a79a252a55bbf54f1c1a3283da66e4ed8582e1492e3c5e,2025-09-01,Drugs,-0.097078,51.519045,64,0
93cd762f4f6cbccccd9bbfde4d4efd58a7d74f67fcb951634b4835c7948d7593,2025-09-01,Drugs,-0.098519,51.517332,52,0
11e1dbb8a22a2b504080f29e9372726091f9151508d4e7d1d048ff916dc2742c,2025-09-01,Other theft,-0.09729,51.521575,76,0
16268ea92ed684aaadcc5e67340521ffaf132e8fd8f69241099da713c80cb10a,2025-09-01,Other theft,-0.097144,51.515062,40,1
8c1c43356ce378075dad9957196ea62cc923ff9224b558cf1452cfc619660e74,2025-09-01,Public order,-0.097103,51.518461,52,0
b71c4c32ebfc41cdd0c9ad50f9f16dc99b08c9e1f4f173e616f815ef93cb9e05,2025-09-01,Shoplifting,-0.096367,51.515355,41,0
1bdaeae72fd977678025d46268e955a7f92ce4d186dccde993bb089798aed571,2025-09-01,Vehicle crime,-0.097103,51.518461,52,0
19402c3ea4bf444977f6fb72217c9164ddfdee1fb99b3725a141729d473c0f0d,2025-09-01,Violence and sexual offences,-0.098519,51.517332,52,0
14541037fe56db3e3ede0c53370c9f3d1c6fb964a85fbb4042b9ea462e3f984f,2025-09-01,Bicycle theft,-0.092488,51.520598,66,0
a1ed9f1ea9ec3e146dc71da276b1198ebc74e552c58f905eaf7df0ddc3a2aa3a,2025-09-01,Bicycle theft,-0.09413,51.519961,65,0
41b8b825f575fcb15d30a946aa8c5e3589ac9cc2f874f309eb01214aeff27fd6,2025-09-01,Bicycle theft,-0.092488,51.520598,66,0
6db191633df2d41fa5fe45b72bdaf2db870cc1ed7996f5f5c87679cb7af856c0,2025-09-01,Bicycle theft,-0.092488,51.520598,66,0
a662cabd1fdd52d62eb2d0a1caa8f9c78d1f2f748cd26927b33450a05e697b94,2025-09-01,Bicycle theft,-0.092488,51.520598,66,0
4c596c3fac45f9c07be86d2259d1dd8a5f6ef6a219391bc06d8d789dc7d88867,2025-09-01,Other theft,-0.092488,51.520598,66,0
bedc3ea672a80f35c57a0cda1549101777671f09f5e9efb51a4f3598a3119fd1,2025-09-01,Other theft,-0.092488,51.520598,66,0
d684e0a4f4a89d40e9589d0259b18cf3fd04dbd0b7874cd5629a74a9f8df9b76,2025-09-01,Other theft,-0.091495,51.518145,54,0
4e21caff94ce054528f29c0c22a89bc84384d89a1fc646db8559bb73b6cb2c26,2025-09-01,Other theft,-0.092297,51.518949,54,0
6cfab8a669d2504dbca604bdad2c899cb2df8c549ea587bc8edbfbd4c807632a,2025-09-01,Other theft,-0.095704,51.516747,41,0
1f260251af4fd7dd9e108fffcd44ad2642c82fa173c3ecf03a579e7667718978,2025-09-01,Other theft,-0.095704,51.516747,41,0
f31d09163ed471063224dec41bbf29467987cb2dd4028559de7af5862539c10b,2025-09-01,Other theft,-0.095704,51.516747,41,0
14ed6ff49b8fbbb5c7cadfa8e3f9421eabf39a541a82790ca7402a98196a0fe5,2025-09-01,Robbery,-0.090648,51.520127,66,0
737516b587ea8df12fe00cc84911c54db91afcbd5282d72f474f14c16b83e86c,2025-09-01,Shoplifting,-0.090553,51.518948,54,0
1fe6e7433ac81bc283ddded5ed7f9cef114c2f7161c2a2b1ea684e3fc56dadd4,2025-09-01,Shoplifting,-0.090553,51.518948,54,0
7fe8b5309f92d910f597ee50e079c2833be33e7708ba30520c9100bb3b158b89,2025-09-01,Shoplifting,-0.090553,51.518948,54,0
3057ae8471e99a3f8f19ef012b7bb2c96bf488d70491dd621133a5aa6e2368dd,2025-09-01,Shoplifting,-0.090553,51.518948,54,0
0c83c46b14e2685b21d6c779fc07963c00ae9ca7517293e6af022fe57912392b,2025-09-01,Shoplifting,-0.090553,51.518948,54,0
cfd3d1da641e3f7d89671d89c5196907443031a6f52637ac4ab5592fdf854f09,2025-09-01,Shoplifting,-0.090553,51.518948,54,0
5db50d846856c6db42208ba8babf0af96baad78007b930a53fb2719f0305920f,2025-09-01,Shoplifting,-0.090553,51.518948,54,0
b935ddc52406d04aef5184077f52583433892ec275d223a5a65c4e4c6b15a37c,2025-09-01,Shoplifting,-0.090553,51.518948,54,0
59d90b5b7817b8f700bcec73866fddb58adaa98b1697aac864dfbd3549b6cd31,2025-09-01,Shoplifting,-0.090553,51.518948,54,0
e49d94d65c320b8aa00baf5b356f68a4abbd4816e3cef7d73631dca0e60c2aa2,2025-09-01,Shoplifting,-0.090553,51.518948,54,0
d8f895d71126eaf87133fcc010989b234475d267579247595f2e3b8ae0654b87,2025-09-01,Shoplifting,-0.090553,51.518948,54,0
1b88020503ff3bd56f3724a2d17e3f5157067cdb06d5ef2304da4777e2e8e56f,2025-09-01,Shoplifting,-0.090553,51.518948,54,0
d5f3748caab50766dcfc971461656055afa855ffc964531b8eacc4860f2571bf,2025-09-01,Shoplifting,-0.090553,51.518948,54,0
ae709fb6cbfdc3e7efa5ddb5b89667b207e9c435d2d1c17c6116e8ed812e857b,2025-09-01,Shoplifting,-0.090553,51.518948,54,0
6557b8a15225f99db37dc05660336743353b7247b78079db017aa323544b5b0f,2025-09-01,Shoplifting,-0.090553,51.518948,54,0
e49d31ce262b43d4c05f7a4254f4a59b5fc75f4057e16697215e96f913aa5752,2025-09-01,Theft from the person,-0.091498,51.520483,66,0
6cea3d41508514961fb2a3193155dd5320278e4787518bd22f2fe6b9fa994ad5,2025-09-01,Violence and sexual offences,-0.09413,51.519961,65,0
1b65eb3d9375d91cbc6ff98b0e6e58618a0b75c3dac97a8d2cf3a6901437ad5d,2025-09-01,Violence and sexual offences,-0.095704,51.516747,41,0
0fe28b9469ea1bf7e2ac26f02efcc3aceec714b3d31b40d81c5bf11f3d9430e0,2025-09-01,Violence and sexual offences,-0.09413,51.519961,65,0
,2025-09-01,Anti-social behaviour,-0.097706,51.522652,76,0
ee95984db184f5fc005686a59f5c12cd3085e275684e5d96ece72e4dc00a0e20,2025-09-01,Bicycle theft,-0.096984,51.522426,76,0
27df3bb4bbe70905dce8d5e79a75e69ff025a848ec92fa31996191a880af42b7,2025-09-01,Bicycle theft,-0.096984,51.522426,76,0
95490f8a83a35a35bc889e177ad3bd6439c4a1f8c69da632571f01960aa11575,2025-09-01,Drugs,-0.096984,51.522426,76,0
9207270eb9beb754c4529b94971e76708997fddfcac2e287332693ce6eb51b4d,2025-09-01,Drugs,-0.094932,51.522823,77,0
96d8f5dac93612a279a51761f8b9a1784950adb4ba1fc58418c83b5528372755,2025-09-01,Drugs,-0.094932,51.522823,77,0
86566585ea2c9eec249e3460ceb469223a8e54589b711c7a8999dd8367d69ea3,2025-09-01,Drugs,-0.096984,51.522426,76,0
7dcb29fcc316dc85afb286cf44ca8f16ad48e440d265b75137f7871c7a188b6b,2025-09-01,Drugs,-0.094759,51.521435,77,0
85ee625daecb55b323d6cb158c59eb35c881d78850c7a463160e946466cf69e6,2025-09-01,Drugs,-0.096984,51.522426,76,0
79c17fbc954a3317a30847f31f8084a74337a2795639b1b5622dd2681d805bc1,2025-09-01,Drugs,-0.096984,51.522426,76,0
13ca4fb8593f2fe0cff832dcbaba0c4f74004c86af6ba6f10aeb43dd4f04fee0,2025-09-01,Drugs,-0.094932,51.522823,77,0
d54e19eb7ce8a8a03647afce8669b930d5cc40d7131bd7197ec6e66fe58054e2,2025-09-01,Drugs,-0.096984,51.522426,76,0
b66aa1763ed9119bf64d5b3e381e4bbe22d5ddbe7710b99ed275bb5c5c3ea5d0,2025-09-01,Drugs,-0.096984,51.522426,76,0
5a51faf54ae408eaf4e259a160fc9a518f2af24232db5d0cac1b5fd880f03149,2025-09-01,Drugs,-0.096984,51.522426,76,0
75209a09b6a1e81fa6f53487d692b290533cc3145b756cf8b77564b4eb504205,2025-09-01,Drugs,-0.096984,51.522426,76,0
3decf8787d5a9e8137014f32a6f6cd38cef4560f65a637a584e1a93a64e9d498,2025-09-01,Drugs,-0.094759,51.521435,77,0
994b68567b42ac1f5116c233afed6c8c8cb279f4bba4f0fa438be8cb0055fcfd,2025-09-01,Other theft,-0.095758,51.521667,77,0
d19416afaf3cc1e8e562b6b55004745835cda8de7176e8a4aa6a15f371206132,2025-09-01,Theft from the person,-0.095758,51.521667,77,0
499ab23b1c22c85e3fa7b06e8425a031036273af5e06cfe90ac9d9c59601f43a,2025-09-01,Violence and sexual offences,-0.095053,51.523022,77,0
,2025-09-01,Anti-social behaviour,-0.073717,51.510084,23,0
5732482148586e8d559dedb048c98442df8bcbd9d441ff100cc7eb6d8ba26dca,2025-09-01,Bicycle theft,-0.076425,51.516271,46,0
a23efa78fa3f1370ffa600b87d5b5570796e83a5f613778bf209ffe7f1a605c0,2025-09-01,Bicycle theft,-0.075866,51.511406,22,1
53bc1a62fadc48a14318f88c0316674a3011257494e3999b13693da693a01972,2025-09-01,Bicycle theft,-0.074925,51.514924,46,0
345bdeaf6c10562f624e8e725018e7f47f66a511b93ecaa8c4149d4bd08841ef,2025-09-01,Burglary,-0.073704,51.511748,23,0
9c8e30f04a79574c43726bf88a1121e23f0f244fb25086978a6db069a129356f,2025-09-01,Burglary,-0.077511,51.515812,46,0
dee3cdf0cf25437f2c4ee9a68fb540c8a19d3fb921eb87b6b1aa7ae6035d2f54,2025-09-01,Burglary,-0.07508,51.512625,34,1
4db532ee80ea0c5305c465073b0ea565c59bbb17fe7ca0db47c781e9e7a78931,2025-09-01,Burglary,-0.07508,51.512625,34,1
737deb6f00b2a395f37fae448d0ca844330f8ebf96ccc2c8eac6c6bbc31f01eb,2025-09-01,Criminal damage and arson,-0.073456,51.513542,35,0
cd7e5594d3ac5cf077891eff8dde387ac0392a0e9b2a6de586a928ff674d6436,2025-09-01,Criminal damage and arson,-0.075922,51.515894,46,0
38b7b3291d4159835a2c85ee4fd3b729953f3dc25cccab75ac1e7689db128de0,2025-09-01,Criminal damage and arson,-0.073456,51.513542,35,0
18353d7b3ec6466d631d39f3370659ee6b97b1af65bd740760c1e4f14286f7a1,2025-09-01,Drugs,-0.073531,51.513813,35,0
9a8c7491d84f76cf7f5eeb57578e685c170c6e0ec65ad68e1d302687ba4fda8d,2025-09-01,Other theft,-0.07508,51.512625,34,1
9e1b0ec7219599d1044f61b0bc64d4f8bc50de8e40fb746b9e706b18e56a20a1,2025-09-01,Other theft,-0.077407,51.516215,46,0
baa6ef27c2f77e273cb37f205b75d06b2a273e15c31e9ae24820619b72b1c429,2025-09-01,Other theft,-0.075453,51.511965,22,1
b28c65c03aad3117e9cdd37356a366442c57e0eef531750af3c4ded2b55e3797,2025-09-01,Other theft,-0.07433,51.513647,35,0
f8fbe59daf6db7f3a0a2ca0d3b773fe2ee36064f934f2ecdf8701c2d37ab6963,2025-09-01,Other theft,-0.074925,51.514924,46,0
938bcb2c49c5dd1cef28b3c131782dfdfa2d4b42908390a3d77f8b5826d0989f,2025-09-01,Other theft,-0.074925,51.514924,46,0
26da170efc4439e9827db778e3c5666be4370541b199ed9d20355e4c60df58ac,2025-09-01,Public order,-0.073456,51.513542,35,0
dc737241b338642d2f5baf013a173db28e0adfb750850c0b35148af6ee9c6838,2025-09-01,Public order,-0.074925,51.514924,46,0
21a29287388e1807679072a6bdba60910df233a5718ea91371559198a3d59f69,2025-09-01,Public order,-0.076716,51.515178,46,0
a41f8baaed5d1d80871d419decf52f9096ffcac87cb2828a42ac1ac634048523,2025-09-01,Robbery,-0.07433,51.513647,35,0
f35c4a69f3fcf09944a4bc685a83e85805217428bf6af3992f12de719333d317,2025-09-01,Shoplifting,-0.076716,51.515178,46,0
810df7965001c6090c36c7b01c05bc75e261edc5d17c2cb1784c970b7190591c,2025-09-01,Shoplifting,-0.075401,51.511164,22,1
db36caf964caeb18bfe82413d603d0c6e190540fbe93fcb1b54164b76da42ef2,2025-09-01,Shoplifting,-0.07433,51.513647,35,0
91ffd0a2b9a0d7357e979ab44e7946e9b26fce5adfa7c24907135328c4142673,2025-09-01,Theft from the person,-0.074253,51.511037,23,0
f142db0431b527683737125e2317ac3e9be68f44309f51ba49a2cb8bb8503750,2025-09-01,Vehicle crime,-0.078849,51.516212,45,0
64a74a7dfeb524c752935897ba23ae7523234b4dd5137c4298edab2f88f59130,2025-09-01,Violence and sexual offences,-0.074925,51.514924,46,0
e86148b5bfff7055ffd70fd4132a21d6d855f17024854bb0ea54d9ab69350108,2025-09-01,Violence and sexual offences,-0.074925,51.514924,46,0
dfd538a6e5854cbf8acf15d92b92d16042f82898b5f74d2f936edb3b3681cd68,2025-09-01,Violence and sexual offences,-0.076716,51.515178,46,0
77019620b5d5ce8cbe91aafd6097b12f89bee107ab680304380c81b75e6622bf,2025-09-01,Violence and sexual offences,-0.078849,51.516212,45,0
b374709de6ec58bf0445681ab2a0d1c395de9de1f3100443238fed022c2c9d6d,2025-09-01,Violence and sexual offences,-0.076145,51.512642,34,1
,2025-09-01,Anti-social behaviour,-0.093339,51.511557,17,0
,2025-09-01,Anti-social behaviour,-0.091823,51.514427,30,1
,2025-09-01,Anti-social behaviour,-0.078755,51.51844,57,1
,2025-09-01,Anti-social behaviour,-0.092036,51.511049,18,0
,2025-09-01,Anti-social behaviour,-0.090798,51.510328,18,0
,2025-09-01,Anti-social behaviour,-0.078424,51.518093,57,1
,2025-09-01,Anti-social behaviour,-0.09154,51.511896,18,0
,2025-09-01,Anti-social behaviour,-0.089808,51.517461,54,0
,2025-09-01,Anti-social behaviour,-0.083977,51.510441,20,1
5df9146dcf7242f6d9909f28b17da8ae0617f4f1e0f7be7e44344c78f61c5932,2025-09-01,Bicycle theft,-0.078495,51.51777,57,1
21900005c2e8821748e8b6aae717d2bf6f3e77887532f1270cdfc423249bbc42,2025-09-01,Bicycle theft,-0.079196,51.513789,33,0
e651fc14431c0837f89d04368b76bd4850fb68a82148238a1aab9d1019a726d1,2025-09-01,Bicycle theft,-0.093339,51.511557,17,0
1d4b95ec9b0ff349c90789782a7dcf2464b1c3808fbadd4432204a0534d87520,2025-09-01,Bicycle theft,-0.089479,51.510864,18,0
6a1c20239c7809af0d4a8452665cd3aac0b1c5b51929cb3d972ca13c621cd10e,2025-09-01,Bicycle theft,-0.086019,51.513631,31,0
31a502dfca88447b1742cb4c6697e08c64e79a9a6b535a889de28f41b0b03758,2025-09-01,Bicycle theft,-0.079838,51.514267,33,0
7ae2bef7d25bce35316daaed668ed2364d5a45269eaac1eb5e8627ae44ec531f,2025-09-01,Bicycle theft,-0.087157,51.512624,31,0
4c4bf23bb48abe98a49fdd76134aba792cb62171cefe5fac20df4a3e5746b0a4,2025-09-01,Bicycle theft,-0.082993,51.51636,44,1
f74f5e6adc457aabaad4ca7dc37a33ce154af12841c3973dce5dfcdeb515b8b6,2025-09-01,Bicycle theft,-0.079521,51.511196,21,0
1eeeabe6bbf6efad1e7c100f2de7e4d7d701e28e02c2643e164bf90bcb23db23,2025-09-01,Bicycle theft,-0.092531,51.512658,30,1
54fbd584d4c3d776b8a35dfc7bcf49ae3f63372ac951ec43342c4e6cb00148f2,2025-09-01,Bicycle theft,-0.086815,51.517007,55,1
97fe06e9ef7d5bff9044935e48d2c697d11b679429c0bd08f1518c98da777ab0,2025-09-01,Bicycle theft,-0.080291,51.514814,45,0
f85e73af768177ff7b62af99b9cd94e58f642bca43d054f9c1a916e8514cd913,2025-09-01,Bicycle theft,-0.100588,51.512636,27,1
309b98e8ed5e982d7b53e54b0fe6483d96562ef93759691b8028e22e7b4016fe,2025-09-01,Bicycle theft,-0.095224,51.513736,29,1
b9e1037ca113b1685923505173aafe3924de290ff4450c614ace1f623a024c4d,2025-09-01,Burglary,-0.085089,51.512105,20,1
c61e891326e1b9ee1aac1ee0639030dfede24b42d85ceae28720b06723c90095,2025-09-01,Burglary,-0.086815,51.517007,55,1
a8e9f9299ce647b65831a5ae3aa93f9708ea8914378a57a6766f5a7831296422,2025-09-01,Burglary,-0.0949,51.513209,29,1
46a7e700e7c4d2fdad1346ca21be3da0eac5a0b241db54c7ce3d1c6e3cd08f06,2025-09-01,Burglary,-0.089822,51.516103,42,0
5e98ec7bd7f98e1ee1d3aecfe3ade917cd0b488689fcf12da3b902e653de1a83,2025-09-01,Burglary,-0.078424,51.518093,57,1
9d89823bac045c9fb8eb0695398b223257cd588677a609adf45e183d604d5a15,2025-09-01,Burglary,-0.100201,51.513286,27,1
1bfc6d28fb051547fc773a8183bef0894b05db1f612aa0379f535e612f966000,2025-09-01,Burglary,-0.085228,51.51119,20,1
21cddcfa7d22aebb882c6bd101309868cfe6bd740beba5ff58b6adf2ad8f47d8,2025-09-01,Burglary,-0.082133,51.515222,44,1
2300ded9a050792399b7c3cc1d6149f5881011e9e441af9c28b22347e24e28af,2025-09-01,Burglary,-0.081643,51.51007,21,0
b8a69f6871b9e4d0f9b2bc3ddc881b6e5d197cbf0ac04e86546b740640c15acd,2025-09-01,Burglary,-0.09407,51.513079,29,1
e0de74181f9c60dbf326f1db0fa81b6b276fe45f10906febcc4c411253386f1e,2025-09-01,Burglary,-0.100201,51.513286,27,1
1a89dd8d9f53ed7c541fbdf46573db5fa39548734b4ad8415e1e100f51b1151c,2025-09-01,Burglary,-0.081113,51.516869,57,1
b43e826a96017ff66ce2d31b46114e9d6de2a3dcf0845920e73521ee20544784,2025-09-01,Burglary,-0.077959,51.511332,22,1
c6433b01f1de3ce292a1aabab4ec9955231657184e5365c5d975bdb28a87698b,2025-09-01,Burglary,-0.087744,51.516492,43,0
0b649af357343392c3fa48615b64aa611e9bab4d4628f09c6813ad2db7ae5548,2025-09-01,Burglary,-0.081091,51.50882,9,0
6a62cf09a2a143ad183b9310b80f1eee39f6cbed5bf02f500f9cdf6c31757b04,2025-09-01,Burglary,-0.088456,51.514975,43,0
833235e7747e699aaed26261ccdcb1a8133c6b04350f8da1b2f64bfee2d64ce6,2025-09-01,Burglary,-0.084559,51.510316,20,1
54f5810fc9bf46dd721a8fbb426959d94f257482946877e6fecc550f2db78524,2025-09-01,Burglary,-0.086815,51.517007,55,1
b16ab1f10d994680ac279eaf6c3d3733983e72fb1384431b0b6e15c7cafa1519,2025-09-01,Burglary,-0.101589,51.513515,27,1
55fe1db53519bbc17f397289ed35d215025d49e32cbe017c1b099a473d25c37a,2025-09-01,Burglary,-0.081113,51.516869,57,1
5d4f6d4143f5aa7bebf6aaad74f1735d36f98d235de463297a10f8f9e4637171,2025-09-01,Burglary,-0.081113,51.516869,57,1
5b8b2a1424681e5df8d042362cec10d71b63d2fa8efc1af280a7859707021c31,2025-09-01,Burglary,-0.087157,51.512624,31,0
65011b3ae1911a51dca48672ea0f289d32a0f443cf0c3eeb9e867f5000ccd821,2025-09-01,Burglary,-0.077959,51.511332,22,1
9740e8796834c1bf6bb22cc73f5314868da768711207190b462db6a1fe1e3a5e,2025-09-01,Burglary,-0.100201,51.513286,27,1
8aed2d24be3380d253d16032338679d3567c9aa9b0d760c6bd5b55c3459eef6e,2025-09-01,Burglary,-0.079196,51.513789,33,0
f0e0a534bba5736eebc4d531b734fa0062ff855db27620ed1cc9533144b4d40f,2025-09-01,Burglary,-0.078477,51.509965,9,0
6899bbaa38ac184dad0e90ff2065e9fcfd6c1bbe6033c1707e4ca11bd107b076,2025-09-01,Burglary,-0.091823,51.514427,30,1
c005130cd6f8f9bd3857112d79a351e1513f16d31701a9d859e0a1b63a46a513,2025-09-01,Burglary,-0.07707,51.510877,22,1
92bf31c5fc51b4aa9aaf3cb016416c7b9888f79565ec33450ca5060e5449d7c3,2025-09-01,Criminal damage and arson,-0.095764,51.512549,29,1
5dfd4717167e8e40732333af10507dc68543491ec8f8b7365eb4aa2147fbcf7c,2025-09-01,Criminal damage and arson,-0.083977,51.510441,20,1
51fbd19e963d074a10d6e8fbd8738167d8a409460146627a6a96389692f4c8b5,2025-09-01,Criminal damage and arson,-0.091947,51.513188,30,1
26a586a2e05fcd92aab413a53b7ea55337d381d17455fa29395326d1eebb3180,2025-09-01,Criminal damage and arson,-0.087772,51.510665,19,0
bc2cd0ab70d361295421dd187314b75a37d0dea422a362148a2fefac23eac184,2025-09-01,Criminal damage and arson,-0.079907,51.517785,57,1
bcc2061def0eff74707bd189ecb1a9e9a385f23906b1c70b806ae4b96cd57cac,2025-09-01,Criminal damage and arson,-0.078755,51.51844,57,1
b6b2c08c73a8db5796474a93f065d67214cc86612f360366fc1d94cb56e8be95,2025-09-01,Criminal damage and arson,-0.104276,51.513712,26,0
32304fe96b75ce73becaebbb635012fb1f1278f450166bc816507454ee38db8e,2025-09-01,Criminal damage and arson,-0.092633,51.509872,6,0
d3e0420af48b4ebef9ec9f5b5aa4a62be5b36c5ed4d6cc4f88d76704c7c4e3a9,2025-09-01,Drugs,-0.079907,51.517785,57,1
abbbc75793c8abd563bf35483475487bea95b627c51f7ede54bbf40fed127096,2025-09-01,Drugs,-0.079907,51.517785,57,1
3d30fbf768cdd02ae5b578ea899a0a16a29f2c1306a4b400feb3133d168e30d4,2025-09-01,Drugs,-0.078424,51.518093,57,1
e25dff3bee7ed8fdecced00ad2e05bef2bb636e6de0cf02f1e09bf1f8abaedcd,2025-09-01,Drugs,-0.085089,51.512105,20,1
e62167555dbad0319bc1537f9b791de08031cbd0cb19f07f937c91ceac9224d3,2025-09-01,Drugs,-0.09154,51.511896,18,0
78654d9300b1b5abbbd5e5e419a731b3643e26b08268ffb410b7911badc56dca,2025-09-01,Drugs,-0.091823,51.514427,30,1
445b5dac9dcd75d1a7ddf92de866a962e88fcf2b01e25d5ebe502055a46713ea,2025-09-01,Drugs,-0.09407,51.513079,29,1
3f0e9f2dac8d0949bb9465bd115ec4fb71ad7151e97331a5f4efefb401c3df37,2025-09-01,Drugs,-0.085089,51.512105,20,1
9acd30ebc726c6198174568c174da20a97cb78813b20b544bc6245d42e271cd9,2025-09-01,Drugs,-0.09154,51.511896,18,0
9c99e4e0cdebb98935c7b21b4b71e545e6f49473bf856ffe8a2ca129c14de5ac,2025-09-01,Drugs,-0.088903,51.510836,19,0
9236e70bf064cf27493bcbca7fa9f230ca91f35ec5387310e7004c5fa1ecbb89,2025-09-01,Drugs,-0.078755,51.51844,57,1
23cf80160149cd72d7548f027fc1278688cd814647ab17a0e22ad1b45682b78a,2025-09-01,Drugs,-0.081902,51.517296,57,1
113998dfa295373e32f6cf68c6c337e658835ad08ed09e0aec8d3eeb10175875,2025-09-01,Drugs,-0.09154,51.511896,18,0
1317c5d4a5a654b5ba063eff9a5682ced31b2668fc287af36476ec0793f69da2,2025-09-01,Drugs,-0.089808,51.517461,54,0
2b1bd4122b9813daedd35a49449e09c6b9ea3bed03c9a40db5cfd70b573d8bba,2025-09-01,Other theft,-0.081512,51.518692,57,1
3b99d93c82cec466e50fc14c63f76f1cd68fed56502fef779b15dae9cb385b7a,2025-09-01,Other theft,-0.089822,51.516103,42,0
444b87345b445cc55c84c277c740b25dcfba543ba67b1ca8cf2598105bb5b961,2025-09-01,Other theft,-0.077372,51.51259,34,1
692398dbe1b32b6ffb909fd1e70e1ec52fd6fcaae5411e1ad0eccc433bda79c8,2025-09-01,Other theft,-0.095224,51.513736,29,1
074f64860827398502d169fc0956afca1188acdb79bf0a728cf77aed3f43773d,2025-09-01,Other theft,-0.104276,51.513712,26,0
0a70f3a455b2c6e4d70efc7bedba02c0cc34d5c4985d30a53fe9d95b36639db3,2025-09-01,Other theft,-0.101589,51.513515,27,1
dc31fff958bf7b5b4c103bfa4d5d3fd47354f9c21a74d26d3786639a2db84f10,2025-09-01,Other theft,-0.102134,51.513929,27,1
8a08da7046d90f93e9530506a39190cd372e22f0b8e185b58f260fa1be724f9c,2025-09-01,Other theft,-0.090578,51.509722,6,0
c7f4eca6745cf2a9a725eb08e6ac782bb896481d92d7ea35b47ef4e660333e66,2025-09-01,Other theft,-0.090578,51.509722,6,0
1f0bccad1d27eed9d4da6c1f5b4aeddf92bbd221af13fc9054046f6aa2d5e30d,2025-09-01,Other theft,-0.078755,51.51844,57,1
8c700bbca4eca3da1bdad08d10fbe0ea96b05fa29de9ce4e7e61a7fd6886fbe8,2025-09-01,Other theft,-0.087157,51.512624,31,0
6558b73309f904d87fb440b2b48111b745d5277b863c7880e35114d7a6b403cd,2025-09-01,Other theft,-0.087157,51.512624,31,0
f812905314b068073f537cd7605d2591b46b00a3bbe82269d4fab23373256692,2025-09-01,Other theft,-0.082133,51.515222,44,1
0a0be39269f0fa24bb58e9fc198d371ddc66b087e62cadbdd0e9180c44ef1964,2025-09-01,Other theft,-0.091947,51.513188,30,1
d83d5177a238f44414dd0220460e2457847bfa1ae33f6c27cc4b5a0960046173,2025-09-01,Other theft,-0.078495,51.51777,57,1
66807869d2dd426200635894dc2556e7ac67f2359685dadf3a8a67b433ad3259,2025-09-01,Other theft,-0.09154,51.511896,18,0
fd383660f9fdd6bc57c1e4ee120a156854dc1f0a2b2a0b9291815a2093eb7c6e,2025-09-01,Other theft,-0.100201,51.513286,27,1
051bb5751c03b8d4938010b32069278ad3629882610f5f17f2c36ae8dafc3874,2025-09-01,Other theft,-0.092531,51.512658,30,1
37fefb4e3e77b284353b001a5fa371104a7630acbef8712a29310d778690f375,2025-09-01,Other theft,-0.097291,51.514626,40,1
1b6ed3be387acd682257c77db84d08d9d5086ccca619b060a632dd026eb89742,2025-09-01,Other theft,-0.079138,51.508312,9,0
f5a02e091547db25047c740a97c69f342929aaa286acc114210315a809e741bb,2025-09-01,Other theft,-0.08491,51.512588,32,1
85e4a9090ac1398e0c51c33b41e915c1854f766406a2319bf49e1e2a5c575e72,2025-09-01,Other theft,-0.079838,51.514267,33,0
6d5539b994b2f06887baa6f71cac1d2a7deb3f875de390e11d773b2f4f281c72,2025-09-01,Other theft,-0.09407,51.513079,29,1
74d4beb9ba318bc14c8466177d2458c22d6359dbb24cf37a6372fe6786cc2206,2025-09-01,Other theft,-0.102134,51.513929,27,1
df64985738571b4620f5f5b5257bc15c6ee94aec7c41a2da27966a411caab0bd,2025-09-01,Other theft,-0.101393,51.512685,27,1
4e0b56f621d51016c3faf3ee0ef16d78fc463b352a554e0756c3297846b1ab6a,2025-09-01,Other theft,-0.086815,51.517007,55,1
082ba84fcc0a12eae84f505e88a761d4caa1e496f458ae286fd92c881effd1f8,2025-09-01,Other theft,-0.088785,51.517102,55,1
3888a7631fbb1a3285388e994eb35f2a931f5ec825eb79afda3dfb1511685a10,2025-09-01,Other theft,-0.085228,51.51119,20,1
977a0ddeded3cfd7e9f1de6c4315d6cb250a4bd0761739e089e0b0d044b0e4a1,2025-09-01,Other theft,-0.085089,51.512105,20,1
b63f55ac3adeee5d16bb9d5a066acbef4c3dc7f871322c4c36bcc0e4ca97a819,2025-09-01,Other theft,-0.089208,51.509744,6,0
1170f862d077ae8644dc411b6923c6f8c0ec22409a0e194515b29fe44f752ef0,2025-09-01,Other theft,-0.101589,51.513515,27,1
fe43dcd792d0fef91d4ef5c0af89aae28c28028597abff4ce439f9c2084be3bf,2025-09-01,Other theft,-0.084836,51.511939,20,1
23ded9feb9658ecb33190e5a721424f8657e5b8de98c6818d0bf88cf8ac1016b,2025-09-01,Other theft,-0.084844,51.510725,20,1
418b6cc789bdb5f871790582ada4210614d124b465aeaf352314b9a1db69f463,2025-09-01,Other theft,-0.081512,51.518692,57,1
477d689a12e5b54c626b00d2294d1ea91664bc8b44445df790c4a5b2305e47b2,2025-09-01,Other theft,-0.0949,51.513209,29,1
211ef3c0a14a83ab15dcd11d3074be6fd641ccf3d62ba0f95ad6762494027f72,2025-09-01,Other theft,-0.079138,51.508312,9,0
f4d2f79bc1243ac3ada815c3f7876a4193e11ef851942c547c463d615a9c7c46,2025-09-01,Other theft,-0.088785,51.517102,55,1
f2dab10a5a297aff44cce65c7c9d6decda94ca458407cf6301e87d7719ae0ca1,2025-09-01,Other theft,-0.084754,51.512882,32,1
95c74ffb82218b73875f6e3e8d935d8d603a51cd16d6775e7e28a7ae1e8f6a1c,2025-09-01,Other theft,-0.079138,51.508312,9,0
dd9a5bb9617728ec6f341cdb31deaca88ba46a49666b4c191e1588e64ff3f621,2025-09-01,Other theft,-0.086019,51.513631,31,0
c44e778210976ddffddfa15602b2fde2b1beb43c49cc1f10288cd80e91603a4f,2025-09-01,Other theft,-0.09141,51.510167,18,0
3a1c1888f4f2bca75d3e5ee2c26302f6b3826b11c4877fbfe0e2d62f53764589,2025-09-01,Other theft,-0.09141,51.510167,18,0
62aed2fb29bbcd7a913067aeb87b42ef860c89a122c4d4b8d01dd3b5bf4dfec1,2025-09-01,Other theft,-0.085228,51.51119,20,1
8dc011d987f29d82bbf4f14e7327865a3f3cf14594755e118a9006d46a167dd9,2025-09-01,Other theft,-0.09154,51.511896,18,0
4c2b99adb4fd3e22aa9dacbff4df9bf31fce8519725e90e7ec186d9e3d55022b,2025-09-01,Other theft,-0.083977,51.510441,20,1
1d4e71ba0d0e50c32c855492f50326b8fd25d1e9eb50bf6afd128997c900ffc1,2025-09-01,Other theft,-0.086019,51.513631,31,0
2bc3ddedb12d6479b90b33f98d1cd584bdec0e7fa925dc314b89785f089cdd70,2025-09-01,Other theft,-0.079138,51.508312,9,0
99fbe0ccb21260fe52b5af11f945a5efe180ffef780cb7f3c48d6af148148fc3,2025-09-01,Other theft,-0.091947,51.513188,30,1
b409fb3b9a5534d316fc7cb4c0d02a01b2b814821b0c23a3bbb797855c5a32d6,2025-09-01,Other theft,-0.081512,51.518692,57,1
94cbbb20a17eb89d99007aa53725d94d30c22cf2d9a117626747f6fff2702696,2025-09-01,Other theft,-0.084754,51.512882,32,1
b24a95a944f67dc7943b15e5049d710b7b185165f777e0a492f1a51817cfd547,2025-09-01,Other theft,-0.079127,51.509607,9,0
cbb494597891d350043c5e27b1af3776e5d12d3c211cd690a2251370c721b6d6,2025-09-01,Other theft,-0.096274,51.511037,17,0
ccced9517786ed85ff357ab137624d6f61c12a0564bc32e41c5664ea9f3f5358,2025-09-01,Other theft,-0.081512,51.518692,57,1
7c7e1174b48f160ac539c2374c80d997de6a75f6fbe4e147af8730c76f8eae0d,2025-09-01,Other theft,-0.079138,51.508312,9,0
d2071ada07f5a0a55dfa4419417eace4f4ac34f599a64bf3d207d65d48202758,2025-09-01,Other theft,-0.081902,51.517296,57,1
d1d9d11fc8aed1305aac7176b926716a1c927385bc9dc2b0623952980d16ba6b,2025-09-01,Other theft,-0.101906,51.511794,15,0
af8054f1fdcefebbd2a9cc7de3bfa9c6ccab0a0489181c691015f3333447ef3e,2025-09-01,Other theft,-0.084844,51.5097,8,0
7d2a447ebf7ce88b78efc7939970149ff2cfd51a480e09356dbccc352fdf35c4,2025-09-01,Other theft,-0.100201,51.513286,27,1
b62ca86d046290dab7b018ffe040cf537da85f6f4d8457c943cf64f0ef3a58fa,2025-09-01,Other theft,-0.095054,51.510559,17,0
7bb654a734ae910a7631debf81400a0281965610a31064835d04d84abc8c3a91,2025-09-01,Other theft,-0.101393,51.512685,27,1
b87b104c369a958d5f2af8da6686d8fc576b08264c2e2b9533e8c937245b9bee,2025-09-01,Other theft,-0.096501,51.513874,28,0
e33a36d57e9c800a9474d998d1e1b166ae5f37717320543ae8be466c05e8d418,2025-09-01,Other theft,-0.090578,51.509722,6,0
e71acd0640a704554f07b3179fdaec16ca5f9d48c06566345f1b1b99c2552ae8,2025-09-01,Other theft,-0.086815,51.517007,55,1
a8feb1b55897f52c35b9ec104b6ab1235028f5b1f7be0b04fafc3675fe2e8f3a,2025-09-01,Other theft,-0.101589,51.513515,27,1
1cd4ae366f4f1f04def336a8e4098e23d3cee12e7e1396fa0d8ce2c5426529de,2025-09-01,Other theft,-0.085089,51.512105,20,1
71dbd6e9f208a453eef8e2a5081da29ab5df37369570434da80d745778e89eed,2025-09-01,Other theft,-0.085228,51.51119,20,1
30d1b0dfe03af4e11b030efd8c59346e13748329c9033b8916760ef4b545a933,2025-09-01,Other theft,-0.090578,51.509722,6,0
9d417bcbce6d69902ea773ea81c1d260acba02a6fe6f1c346575173bd1048fe3,2025-09-01,Other theft,-0.083349,51.51483,44,1
f4c52f4f0a69c295f9bbadefdb614d2d07e4098c15e7cf393f168e6da02fff3b,2025-09-01,Other theft,-0.079883,51.517326,57,1
c880ab7110662886763720ffdd9e6a977fc3437a564ed373ba2233ae08da5b7e,2025-09-01,Other theft,-0.089208,51.509744,6,0
57681a0af3d7020c5e883524d8c7af3c15a6b17d48e1f6ee3610d75d375464ee,2025-09-01,Other theft,-0.104276,51.513712,26,0
612fa5db7489c388b96ae7e7bcc5b9e33a10aca7f59e3d999cf69d9f6121e308,2025-09-01,Other theft,-0.083977,51.510441,20,1
11c88f06d11d8af3f6d6b028faac0db6d4ebd07b01e986dc71da76ef42efd0b2,2025-09-01,Other theft,-0.091947,51.513188,30,1
91ecd5c4178aa8d92e65a87c46b6c4fc45975c47c26d8f83f7272aff69add8f9,2025-09-01,Other theft,-0.101393,51.512685,27,1
59bb1b27ac7bc243e355aafdd7fbf7e1cf7aae329765f35c001b6c94735a8e9d,2025-09-01,Other theft,-0.101589,51.513515,27,1
a59dba74f2f6d7c3ee56c50e9fedb0c15a9c54636956bfbca3554544c260662c,2025-09-01,Other theft,-0.087772,51.510665,19,0
eb1e899d32d0e9d27c37eeb1bbd6a6b184cb2d0094fcee809b28fea75c055d5b,2025-09-01,Other theft,-0.100201,51.513286,27,1
d3a8b155d5a0cf5ba9f11cb056c65860630604c382219467af346f539666ac7e,2025-09-01,Other theft,-0.087772,51.510665,19,0
fdeeec2fe13b57040b2c9e78d1d9d934cc7a8e2c4b3f89014bfa686260e2b154,2025-09-01,Other theft,-0.088456,51.514975,43,0
3d7d1694343f72109d45fb0ada91dd838d8f34a3b4cb4e5b4c93527b30472087,2025-09-01,Other theft,-0.078477,51.509965,9,0
2a73cf386f6013228244a611690163cf30535acda8e5f434a727179983c4c050,2025-09-01,Other theft,-0.081512,51.518692,57,1
e9fa8163956c1eef37f147c7d01c9eebbf0007dd50f89c5cec823bd7f825b92b,2025-09-01,Other theft,-0.079907,51.517785,57,1
70a1fa50e4f710bec63ba4eba35875e8adf2df464a19e8324ddd881aef92fe73,2025-09-01,Other theft,-0.081512,51.518692,57,1
967fb3427cc58147727e188e0a039314680014173bfc8c166ecf5b60b9ea9164,2025-09-01,Other theft,-0.084836,51.511939,20,1
cd24232f5912ca8823521b940c0aaa5da7b529432e7d9060ffef96c63fa22151,2025-09-01,Other theft,-0.081512,51.518692,57,1
f975383459d3aa80a56c25ddfc89e8f3bce09966208bfea8562de3694789d692,2025-09-01,Other theft,-0.092531,51.512658,30,1
e50c2561598bcd3c280d491f8df3ce2681f2d2999b7840c9ec237bc83c61571a,2025-09-01,Other theft,-0.089208,51.509744,6,0
b31531fa5ccbee4f0345a4c03e2d546e2d7e7c174f04578b060ba158ea9997d4,2025-09-01,Other theft,-0.089208,51.509744,6,0
f678d7e33e5998da96e7814b458d327e1816cf72fe8a5145d4d8b69ddce9f0fe,2025-09-01,Other theft,-0.09407,51.513079,29,1
66d83d855d195bb53af3f99aba3f9b1b8d0b2b43142c18bcf4152ca77e4d0ef0,2025-09-01,Other theft,-0.079127,51.509607,9,0
3e2e6bfd11ba3438ddb3a85b82b2bbcbe22567c79cc7136b7ca32e22aba13749,2025-09-01,Other theft,-0.089208,51.509744,6,0
5d64f0a4f48379a04e4664c6526565a613dd6046f43183029cfec9aea4643518,2025-09-01,Other theft,-0.089208,51.509744,6,0
046d40391a45c9642c0089ff5f3f097722a9152ab2f8df9bbd163d41ac6fb946,2025-09-01,Other theft,-0.089208,51.509744,6,0
139d5d7b3cecc95ee8592eaaca3545dcc1c47c59407f17c95c9be73bf4c03717,2025-09-01,Other theft,-0.081643,51.51007,21,0
76220e8605c4ddf3fb58c007b76516340b01452576c1cb8cb57aa510019d65f9,2025-09-01,Other theft,-0.090578,51.509722,6,0
5480565641c6584012fa5898b7f64f4faf4b1a80a9717a5570a94fd7a3daf6fc,2025-09-01,Other theft,-0.086019,51.513631,31,0
5dd1f2c4afb5535e1a27cbecb82a0be69df6d7ba21ec931e398980dda98d7f2d,2025-09-01,Other theft,-0.085228,51.51119,20,1
ebbb711488ea6b3c7f86e22a1fd35a6c9269cbc27e6aa9a2e58b0abd713c3038,2025-09-01,Other theft,-0.081902,51.517296,57,1
4b68cbce7cab25a6be2412771b7bb30be904122054b11c936960b1bd7111db0b,2025-09-01,Other theft,-0.095764,51.512549,29,1
c768074e4d993c7dcf90c599c082073adf7d814a3ea349ccaffd289f539945b4,2025-09-01,Other theft,-0.081643,51.51007,21,0
86bb4fce36ee4a514d491b43bc26fafec7a9d18fcfe618395d7857950ebed1c4,2025-09-01,Other theft,-0.07707,51.510877,22,1
c775b1bfbf4b90ee05a8982669b2f75ad27eeb8e1dffe849fea8deb7525174bc,2025-09-01,Other theft,-0.086019,51.513631,31,0
b7a4ee95093b5a1ccc7b69c5b2afb5d913b6f3374f34f0d8df27ebbb500f5b4b,2025-09-01,Other theft,-0.080365,51.508943,9,0
725e95419e82c9e1fbe2e837f392486b028b713623bb7a209e60cfb421ce12b7,2025-09-01,Other theft,-0.077959,51.511332,22,1
883f19a648e5714c77ef27d8ef6be0c8d6b64681289615b637a849cc988a7a5a,2025-09-01,Other theft,-0.091823,51.514427,30,1
72054ec891eacee6a4ad216e718a51c52515932919de0028313119b1d4e927ed,2025-09-01,Other theft,-0.089808,51.517461,54,0
25e6933a075576ac96dc2334a058f2108aabfc47603e7ddc096119a96d2a9b29,2025-09-01,Other theft,-0.092531,51.512658,30,1
60d092ae128db327cb67386a668c4b14dcc42758706518b359e0450c05afe404,2025-09-01,Other theft,-0.086019,51.513631,31,0
f08bfbe48f5e61ad4cced738e6daf162096f96c7e4ecc2cf0e5a7bc0c3061113,2025-09-01,Other theft,-0.100201,51.513286,27,1
31abdb0b856f29bfce741ca95656c6b37b98975d30e39d8ae848e2b8e7fdf63f,2025-09-01,Other theft,-0.079127,51.509607,9,0
29a7faa6f4831799aa40d586164ba3b4475a8d999fea9bedb20f0900ca4e80db,2025-09-01,Other theft,-0.082993,51.51636,44,1
f6e267fb3ccc1b3961c588da980e0ef4b51a58b3327dfee6e4795d59ce334df0,2025-09-01,Other theft,-0.081902,51.517296,57,1
ae73a92fc8727ad2e2270ed1b616fa8c96827e57de543620c53774dfeb7859f5,2025-09-01,Other theft,-0.084844,51.5097,8,0
190a2b05c5cfc0498bee7161327ecca27a7d183a2491345058a346a3ee3de731,2025-09-01,Other theft,-0.079521,51.511196,21,0
07cfb46b8ee1b41f3043e1e945c4b3b48724d8361a3ce901742fdb2d244871fc,2025-09-01,Other theft,-0.100201,51.513286,27,1
7e6bd9b864b503a82f218f7db51722c0e74c262e9659a74cc395b443eedecd7c,2025-09-01,Other theft,-0.079907,51.517785,57,1
5a0487ed22cf4e4360a5750b59c4d9592492b3648a29c9ee6d1fc1a16dd92e45,2025-09-01,Other theft,-0.086019,51.513631,31,0
b7880b7575c07a2cfc088b293901b986d4f4949574d3cd5674529b06d0bab4c5,2025-09-01,Other theft,-0.095924,51.513882,29,1
d5bf0435cdc502412bbb00891fb316033860b318e82a45a1dec4bf53627cce25,2025-09-01,Other theft,-0.0949,51.513209,29,1
a5e53744cb9571214145a7be251671ea97ec126eb977d3718dde3a9a4bd718e0,2025-09-01,Other theft,-0.09407,51.513079,29,1
70c325926941aa4fef77f7d0d922e3b6e7ad11072265dc80eaf4c2c0e5b3b29d,2025-09-01,Other theft,-0.084754,51.512882,32,1
418661396d4c677962b08f627ec592eeaaf52d069c7f383bd6d99e756efdc047,2025-09-01,Other theft,-0.100201,51.513286,27,1
fbf416dc8c1837f38d68184542af9b6b53724eace5e3e4681ad1dbe5a2cd1660,2025-09-01,Other theft,-0.083977,51.510441,20,1
8bfce48d1302e80080e63f7fdb8dbc89bdc6d41ca0cb8ae73298f8ae3bb47aec,2025-09-01,Possession of weapons,-0.086815,51.517007,55,1
42661d252eb4974d479933c5f117b0b3d980c343d6e49b0a1714b9dd9e5968a6,2025-09-01,Public order,-0.091947,51.513188,30,1
09ca8b7c015f71f9f8b3be842dba9c6c1626c64ce36e43fbf486768e6f2706ec,2025-09-01,Public order,-0.101393,51.512685,27,1
3b941411d6b1f0ff6fef5091acb686e332364f26162e3175410c8fb54291bc3d,2025-09-01,Public order,-0.100201,51.513286,27,1
49a42684d611faaeb45002b5ab76b10bf8d4877e474c8516553dc6c62e4d0ac7,2025-09-01,Public order,-0.091947,51.513188,30,1
9c151c4154ffeb55e337df96c2d833ed99a81f4e38471076167eb0ee9909d4c1,2025-09-01,Public order,-0.101292,51.51477,39,0
5b519bbc2342b3ae619570b09c267b33cf9928f650fa98009ea9db6dd4369809,2025-09-01,Public order,-0.09154,51.511896,18,0
deb0659eea961db4283eb7b38590396e6a67c548eeeb9220850de12d9a974070,2025-09-01,Public order,-0.081512,51.518692,57,1
9727f2d8ad9fd380d14237d3d62b9807e4939febb37a2ab62b2355514433603e,2025-09-01,Public order,-0.081902,51.517296,57,1
31464812f013e8d2c40d2c52f162a11bda3103a762e6364116f5812d2d8976c2,2025-09-01,Public order,-0.079883,51.517326,57,1
59c363257dc62ded9896a46677cfdafb01a3cef36029108d10a84488350fa737,2025-09-01,Public order,-0.086815,51.517007,55,1
698ea124841ba4f009abd3a03258b83c40b14f4e212f5ae6c2cbd6886f522a03,2025-09-01,Public order,-0.078278,51.513666,34,1
9a3b48bd8769ab35ddaa930f7a3270f5be957fbc11815763578c2a427af82928,2025-09-01,Public order,-0.087772,51.510665,19,0
a311fddf46a6068c738936481d682d88395adb22b50537d3fd98fddd849609cf,2025-09-01,Public order,-0.104276,51.513712,26,0
7c6a437881d2127b5092079120b384c1e666f552e470f5f272bdc40c16b26b14,2025-09-01,Public order,-0.081902,51.517296,57,1
cd73291baa91da86f68ea893d6834ba5ce98d8bb3968fdde8b00a49ef43acb26,2025-09-01,Public order,-0.078278,51.513666,34,1
3a6aa127140ad7b262a0ce1273cca1347e8b5a4df0c77c435a53c466eba62bc6,2025-09-01,Public order,-0.078278,51.513666,34,1
ba1f591607504699740b32a909706e933e6f5713ef5761c2c1f3f815731dc762,2025-09-01,Public order,-0.082993,51.51636,44,1
b0e3a1468a9c08c0bc17019f13541d0b1f2efb69292f90f7c83f43f702cc0051,2025-09-01,Public order,-0.082993,51.51636,44,1
65c63cd64a2f24ae7c9783707f3b662d6615642c6185ec22886e8eadbdd3d7dc,2025-09-01,Public order,-0.087873,51.516503,43,0
c612cafdaa1d6d181ed52491ffc9957ca4f75f2cf5e66c73d3132317e6b03441,2025-09-01,Public order,-0.079907,51.517785,57,1
4aea22c0b9d2077671b6960afff14e82b78a874610a2bd188989fea6e5ec65e2,2025-09-01,Public order,-0.09407,51.513079,29,1
fe7b7b8cc891d14ee092e6bc6a7751c2265b8620f1b769ed06d3eae1f27679f8,2025-09-01,Public order,-0.088903,51.510836,19,0
2937acc6cbc349be357b96939343b965e6b26e1de37845ad356201ef01505f7d,2025-09-01,Public order,-0.081902,51.517296,57,1
5cb25d757b9cfcb93c0cb902a180fd2699aa72d967826118446e1a4dfe453a42,2025-09-01,Public order,-0.081902,51.517296,57,1
0a1840ba38824eb63eb9074c9571ab4c8d5b2c3306863160a7de4a16a335e98b,2025-09-01,Public order,-0.095764,51.512549,29,1
f5e54ae2759d547d064de57031da47aa945d0360d8709ba6ee9ae74575ca6deb,2025-09-01,Public order,-0.100888,51.514448,27,1
e76e3e359d7f6604a51d4830731468751b2913dc733fb1b78caa733bc67202fb,2025-09-01,Public order,-0.09154,51.511896,18,0
927de7a368ed316bd99058469eccbec606059a1d95a16cc0321888f718fd4c3a,2025-09-01,Robbery,-0.097291,51.514626,40,1
07e68511b129343560a25743f70c059a0cd62a542ee527293ff0378411411a7c,2025-09-01,Robbery,-0.095224,51.513736,29,1
fec9eaf5a1d72b1bf21540a6c7159b7db151ec70787302ec20ee5453b6413018,2025-09-01,Robbery,-0.100588,51.512636,27,1
b0c247dd113f9e982ce80b2f90fb52ae88f526778310304c640d97a3098d4c87,2025-09-01,Robbery,-0.095224,51.513736,29,1
a2b11767e481792d9931737398b2e710c4be150f75bc635dac698ebcddf59957,2025-09-01,Robbery,-0.096501,51.513874,28,0
89ade0ecdee66a078d3765e74028da6ed421bbde94d12862604efe2477ea4ecd,2025-09-01,Robbery,-0.085089,51.512105,20,1
fabac7708dc0ce9a65c7adc21805045b0d1c97fe97eaff93a1bbc5bf1d77d99f,2025-09-01,Robbery,-0.079907,51.517785,57,1
1e8fe87df130471ab4f17f482f4c4e00b9200a4c060223518e9b635c43db816e,2025-09-01,Robbery,-0.082993,51.51636,44,1
5be030d8eb29e55dba8dcecfb7948f1d445938d8491932f30a3a32aa27038236,2025-09-01,Robbery,-0.089479,51.510864,18,0
f5eaccf4f6b75f26691faef42fd54829bf29bd98de72931ee2cf30f09c9f266e,2025-09-01,Robbery,-0.089822,51.516103,42,0
7d09424bad12af2de17ee07ed3b7e6fa42229917663bc2bbba9f820a6cc83940,2025-09-01,Robbery,-0.09407,51.513079,29,1
48a154d81b23f227bef6573e9a2706c99dbd6f306d723c8578c6bcca66cb1b8c,2025-09-01,Robbery,-0.084836,51.511939,20,1
94e4a6d26f4eb6d8b288c77d29b5614730ee0c17c20f1cbf2f0f155da3730c99,2025-09-01,Robbery,-0.078278,51.513666,34,1
cbf547ce42abcd2a5ae95198b84020b705fb1d4f85d64f31d963ab6cd1be8fda,2025-09-01,Shoplifting,-0.084836,51.511939,20,1
0223900947d8922c1fa2ae8c43b80214ec53b1085bb8d86b8bdc92d380295668,2025-09-01,Shoplifting,-0.09407,51.513079,29,1
d3b2e3a8bbf8b9b04146fed7a206cae96e95d76e763e9a4be18c1c587fd7b8e8,2025-09-01,Shoplifting,-0.078278,51.513666,34,1
11b66f0518180a83d7e67c45917974c8c0cb3371d4e1ebb3fb4ec99e2c3f1f4a,2025-09-01,Shoplifting,-0.086815,51.517007,55,1
6e769994cab951e7ab4701271feeff736e26b5f9de57388b921f26038905893c,2025-09-01,Shoplifting,-0.081902,51.517296,57,1
ec28db5be9756b94adc4d1b7b31f805e92e356ec0d2760080f722f4e2e216ee6,2025-09-01,Shoplifting,-0.09407,51.513079,29,1
682774138bd7a2fc763895d77f6b3a67711384039efb04daeacd2bf372fe49c6,2025-09-01,Shoplifting,-0.086815,51.517007,55,1
5eeebe2190c7f249529ffc785955a105cb41313d7328a1c937e40b65b76f9efb,2025-09-01,Shoplifting,-0.082993,51.51636,44,1
100b5ace84b59307a246f4840dd609f3f194b486c778299343c3ebb3a0d6f661,2025-09-01,Shoplifting,-0.096501,51.513874,28,0
859439fa287221bce7df8311d700a57fdaecca93b8a1600146d28bff32e00178,2025-09-01,Shoplifting,-0.097291,51.514626,40,1
cce912f36e41bfeb416f684e859acac5d3c87a54a228cc988358e0d1b77d92ec,2025-09-01,Shoplifting,-0.081902,51.517296,57,1
c4efe4a877029dc215b5d3e1d223f2fefcdf554968ce26509bbf0bdfb4498ee7,2025-09-01,Shoplifting,-0.079907,51.517785,57,1
894cdb1c5a45ceab868b7b14910433eea2557d8f78d5749f433b1895948a55a4,2025-09-01,Shoplifting,-0.095224,51.513736,29,1
4612d16996a5dcd3ed94d8c67babeacc43c547b7f165d7b5b68c91e2f945e7c1,2025-09-01,Shoplifting,-0.095224,51.513736,29,1
a5f3cb49bb1225a414ab6ae03f9c63e175f2d94fabc0248661875fe71fb2e2d0,2025-09-01,Shoplifting,-0.079907,51.517785,57,1
e7d8e4e01b34da4cf329a444a5161a94d2faadb3f097956c514d0607e3b8d7e9,2025-09-01,Shoplifting,-0.079883,51.517326,57,1
00425b360a5b54fc0bd932e6dafcb39df0e2ed6232b75113c0f32943664da170,2025-09-01,Shoplifting,-0.097291,51.514626,40,1
d61cbb3040d71008d149d51d932fcea2531c2381578e8d06cc0f4b0a0ee4a8cc,2025-09-01,Shoplifting,-0.088785,51.517102,55,1
10529e6b05e301e72a9c597e8639e28e00435d078ea7f5690784c8ebef1d1225,2025-09-01,Shoplifting,-0.084836,51.511939,20,1
d2f3eacb9d7934c2ed7d1fd4a763287edaeddded5bf5beb351ceaadb7a9aff5e,2025-09-01,Shoplifting,-0.09407,51.513079,29,1
cdb7d05bae4519755be29d2932649cd847e4ad1a143ee877eec85179febf74eb,2025-09-01,Shoplifting,-0.09407,51.513079,29,1
22248021ef9af72d2b85de8eb8be3dfecf7ed0fbd18a59e13485e9e786976be4,2025-09-01,Shoplifting,-0.085089,51.512105,20,1
e7ffd343d6c6d225ca9c7146fc74210d20e60dfb1678c94c08dc2d335db055e9,2025-09-01,Shoplifting,-0.078278,51.513666,34,1
c35679224e2c9d15edc4ba59dba59b60e45b0e5b1cbf862610100c9f8ab60aa7,2025-09-01,Shoplifting,-0.088785,51.517102,55,1
b21638388f61741c5b268d27083f58e3962bf7102a0d8b1e1449e5622c748399,2025-09-01,Shoplifting,-0.086815,51.517007,55,1
9ec77bb7105259a1cff19071ad50ec3d86c3a621c465ed9fe02f70d4602ae158,2025-09-01,Shoplifting,-0.085089,51.512105,20,1
33754482a575d32b4e75940fb7aa4e01eac5b8448f466b4abc456769ebb8bf3a,2025-09-01,Shoplifting,-0.081902,51.517296,57,1
a3e8c98d02c400d307407e7109cb4fba9d006efa6419a83b3db979a550fc852c,2025-09-01,Shoplifting,-0.087772,51.510665,19,0
5b319dea4e4a0df3fb18dadb60c8284fc26e30fc4dfd58111ac695dac242aac8,2025-09-01,Shoplifting,-0.082993,51.51636,44,1
1749a207e7f3d0c7e68dca51813fb38aaad86aa4803d2cf72ab4c441086afcec,2025-09-01,Shoplifting,-0.085089,51.512105,20,1
04e58a2bbbe69b8fe0da894e51bed8ce85ae06d4665437613f73f6fca26f57ac,2025-09-01,Shoplifting,-0.084844,51.510725,20,1
08f43be3eba9c12416b6ae121e98790aad0dea891606b9f65ad37263a0f841e8,2025-09-01,Shoplifting,-0.079883,51.517326,57,1
a75d04c5623ea228d78bc7ba4cb9ac2e2ffb843f1268dfea4bdc329689bc4f52,2025-09-01,Shoplifting,-0.079883,51.517326,57,1
259fdfdd5e6aba482923a6e003cb998407d7d25fb307671ee451f85cf900f0a2,2025-09-01,Shoplifting,-0.09407,51.513079,29,1
3de1022dd37f5fa0bcde0fbafcb5fe2f982f09d161170df3fa1b9975979af285,2025-09-01,Shoplifting,-0.097291,51.514626,40,1
a90a88c2069b046755a6ce2789dfee84134aa5df1dd9a1d85d4153e399eb4cb8,2025-09-01,Shoplifting,-0.088785,51.517102,55,1
8d7cf00c44e8f435cf679695130e69ad89b948573248c65b0631bb14208beff7,2025-09-01,Shoplifting,-0.079883,51.517326,57,1
411ed97ce8b7e2f5342c10b390a012ce3737103b81c58ae400da2f788e1bd11d,2025-09-01,Shoplifting,-0.097291,51.514626,40,1
71fdfe3e87be2f35d19d6b6e38e7693a59f345e140afe0a68b22d9efe8eb8efe,2025-09-01,Shoplifting,-0.078278,51.513666,34,1
eea1c4a238d11301a5db1d87171556cf75f0f92e2b17e4ec40d0019eb177c9e9,2025-09-01,Shoplifting,-0.091947,51.513188,30,1
a8702580582984188c51e783db25033f8796180268de28e4ecc5043377888ae2,2025-09-01,Shoplifting,-0.09154,51.511896,18,0
0cadea6f1910a9bed4bb11a94f750c08c547a807f3ef0fa98b6e0984fd09a65f,2025-09-01,Shoplifting,-0.091823,51.514427,30,1
80d8c6de3258408893c6bb0062609de4b242cfae7200c9e9d62cbce747fc4df9,2025-09-01,Shoplifting,-0.095224,51.513736,29,1
25c94ed0e66bd92562e0b1d43fa539e1284c6b5f26bb1ecb1761891097c60dcb,2025-09-01,Shoplifting,-0.097291,51.514626,40,1
ada8f6c4d7edd60959e87c844f2756989cf8d062ce93631eee539c1de0529074,2025-09-01,Shoplifting,-0.095224,51.513736,29,1
2779fae109a882258e6f2b7964a6a115119d45c022193d3cd615e2f6cbf48806,2025-09-01,Shoplifting,-0.085089,51.512105,20,1
8c3270bd4edd6cd4e28a6b53400b7f9a9d0b438269972fdbac33fb9f7ebdaf5c,2025-09-01,Shoplifting,-0.091947,51.513188,30,1
f2a2d202963fad7e16ec61f7cab041c8a14a2a9b0b629b461191a0631f139b11,2025-09-01,Shoplifting,-0.091823,51.514427,30,1
de88c5f7dfc5b2cc09fedd3f87ef2a59642c5f0f6adff4ca5232d26010512d40,2025-09-01,Shoplifting,-0.084754,51.512882,32,1
51334c36e49e4a4889354f76ff4ae2fa92bf23e9a75b533d40d92415b972ad69,2025-09-01,Shoplifting,-0.085089,51.512105,20,1
e9dc552eecd2c3e97106ef6d914f33d2719b2ee94e1f1147f0c85c2d012fec20,2025-09-01,Shoplifting,-0.079883,51.517326,57,1
7134fa0913d3cbacb7c9091dea26988602b9ed67f67581f2396faece9cd57988,2025-09-01,Shoplifting,-0.079883,51.517326,57,1
bcb98eb9a20d541195ab374c91e0d45de87e1d5f205fa22432daeda4c74ca170,2025-09-01,Shoplifting,-0.095224,51.513736,29,1
c25cd807259af137001150e5751f067011b8c90d2dc71737d618241cecf9cbea,2025-09-01,Shoplifting,-0.084754,51.512882,32,1
c2314154c1af506d92c0ca7cb1359e443c55409e6aaa35327ee0f703732fdab4,2025-09-01,Shoplifting,-0.091823,51.514427,30,1
e56228216d45741888ca5c1a10b5128a041bcb45f9fd53dbc55131dad24bf23a,2025-09-01,Shoplifting,-0.095224,51.513736,29,1
fea54252d3b3827d8b239ccd501f659e12fea90c5c07e358bed5e76c273c5288,2025-09-01,Shoplifting,-0.078278,51.513666,34,1
26f1c2b625c3e19e4277a294025b2bdb9488d52541710fd6a7d8213b39d65e23,2025-09-01,Shoplifting,-0.097291,51.514626,40,1
cf4645816ec88f6971d31049d8ae0bbf764f7bd98c9f28875c5a4c51698727c9,2025-09-01,Shoplifting,-0.084836,51.511939,20,1
6c259d9c8b605764dfd769074acb73b10207f70db5c947add26d7677dd2aa98c,2025-09-01,Shoplifting,-0.086815,51.517007,55,1
cc8e0f708aca55b37bbd3b6c4c18f185b44205f081f22025a9ee240264cf6af5,2025-09-01,Shoplifting,-0.09154,51.511896,18,0
9cf1c93473443d8c7c96559776b58148e90d76a543c07721b0a78ff9371dc208,2025-09-01,Shoplifting,-0.09407,51.513079,29,1
a56cf853e450ac67d237d4e1eb04f918014bc4d4088b74929aa145391cb0e085,2025-09-01,Shoplifting,-0.081902,51.517296,57,1
14d7754c8643a8f1a408953beca839bc27a5da1a7fc6afd47e2930ca1f6dd8e3,2025-09-01,Shoplifting,-0.086019,51.513631,31,0
1c26cfdbb16a399f585bfdb9ce979237a95db0d5b8371ab81ae55035b406a715,2025-09-01,Shoplifting,-0.082993,51.51636,44,1
f5466020082b5f7f901c9c1eb4e06dcfd65ced53ddd5c6398fc2e87115409cd3,2025-09-01,Shoplifting,-0.085089,51.512105,20,1
d5386f42da78d474589dce6a764c7e5b75b18a2c91f6f429fbca71daa682a5c0,2025-09-01,Shoplifting,-0.084754,51.512882,32,1
6217dd88db3edfd132fb82b2a30f1b7852016aa9ccd91b7bee1556c1d7767d32,2025-09-01,Shoplifting,-0.091947,51.513188,30,1
817aabfbdf9cb004881e56fed1f9e13b58df72535331917a8854642eb87d469e,2025-09-01,Shoplifting,-0.081902,51.517296,57,1
d3d02530e0765ba2ab936daaf12e01de4b5d03399c1ed485dcc769162b7c235c,2025-09-01,Shoplifting,-0.079883,51.517326,57,1
3fb5a087237fe98883b279d0ac8fe19dd76946ab8630b73a76bcf6082acbaccf,2025-09-01,Shoplifting,-0.095224,51.513736,29,1
4dca4ce65b3a2503813b720c54ed576a945bce9d15b41405da148e59df6a996f,2025-09-01,Shoplifting,-0.088785,51.517102,55,1
ad9026dee5a51133eaab286009f8be51ac6baf2e5890ca2e8b3731ee01e9a0c3,2025-09-01,Shoplifting,-0.079883,51.517326,57,1
4b88b33c1819787e614f6a10977006d48657654f63244645e78bd58d76989e01,2025-09-01,Shoplifting,-0.097291,51.514626,40,1
0607ffb236749ced833d4e2abd56e34401148b8276ebdd9f4d0e92d5fb4a882f,2025-09-01,Theft from the person,-0.079838,51.514267,33,0
378f918ed0cc1644ff74f7dc86d52ea1a79ca411b4c0896b8d5ece1aec352eb3,2025-09-01,Theft from the person,-0.089208,51.509744,6,0
2392dea2e49c8d682e5de0a70c0c5e99f65d434324a90558748af29d6f634287,2025-09-01,Theft from the person,-0.081902,51.517296,57,1
96e2efaf284bf77cd2353b2295646ff45f15ab70d9d0cc80acf70e37427d7552,2025-09-01,Theft from the person,-0.079127,51.509607,9,0
fc252fbb20b0671ed37aab686919f0307f2b1962673002287647d10102b9dbb2,2025-09-01,Theft from the person,-0.081113,51.516869,57,1
a80466f0b10d73d3cf9839129c894839c5eadbf40d43670adbdc3e97d3f1aa56,2025-09-01,Theft from the person,-0.086019,51.513631,31,0
0ccf424a4c0eaa19bece505917cdf252c22bd36d34260e43bcad7b9837833bee,2025-09-01,Theft from the person,-0.081902,51.517296,57,1
958a0323397fc0561e18d1e3e9336f71ff1fcefbf216f93549300b0023339409,2025-09-01,Theft from the person,-0.092531,51.512658,30,1
a1cf6c8582906a209d0b259bf6c6638a836067bd7ca15fb6c188f94733764861,2025-09-01,Theft from the person,-0.078424,51.518093,57,1
c86fe17e1cbd0d00b8000a254c921dc771d74be1d01d933c11233b595ed663d8,2025-09-01,Theft from the person,-0.101589,51.513515,27,1
2eab7bcb970e8e0162d2d54b38958267c230d838c573433d594df79ae480ef09,2025-09-01,Theft from the person,-0.084844,51.510725,20,1
555f6d2f19ea4e9e1f217b42beaeb36f5208e8ee556ee22153caae223dc36ab5,2025-09-01,Theft from the person,-0.081902,51.517296,57,1
e0c8518ae063052b57810079beaa2c1ef987ce84ce054cb09afa758a2938be7e,2025-09-01,Theft from the person,-0.089208,51.509744,6,0
afcd94ed488d45ebbc3b3414533d6a073011ff42cb3b08d4aac2abf3ac27625b,2025-09-01,Theft from the person,-0.097291,51.514626,40,1
73dfb9f03482af49aa897de09068505cc36df70aa1c209feb4a9b510249b2e7b,2025-09-01,Theft from the person,-0.097291,51.514626,40,1
3de90f416a51eee900bb6c6a8f693990ed9c4d17d957bc7c1e4375dc4b53eb7f,2025-09-01,Theft from the person,-0.088785,51.517102,55,1
a0cb9b3f29edcea047205f5c6f012d2991a56bbf897dbeb955d720edf6d5552f,2025-09-01,Theft from the person,-0.081113,51.516869,57,1
52cc7a7e3c40d3c3d56c6825f6a44098025005f11d6d20aada99b88c9bebd5bb,2025-09-01,Theft from the person,-0.095224,51.513736,29,1
4fbed771f809b7969aca575fc96a76e98c630f7fddc3d8163445188a91144cad,2025-09-01,Theft from the person,-0.08491,51.512588,32,1
bdf151f628f56d5e96dc413d77f3386748e9f0fa9961a623d4b8e1e21f02bb07,2025-09-01,Theft from the person,-0.101963,51.510761,15,0
42403ac1faa8765d293b28cbfebae23553521c68446597f41d45971be90b11ef,2025-09-01,Theft from the person,-0.088785,51.517102,55,1
a8fdb928bbe4e19b21ec0e814a03ef39e19250140853dd81b89df8a333d8437b,2025-09-01,Theft from the person,-0.096501,51.513874,28,0
5a2e7fdb6ae390695cc52e789b036433c4f24794433085cf84366dd87818edb9,2025-09-01,Theft from the person,-0.088785,51.517102,55,1
f5df2471d58e24b2b7ebc84a90907a80a003079c837004cbf0b93ec079b66868,2025-09-01,Theft from the person,-0.082993,51.51636,44,1
a4b580236912668256e56f3ef18d920994671794de3f3fe8145b0293b63bf916,2025-09-01,Theft from the person,-0.100201,51.513286,27,1
2b99397c06e78b92c462a631cbe48ac0283170e7a7c0b8a0cfe234e61569a4d1,2025-09-01,Theft from the person,-0.09154,51.511896,18,0
a4683953856fea2313793e538060d5cf403d93f9b59ec765be65ba4a641a7f4e,2025-09-01,Theft from the person,-0.084844,51.510725,20,1
e836b9eebd27e2f5fd5aaa6ccfe22dd844e5864cf9cef3096f63bfd046484bc0,2025-09-01,Theft from the person,-0.088785,51.517102,55,1
6cf612b58da801b3b085eceb07a5d894f009a7965d7b52f42adf9c2ff76cd270,2025-09-01,Theft from the person,-0.081643,51.51007,21,0
5d1717eadd0167775881470b9529acc7fa3d5a3ebdb00110020c6817df170d16,2025-09-01,Theft from the person,-0.095224,51.513736,29,1
41b3976aa1e38dd44194c3e24baffc1353dda8a0d47a54cf62ca8a20a0596838,2025-09-01,Theft from the person,-0.081113,51.516869,57,1
22503b42b2b0c39fdc08d177bcf5836fa5157c3280218c947cff5e0fbb70e956,2025-09-01,Theft from the person,-0.084836,51.511939,20,1
cee8c8f86030d901be7c79982c22dd20e3592c30444df6fa5744f7a413cf7387,2025-09-01,Theft from the person,-0.09154,51.511896,18,0
2728a8b34e36db6a484dc56879433db7a60ffb7e8e37775df98a2a5393c48edc,2025-09-01,Theft from the person,-0.100201,51.513286,27,1
cc85e35b8ccc311735b48491f8cf8008b35f891bf1bc1fbb7a8bc8b4888f2821,2025-09-01,Theft from the person,-0.081113,51.516869,57,1
7d51946b78cb16b26a0e3f1ee504e88451808c25acaad9713c6714b370ea90dd,2025-09-01,Theft from the person,-0.081113,51.516869,57,1
fe5ac56fbfbff3006c524d77afac869814f76f0ee7b420feba44aa4c8b85ac59,2025-09-01,Theft from the person,-0.097176,51.510836,16,0
1f961b7e2a91edb8ca17383850bf970c31f1d09c4ecc7cdd35dc097edb211602,2025-09-01,Theft from the person,-0.097176,51.510836,16,0
1bc8c6bc41053f27aa39e944ea40a7ad7541da709969d2923e58a28a8104455b,2025-09-01,Vehicle crime,-0.092633,51.509872,6,0
d0c34fc1c6ed807a8366cf3f9aa536562cfff8ed651d667c7a2a257e5c47d174,2025-09-01,Vehicle crime,-0.081643,51.51007,21,0
5634e2e67feb538475a92a19840cb0134a6fb9f59587f2f8cc02e71199c375fb,2025-09-01,Violence and sexual offences,-0.097176,51.510836,16,0
04c45a293fc54efabea6b5d8724d5f2e19becb6f80410939f7c6315b21432b06,2025-09-01,Violence and sexual offences,-0.078477,51.509965,9,0
4c53623a357e34c4fe3d96a757e1e3b88708cfdde3fa91dbdac021b4277c5e59,2025-09-01,Violence and sexual offences,-0.083977,51.510441,20,1
1ae7107e818d00ac8257f3b51eab5bf87ad5f0a6810134456f9de31a3bbb86a4,2025-09-01,Violence and sexual offences,-0.085228,51.51119,20,1
d6c07f8856d100f7b2df5f4963df2b9faf3a88f5d410da3fcb3aa7c6b4eb29cd,2025-09-01,Violence and sexual offences,-0.081113,51.516869,57,1
059d158547d6683a3f57ca4f69e5d833a1601ed20bb1a070c7c11ed1645932af,2025-09-01,Violence and sexual offences,-0.082993,51.51636,44,1
bd3a383d85efef3f85293fef8fca26a280692a8b70a97c01fe7aa54877bde950,2025-09-01,Violence and sexual offences,-0.078059,51.509967,10,0
830caa82acdced64030ce32568d8338c71db6a95e6d241079979f3b25a708e19,2025-09-01,Violence and sexual offences,-0.09154,51.511896,18,0
1738edb9fecbb06189140dea0ac3272e26c29d532496ff1955f6ef7a8763d6df,2025-09-01,Violence and sexual offences,-0.082993,51.51636,44,1
d9aa868ee33566df3908e22411e198172b353b5721daee5ee18f1bd03c76a0ae,2025-09-01,Violence and sexual offences,-0.081512,51.518692,57,1
316b4924f1f872313b8faccdb001480e5f707638c795d985a1cd70884277e875,2025-09-01,Violence and sexual offences,-0.081113,51.516869,57,1
2113195bd9a3c4d71fad6befc86d75b22c04ef43f2b8b7a8ab9fe5fe584eda27,2025-09-01,Violence and sexual offences,-0.081643,51.51007,21,0
b2555dba1bde5200f5a053bbe44655468b13b47456b0e9206f6cd95193e37e51,2025-09-01,Violence and sexual offences,-0.086815,51.517007,55,1
7f5f6ed28cdd644418ac7204db89333d38f6c7b9f75064adf7570105dc4a5ceb,2025-09-01,Violence and sexual offences,-0.083977,51.510441,20,1
abdc4e0df092ffbdc64acc229bb7ab113d57e4e6cb68e4e085417174246e8ebd,2025-09-01,Violence and sexual offences,-0.101963,51.510761,15,0
ddc2b82bfe14901517428c7e5454f10bd9da4143d1db092bb1c174087a9d5ef2,2025-09-01,Violence and sexual offences,-0.081113,51.516869,57,1
5fa7246579c68d03c1e8fbef5bccebced22dd97de5eaab27072b2ad016b72908,2025-09-01,Violence and sexual offences,-0.078278,51.513666,34,1
cc3f17168c31117243e815a29cf71c51fff566d730ce8767adfe57d4741b55f1,2025-09-01,Violence and sexual offences,-0.081902,51.517296,57,1
0e02a32e303ff0615ee5fbd62cdc72a29dc662f7c071970707d0f8f9fcc7d631,2025-09-01,Violence and sexual offences,-0.078278,51.513666,34,1
294126c3af8d78653952e056f0b83a31eaf4d2eee7fef8757b91af29e13cdd96,2025-09-01,Violence and sexual offences,-0.101393,51.512685,27,1
b8497dc52df2ec4819155613602f2bd5fdf7d2a495ebfdb93f2ccc4e4031380b,2025-09-01,Violence and sexual offences,-0.081113,51.516869,57,1
a1cc69f0781c62c59e41164e06e11bb6ec7d2cb71266727efdb6582b9577e1c9,2025-09-01,Violence and sexual offences,-0.081113,51.516869,57,1
f00c0c10c4a454492ec96da6cda026f2b86a9cb6713edec7826a733ab12a9572,2025-09-01,Violence and sexual offences,-0.086815,51.517007,55,1
d11ae2675ecb5f7cc239b8caaac47e8b4aa65950754ae69c972d889991b6d340,2025-09-01,Violence and sexual offences,-0.084836,51.511939,20,1
49f53821359157e59fb3bede8749d9407bb5241b5ac2ba893021f37ca930519e,2025-09-01,Violence and sexual offences,-0.086815,51.517007,55,1
b6b14a89e908b02be2b7918d991d08e50c797c48d6232fadd6b04e5aab307151,2025-09-01,Violence and sexual offences,-0.083977,51.510441,20,1
e70a9668f8e95bf90f621ae69bb4d563d4afdd139f5001129c41935377e3fdea,2025-09-01,Violence and sexual offences,-0.082993,51.51636,44,1
c2d8aa554630e230de48c1d95edac3bd8f08045af9669df4e70adf95e9ada2b6,2025-09-01,Violence and sexual offences,-0.084836,51.511939,20,1
a9685d332a97e4501a199a7135b4223ca0c8345bdd3d9ce25f97549e088a535b,2025-09-01,Violence and sexual offences,-0.081113,51.516869,57,1
408e8098242fe50e194a6a13e2126a4a4f971b1a4c3a5025e580e298902709d8,2025-09-01,Violence and sexual offences,-0.101906,51.511794,15,0
ededf0c4c770ce6b9e32a0c85b3a7c90b140f5875c089f8e1b4bb9e5b97a9412,2025-09-01,Violence and sexual offences,-0.081902,51.517296,57,1
fd6511ae253e7db878f5df2086392dc577d3141f1b37157f6e6f8a3c943b8b79,2025-09-01,Violence and sexual offences,-0.081113,51.516869,57,1
933c412e3f53565e2bb63a83a28bc734e1af1d9ba31eeef4a8098b0656bd0bca,2025-09-01,Violence and sexual offences,-0.090578,51.509722,6,0
dc99754549b19de23d83e6ec15ff86a2fffe34d66c2e4440ad51f2e0055385f1,2025-09-01,Violence and sexual offences,-0.087157,51.512624,31,0
f4370e7e29bbb940144de19039e8e25f73fe91556360b4f3afddc56114a2f178,2025-09-01,Violence and sexual offences,-0.091947,51.513188,30,1
6359f29ba3c0abf577c472fd27ed1bb2b7942999674df077506bb278ca532398,2025-09-01,Violence and sexual offences,-0.091947,51.513188,30,1
8d73c15998d208d145d35d5dde15ae3487fcb65410014229a9fae45e5c41ebfa,2025-09-01,Violence and sexual offences,-0.078278,51.513666,34,1
1235917bba1451a05bfff949ae8345ad130209bb82ab6eb32203a677fc6e2865,2025-09-01,Violence and sexual offences,-0.086815,51.517007,55,1
1993ab4f5450a19a2a69b74d04e12c15049f8aeb1e1014cae3b96568003760f9,2025-09-01,Violence and sexual offences,-0.078755,51.51844,57,1
433a61d8adffac631c135ff7aed9c695633ba52ae6277516d6af417d876a4b27,2025-09-01,Violence and sexual offences,-0.077959,51.511332,22,1
e282601dd400a6f0f97f7c091665b8f2bad0eb6220fdb8b321ff7f5838a84a92,2025-09-01,Violence and sexual offences,-0.08491,51.512588,32,1
1bc105ae737eae6b268ca27ab9e7868c29027899b78be3934ac1d85ba310dee2,2025-09-01,Violence and sexual offences,-0.081902,51.517296,57,1
f7364c07c63343e576a6f82bf2ef706995ce0ff57f5e4d94f2963afb7d10798a,2025-09-01,Violence and sexual offences,-0.080291,51.514814,45,0
df79046d69494e48c430bb1afa6bcf20b87b57e58e1547d43cb62af38eafd1aa,2025-09-01,Violence and sexual offences,-0.095924,51.513882,29,1
636a3b556eff2cedc7a3f3a6ac8bf73e233c49044f02544444f89c5cc89cebf3,2025-09-01,Violence and sexual offences,-0.095924,51.513882,29,1
eeebaa3ff761483b0fa198a8de91a824199613c578df30d743f02edac9f3ada7,2025-09-01,Violence and sexual offences,-0.089208,51.509744,6,0
42b5b54a66768a8029e71a0f02a6a3174462f9d8da0ff077d5ddf4e89bb147a6,2025-09-01,Violence and sexual offences,-0.081512,51.518692,57,1
ca6a8b871d97816cc6b2f46d6ccb54e9fd84e331f8d32c509b6e27ccadefa8d9,2025-09-01,Violence and sexual offences,-0.085089,51.512105,20,1
dd4b31563d8c88f40f43a9cbd358a82bed6ac6a86bd0dd3540402ef9191c1107,2025-09-01,Violence and sexual offences,-0.07707,51.510877,22,1
975228e9e73c4db1bd12901f2f2ea8a13a6695bf5ca5b5b9b8e1aa448e8b626d,2025-09-01,Violence and sexual offences,-0.079883,51.517326,57,1
c9f6dd3e1f45126699def031da3fc5517b10e33f3c96d781247bd53adbeb98ba,2025-09-01,Violence and sexual offences,-0.078477,51.509965,9,0
402242b00d54602daa4105c717bf3096bd5e1abaf7fcf40a90fb9cf21725dc21,2025-09-01,Violence and sexual offences,-0.101963,51.510761,15,0
8b1883e14dfb1e74ccfa62191e175af0520f0303d591b6a79259d97dcbaab36b,2025-09-01,Violence and sexual offences,-0.081113,51.516869,57,1
3449b2feecf8267a6c2d7bfcb4700a32aba8d5309cec6247cef369304b812c03,2025-09-01,Violence and sexual offences,-0.086815,51.517007,55,1
d170725bb2ec1df5df52376e24ad79e80608fa2b2b2659a388a4a43a272a3d69,2025-09-01,Violence and sexual offences,-0.087873,51.516503,43,0
2aa0a10705a8771bbc2c06693a68abe52fa142b9abf1472c93ad9572f35767ff,2025-09-01,Violence and sexual offences,-0.09446,51.512024,17,0
ffdc8a2f7bf85dcef88aa9a4d30e2eb4b8306377e113ef0eef5d4293536058b7,2025-09-01,Violence and sexual offences,-0.081113,51.516869,57,1
86ec8be150a752e319c9ce16afa4ee8beb39a78d1631dd97c655bb0a997a5fd3,2025-09-01,Violence and sexual offences,-0.077959,51.511332,22,1
8c356ef5be47307ac09ac056dbd21c3d8f148d7ac2306a3c0dddd9293c1d7aa4,2025-09-01,Violence and sexual offences,-0.101292,51.51477,39,0
16b299106cf3a55791a1763884abf9bb312c6a46501c4048140764e1c419d413,2025-09-01,Violence and sexual offences,-0.084836,51.511939,20,1
e0155aed558f1ea7aa5a681ac786ecb974ac19b776a180d666c7b78944852dae,2025-09-01,Violence and sexual offences,-0.086019,51.513631,31,0
11f7885f27f63f595319e880301bd57afec8b076f6bfe5740beeb4f92841fcb2,2025-09-01,Violence and sexual offences,-0.0836,51.509797,8,0
d0e1148f4e3ebd4ec86be66e9465c14b0a1a0f3f9983fa4057419f3ccf3f0759,2025-09-01,Violence and sexual offences,-0.084844,51.510725,20,1
d6df2e9a2ce452ee20642b76beac4a468ed03d483239c2a9f186489603035d1a,2025-09-01,Violence and sexual offences,-0.087157,51.512624,31,0
1446e058013e843bb281476ac78c3f4bb84efdec4e0a254c3baa3162518b267c,2025-09-01,Violence and sexual offences,-0.087744,51.516492,43,0
69e3f173b31caec49053b72db36e4e16d7292a6dc473109f33507153bf413489,2025-09-01,Violence and sexual offences,-0.083349,51.51483,44,1
7abddddc3159626e92a227f565e1b369bc507eaad7c28d15acb2b890bb42b912,2025-09-01,Violence and sexual offences,-0.080448,51.520689,69,0
6e9dbabf79553dc5fd53cba7edc731e579ebebc121335d0588a5acf171ad9cd9,2025-09-01,Violence and sexual offences,-0.095924,51.513882,29,1
f238a31a3cfd224cca2708737a0705c5e1498af4b07181ef9f5582921b55ffd1,2025-09-01,Violence and sexual offences,-0.09154,51.511896,18,0
04d9491c9ef4492883ef35b850a13821debfcb28fbb03fb3c1ac3a2b9ea2ad4f,2025-09-01,Violence and sexual offences,-0.081902,51.517296,57,1
4946862094721033bb2a5030a194984f87328b6c893934cb459bc65037eaf38e,2025-09-01,Violence and sexual offences,-0.100588,51.512636,27,1
b981724037b1e6bf12a9a6fd0f6350d0722505877496d58be3df94648c7fb77f,2025-09-01,Violence and sexual offences,-0.078755,51.51844,57,1
61aea5c7ef1e58b04643d187442c1163d84fbc55a74d977383932baffc80195e,2025-09-01,Violence and sexual offences,-0.084836,51.511939,20,1
786540f1bbaa4a036ad22c5e3fccaa0caf959aa094b4ec6511510f2b6659e7c5,2025-09-01,Violence and sexual offences,-0.100201,51.513286,27,1
3a949446f7863a43ee6008f64bad92cb5eb7c44ebd4f989c5150ad18fe4acd4f,2025-09-01,Violence and sexual offences,-0.095924,51.513882,29,1
be1a653d69dc0581053c6364a8120501433e5125efad534b5b5d18af94f2041c,2025-09-01,Violence and sexual offences,-0.083977,51.510441,20,1
ade22a11e5cdff9e7920344a1d8925934e603326a80ccb264da6ee356f2ac2cd,2025-09-01,Violence and sexual offences,-0.0836,51.509797,8,0
3ca59a9c477a90622bf581b44c2acce1c6c32c8a8fd38550ba35be5795108809,2025-09-01,Violence and sexual offences,-0.092633,51.509872,6,0
5f1b8786efcd43d8ff72cdb8a795733d4678a19c644ddc20f59ab6b542801594,2025-09-01,Violence and sexual offences,-0.09407,51.513079,29,1
78614ab19cfbd465600690fb96bd3d53b9c3801409edb94287ec24f7722caef5,2025-09-01,Violence and sexual offences,-0.087772,51.510665,19,0
a85b1ae59ec796e5dda3e9d75ad10da8e11831a7c162138ba8022791182d5994,2025-09-01,Violence and sexual offences,-0.084844,51.510725,20,1
52365b1c02bbe907a80878e3b8b06e8bc265671f8e3f1cf7fafc5f467a94c0e0,2025-09-01,Other crime,-0.101292,51.51477,39,0
516ab0b3502cd3612bdff6d525ac7819e4f8f2c010677fccd76c5cca0640e512,2025-09-01,Other crime,-0.101292,51.51477,39,0
5c1e6e956e8147ca0fd32115c5f49909a309e0c510252e28690f4b92cd8e28e0,2025-09-01,Other crime,-0.101292,51.51477,39,0
25401ee726ddb3626ca5eead5aa063890424856116538b51a9a27476ecd99eab,2025-09-01,Other crime,-0.101906,51.511794,15,0
1a955e08d91608aafff8f47a2a629b75dd798af58fe867d6243e4f4a24b80501,2025-09-01,Other crime,-0.086815,51.517007,55,1
,2025-09-01,Anti-social behaviour,-0.10498,51.512033,14,0
,2025-09-01,Anti-social behaviour,-0.110289,51.516075,37,0
,2025-09-01,Anti-social behaviour,-0.105909,51.513262,26,0
10d95f82ed0722f91a3869f5e305c638d5655913040b56b01a1c41f07c680266,2025-09-01,Burglary,-0.106342,51.513592,26,0
d5c6486d08315cf6008b0a1dc092b262d492454101599c5edfb8922970f23dab,2025-09-01,Burglary,-0.098397,51.519561,64,0
d104fe5ca582adb3ce2da8608e9a3f4f0bbaaa98b641451138a88e02e95e5495,2025-09-01,Criminal damage and arson,-0.101621,51.516906,51,0
13b087cbb5b1cc8ac3ff7e7329fcff59b259036d3460f8d48db0d112928360d1,2025-09-01,Criminal damage and arson,-0.101621,51.516906,51,0
259d1e21948e91d19f8e771ee9b36a1e1c4638cf4b4a6db4e7a7cf48097e2316,2025-09-01,Criminal damage and arson,-0.109387,51.513839,25,0
58a61cc7d065c672e850b97d65f657c50b46bd0916a50ffddfe3b39055ddda61,2025-09-01,Criminal damage and arson,-0.101621,51.516906,51,0
daf3aa96f9bc835cfa40e9dc32b52ebe9efd72cdd2de871ada81a3adc1dfdaea,2025-09-01,Criminal damage and arson,-0.10498,51.512033,14,0
218825825288c7d42816a71c831835d674329c8edc42d1b5c16e7448726acc91,2025-09-01,Drugs,-0.102812,51.517051,51,0
b751926eb5304d2920eef7dd92ac27f320a4bfe9dda20cfd55f305db7a21e7bb,2025-09-01,Drugs,-0.106076,51.517239,50,0
1afda005c35eb635c508f286bafc89956a0a2239fe777ff4de1b7c7a8157ea33,2025-09-01,Drugs,-0.099803,51.519026,52,0
8c6541febd9bfbba808294a5493eedae01d22cf36996878ffde59130b8822d46,2025-09-01,Other theft,-0.105131,51.513941,26,0
b8e2eee41ec36384fdaad94063f3bb864030c326e4080879adc202b66a3e443d,2025-09-01,Other theft,-0.109164,51.517846,49,0
c9673e191824cfa990b1b246e9ae3bd5745319da64eef0d1d7f391774b89749d,2025-09-01,Other theft,-0.106076,51.517239,50,0
32137160f2f183b897da1f7159afbca0b78778f64d5456b193974f95c6296dc7,2025-09-01,Other theft,-0.102812,51.517051,51,0
f2a9d08879d1b9a83cecf39847f5aaaa50bb758d9f0480511425ae538d64e293,2025-09-01,Other theft,-0.105909,51.513262,26,0
7ed0894bdc7282716a090b3155ec6a357ce5ad6a4393691f22ade0de5d2625b2,2025-09-01,Other theft,-0.10349,51.513897,27,1
ebf197640665832803705c1f7fde3110ff32d5455f336b1f7c01c871b5043490,2025-09-01,Other theft,-0.110746,51.516523,37,0
4a615583c6ab748db6cd672ff3ef60a786837d64a4a53a089764b33d797bd118,2025-09-01,Other theft,-0.109164,51.517846,49,0
452f0c11836716e60d3c34f2d4b5c0ab4df74a0c2455eaa21fd89c9ae3d3f5fb,2025-09-01,Other theft,-0.105131,51.513941,26,0
e5becdacc2e835cfa4d9f2525f820df60602333e952d9c00eb55f6aec610a09a,2025-09-01,Other theft,-0.106076,51.517239,50,0
aae4bb44a6f08563b019337a52cb70874eaf737bddf3341f94132de47b5d207e,2025-09-01,Other theft,-0.10132,51.519293,63,0
4f1e8479c2daa62a035c010552ea45749daa223965a6351e759f79d7e104a221,2025-09-01,Public order,-0.10845,51.514202,25,0
3835d341b3a7147715487ac3d9f461b8b875ee15cc7e1cb94281df58c00f5951,2025-09-01,Public order,-0.10498,51.512033,14,0
a52e60595d9a54db0e4c6788ea456a267b5f320d2e28a74536bc86f1c07cba47,2025-09-01,Public order,-0.10498,51.512033,14,0
1738b53cd1ac58fdfbbc68caa259a640b68b710f2268b4d0531ffe34539e7132,2025-09-01,Public order,-0.10498,51.512033,14,0
d113355931531389dd7fd86e4bb8f603859afba076a8fc2c893c3737d189fe7f,2025-09-01,Public order,-0.106076,51.517239,50,0
fd28479193e83def9e9e112eb030a9e1f647f0f56020f4cbd8655ea3522e03f0,2025-09-01,Public order,-0.101621,51.516906,51,0
511cc44f1c08c8785bd7cecf379ff7e4242beb5787a8053929745fba895506c5,2025-09-01,Public order,-0.10845,51.514202,25,0
fbb1a2e189da6391775fdd9c07a07b2420c0f5a6a5f5b76ad7b6e59ddcba9cfd,2025-09-01,Public order,-0.106076,51.517239,50,0
908f3b6befab0bcf181153a4976fcb7f2fb1e9f2b36a63fb9e956d2ce1f22820,2025-09-01,Public order,-0.109387,51.513839,25,0
8d597c36381695b22d1bb3b99cbe97ff5bbd14cd2260e485c22ea6251e186615,2025-09-01,Robbery,-0.10498,51.512033,14,0
32f9f37993d8a14cfa298a0d9b8155286fe80ed81ce74f9e637e04d889786a7c,2025-09-01,Robbery,-0.10498,51.512033,14,0
ef259d4758bccf1b4b599fa499ebaf6624ce6b19f854cdbab6d1a83a6b60bb6b,2025-09-01,Robbery,-0.109164,51.517846,49,0
f93b9f03d0af88ba527f727cffce47027087851afbc1a65df54aaaa501378814,2025-09-01,Robbery,-0.097959,51.517629,52,0
e3d946a44aaaa891b76dc9665b35b48eef020e8ad26b907e05cb7192549cc51c,2025-09-01,Robbery,-0.112953,51.518231,48,0
a4e765aef9abfd779cee0c7d895a68ccb31b450176c7b3f219f88c7436a5b0e5,2025-09-01,Robbery,-0.10845,51.514202,25,0
551614750ccc9a382c575db57350382219b9a0b1b0344fc37340bccb15592024,2025-09-01,Robbery,-0.105909,51.513262,26,0
1cc379493335917c7f0d718bd1c331bf76f22fce9b6c29bfdde4eb0d7269654d,2025-09-01,Shoplifting,-0.10498,51.512033,14,0
60d9eb08f9292e5f967017ceb0b4f8cfbc90f39be217c966a5d6351a7514f413,2025-09-01,Shoplifting,-0.112953,51.518231,48,0
0e494ce2341900417c08230fae545611d82331f9d8bffe071c94d2c27ab077ef,2025-09-01,Shoplifting,-0.10498,51.512033,14,0
18f7a8001cda97809d271e2c58b76ff53984eda2927e55b99f17cdf444593e4f,2025-09-01,Shoplifting,-0.10498,51.512033,14,0
0ca34f22b5d220a3918ec509c5eae5fea2067ae0af5335714e86038647a49b91,2025-09-01,Shoplifting,-0.10498,51.512033,14,0
ee549880e7c8f938194e4ca22bbd5405166df3f35d1c4386854f90e5413a355f,2025-09-01,Shoplifting,-0.103393,51.517978,51,0
db7ddd5acec2033f13183a007daf53f6bba09ba5350913c70c752ac2af2fac50,2025-09-01,Shoplifting,-0.10498,51.512033,14,0
15f641f8af71d1b188fe178c9c4c494f9e65b524515288330ed093045975b763,2025-09-01,Shoplifting,-0.112953,51.518231,48,0
a3efddca2f370363f5f9cd86f34adf62fd51a42344e3a3cd06bf651c95290dd3,2025-09-01,Shoplifting,-0.10498,51.512033,14,0
15da81f44a98ae71776f859074e46c9129c933269edbc806494a6b50aaadedc3,2025-09-01,Shoplifting,-0.105131,51.513941,26,0
d24f11def803719b2ca2cddf99a78d6da4af0ce9ef970caa0d64e09ef6f9b16e,2025-09-01,Shoplifting,-0.10498,51.512033,14,0
0005ac267f843c669e78e8f836fe6ceb6306d9b15be52133b186d7d909ea4dab,2025-09-01,Theft from the person,-0.102726,51.513911,27,1
49fea1dfd5d65a2a44ae6e9be88d0805927777084dade062d3af914d24b06976,2025-09-01,Theft from the person,-0.103393,51.517978,51,0
4bcf9ed7cd4bced4dadc3ec844fbeec000e0cd91ce8e7f24cfa7f95c442da977,2025-09-01,Theft from the person,-0.107201,51.514092,26,0
c28b15755318b4607e7810a5552f91c9acfe9570e551f8e955558183016a0383,2025-09-01,Theft from the person,-0.108027,51.511884,13,0
f13b6608d3516d94bc6360c98c8c36f52993a607b9e041f849a2d6be9a07b7b0,2025-09-01,Theft from the person,-0.099803,51.519026,52,0
e6cff1996f5702386925ad2daf4266f61fdab1482a8a18014f3e1df140b34e66,2025-09-01,Theft from the person,-0.101359,51.5187,51,0
50a985ba596b323687409233dcec82d1ced8849ce3bc0a8b7607ba8eda61171c,2025-09-01,Theft from the person,-0.106076,51.517239,50,0
4ca58dc2dbf8981c776e302971de17d712d88916a3a70f7ddd303270f3218076,2025-09-01,Theft from the person,-0.106076,51.517239,50,0
16baacbca18aba1d23fa2fccc7c85b087fefd56eaf420773c67c20241e97bb77,2025-09-01,Theft from the person,-0.107979,51.51548,37,0
67c8a6c9b9aa52ce64b2085423f806ea5cf59de16396a23e506fcb0bf5735578,2025-09-01,Theft from the person,-0.107201,51.514092,26,0
80200aedb3633fc71e9c7f876a6b37308b47e12ca5e61dbc6211e6e9aa3d49e1,2025-09-01,Theft from the person,-0.105131,51.513941,26,0
995538a15f09f675c13f4f4fa8bad9091ff165e495442b42349b16ce59e5687e,2025-09-01,Theft from the person,-0.107979,51.51548,37,0
93af7853fa081107eafb6b92f7da863d5cdc86ded78cc5678f1c5e5e04c2dfde,2025-09-01,Theft from the person,-0.102726,51.513911,27,1
e641f73f77a5123369d289ab988026d57c25fed33641766a42e8b8140a108444,2025-09-01,Theft from the person,-0.105909,51.513262,26,0
203752ceffd6d2d5e4cbe7a3010b41d50db0e7745bca93e5cf6cd3fe7f085814,2025-09-01,Vehicle crime,-0.10498,51.512033,14,0
13cb0005dea7ea931633565e1e8fdd038ac8fbc814c0dd537f481b61401db206,2025-09-01,Violence and sexual offences,-0.10845,51.514202,25,0
6bdfda9f700d0f11589b4a4cfeae3d24e2468acbafb6d86d32624e7dd2833cd1,2025-09-01,Violence and sexual offences,-0.10845,51.514202,25,0
1141133784707d49b529c68e91e7ea6eb6806817f197d3b5380857b6c17182c3,2025-09-01,Violence and sexual offences,-0.10845,51.514202,25,0
68d6bcc44c46ec9875db09ebb4a11dad4841250448a5ea636c3ff3a35a57e940,2025-09-01,Violence and sexual offences,-0.097959,51.517629,52,0
cd54d46b37b942b8d212e2ab57420be231cf42c5efc3cf6f933bee4b0dddc025,2025-09-01,Violence and sexual offences,-0.10498,51.512033,14,0
,2025-10-01,Anti-social behaviour,-0.097078,51.519045,64,0
0acec70f5fa5d45de27e9caa326a771dffe157ee0617675b69789a725bc263b5,2025-10-01,Bicycle theft,-0.09729,51.521575,76,0
f666bd4ec25f326551d9ddd059ec7d30969bb6fcbdf9a8f7590632373ed6a91d,2025-10-01,Bicycle theft,-0.098519,51.517332,52,0
dd2a793d14684398b7c2766483a620f3dfbc48120d7ccdfc1b8fdd586c68a490,2025-10-01,Bicycle theft,-0.097506,51.521228,64,0
297f42249efbda41cf07c25d3e77b4b90e079e4c509e2cce26120c2d6428c930,2025-10-01,Bicycle theft,-0.097245,51.515387,40,1
4deef389d403b2ffb5ea1bf5c553ec8949307b9c1cfd2d9bf0a01c86ae405ca2,2025-10-01,Bicycle theft,-0.097078,51.519045,64,0
9dab9cc98da40c9067bd9446d640d564b79ea0777c77a0c73463628656ba6664,2025-10-01,Bicycle theft,-0.097078,51.519045,64,0
7668681c4ee1b3a948d68edcd2c71750797c5e7a6911046306a167ff1d63aacb,2025-10-01,Drugs,-0.097245,51.515387,40,1
d23d825ef3fba2e46a1e0c441b102aa779ed4a9412dfde9eab79dea58b7704b2,2025-10-01,Drugs,-0.097078,51.519045,64,0
56ed4ef49099ef5846ab0053ea5cb03caf8597063b9928b1634f324034e17e4c,2025-10-01,Other theft,-0.097144,51.515062,40,1
458a8d320a6141578573f43101ab501381013ed5280aca5b083aac14c27496ba,2025-10-01,Other theft,-0.097245,51.515387,40,1
bda82f0aa04341b54c4e6c8b4b139207e39eb016a1e0a55a47dc9933eab9211d,2025-10-01,Other theft,-0.098519,51.517332,52,0
988b0f0b6fba9e1443e2f771e48fda81343c16c3df96495229bb5f8a35f126d4,2025-10-01,Violence and sexual offences,-0.097078,51.519045,64,0
4eea295a2e60aef4553a0dd9b52f93f374a7ab253a98b6f6e2dc0fe78abaf83c,2025-10-01,Bicycle theft,-0.092488,51.520598,66,0
8ec900da9c3ee2d7c1184481489046956a21bd07914a5e12491d005f54be818d,2025-10-01,Bicycle theft,-0.092374,51.519517,66,0
ed0aeedf4de1f11801128f26627b0608d70db3d0beff9e02aea01a884dfcda50,2025-10-01,Bicycle theft,-0.092488,51.520598,66,0
c099091d69c2def3781665f4adc4918bd4d9365217987d8c6243b025f3bff143,2025-10-01,Bicycle theft,-0.09413,51.519961,65,0
9bc8be52ba19189573015dd8e699376d6a2ae180349c8742456e1b9bd12ab2ab,2025-10-01,Bicycle theft,-0.092488,51.520598,66,0
8578d02bcad7133aec817d354bb474804d1f5eb7182a571a59e8ffb999a8cd22,2025-10-01,Bicycle theft,-0.092488,51.520598,66,0
0029aaba8f2b125353a2ff3300b84196621fdec8b87a77b3988b980028129600,2025-10-01,Bicycle theft,-0.090105,51.520001,66,0
176534c0419e2bc3ad6cb92d81ad2845eafdc81f447db68dcf0b172730ddbc27,2025-10-01,Bicycle theft,-0.092488,51.520598,66,0
e2ab5835d5618eae1e8970dfa39979d3e658baf735065cb0ca67c9517f13f2ce,2025-10-01,Bicycle theft,-0.092971,51.516271,41,0
d048063d8a5084716f32585543013b171dc02e3a43af438edcd780b07f229c05,2025-10-01,Bicycle theft,-0.092488,51.520598,66,0
50c9816e273cf8bb8cbe208cc92c66f693bfc8ac20106add8d65f078eb2922b8,2025-10-01,Bicycle theft,-0.09413,51.519961,65,0
1cfb4dce66a456b1093b9fce4263febf39e8c0f3296a19d079ba68b40668534e,2025-10-01,Bicycle theft,-0.092374,51.519517,66,0
2aa1f3c2bfdf2ad4c6bf511504f6ab7db7b77c172e88b98cb9e2d38f172b5797,2025-10-01,Burglary,-0.094655,51.517369,53,0
723d702d5898a4ce5a8508ec6f554bd2c5b2d7bca44e29f29f9e5d5c1008ef54,2025-10-01,Criminal damage and arson,-0.095026,51.518499,53,0
822a74e4d3f92ba5cceafb26c1a3c48b9104c1cc021a69ff9d2d46a9469ecf5d,2025-10-01,Criminal damage and arson,-0.092971,51.516271,41,0
34dc21d63d0851b1033995e96eaae89cc90215b69b4f4a7f8fb0268bd3021bf9,2025-10-01,Other theft,-0.090553,51.518948,54,0
6ee0728e4435f16af5fe1057dee18823349dd933c580bdb32639b0da2307d397,2025-10-01,Other theft,-0.095704,51.516747,41,0
74404f2ef60c12b6fff1c89e1fc777157e42066a856522a06b2367ee28468158,2025-10-01,Other theft,-0.095704,51.516747,41,0
4e2dc1db583fa485d3d4c04d100c6e7d23a139d5349b01b3b1200d530f8dde2d,2025-10-01,Other theft,-0.095704,51.516747,41,0
1aa8156d87ac67d30e41e4c6528ed99dc1a4fa7a0535e91504a472e3bef0712a,2025-10-01,Other theft,-0.09413,51.519961,65,0
26285a2735d25e331481e309368e67ac29140b22f912a54c4083b55a72a91639,2025-10-01,Other theft,-0.095704,51.516747,41,0
dd5dedf801a232e12fcc03650071e388ea9f9c2facb2a3d7686597d3c480126f,2025-10-01,Other theft,-0.092488,51.520598,66,0
24f4c6202adbfde2908ffd7aea011a2e293232ba2337ed89487986fd470bb690,2025-10-01,Other theft,-0.095704,51.516747,41,0
385729da42d2fa3bc1f47960e952b97eadd11cd00770691b21f9b8260f930d1a,2025-10-01,Other theft,-0.092488,51.520598,66,0
0d9907979b9fb7de0f5e81248d535dbd5fd3f49130d042832868c33bfdee3bae,2025-10-01,Other theft,-0.090105,51.520001,66,0
b658995e7d497515212cd8b9bce571ff6fd6eee916a51e09e90d0d7eeb1574e4,2025-10-01,Public order,-0.093845,51.518462,53,0
2607d8c7796ab0f6647ab311d91609afe60622e3323722253a7fd646de36fb8b,2025-10-01,Public order,-0.09413,51.519961,65,0
d5158ed285273b82eb690e2f1652fdfe3fde1240e6dde882c99f818da4b037b0,2025-10-01,Public order,-0.092971,51.516271,41,0
e41920721a295854f6725f039e60adba5c556bb04f62cb61273dac6113127c0a,2025-10-01,Shoplifting,-0.090553,51.518948,54,0
d207539ae6c66f71eeeda3e5c5626ab6d2613676ab8d43568c909a21cc63cf1e,2025-10-01,Theft from the person,-0.09413,51.519961,65,0
eac77b3c3d5e4acd5f03442110f3323158d8f21fea83ce6299c0a909c108911e,2025-10-01,Theft from the person,-0.091498,51.520483,66,0
bf9895e4f0cebe75db6c8f44802ed0cb05d29fc875afe9f4542d05847cf2dc78,2025-10-01,Vehicle crime,-0.092971,51.516271,41,0
7994b5838b80d9bb4980d2935693d042463b5b7815b4bbc8f9afcccaad2a2fb7,2025-10-01,Vehicle crime,-0.092488,51.520598,66,0
89d7b661fd64dba12214b1f1afe24453bdbdc494b52a24da35c3d144b84ccef8,2025-10-01,Violence and sexual offences,-0.092971,51.516271,41,0
dffed85a4d023800279daeb151194d244c1fab17533e579f44fab5be9cae729c,2025-10-01,Violence and sexual offences,-0.092971,51.516271,41,0
,2025-10-01,Anti-social behaviour,-0.095758,51.521667,77,0
,2025-10-01,Anti-social behaviour,-0.094932,51.522823,77,0
b7d2e4aadf6b94879eac60b3e9849a17b9d22ef238449209daa3f5d1b6842bea,2025-10-01,Bicycle theft,-0.095258,51.520526,65,0
3ed7f0fb154b8e5e869408673fa0a5c61532566c11ef83e1ec3827d44a413cc7,2025-10-01,Bicycle theft,-0.094932,51.522823,77,0
83c9d09652a53b202f7a1e80b118a5eacee49d6b527a6b24802c5218fe6e876d,2025-10-01,Burglary,-0.096984,51.522426,76,0
4a7d29a39f3353af065fe87a621c2c308f0c8126bb7cb29c3423a2f4dc0a5f35,2025-10-01,Burglary,-0.096984,51.522426,76,0
3b261bf8f824ed4293a6721c871e9c1dac687cac7b0a2a91e70b4dc9a50a6130,2025-10-01,Drugs,-0.094932,51.522823,77,0
2487339e278ddca3137a404f9cf17abb5ebcd075b6219c39eace99f8962d3dc1,2025-10-01,Drugs,-0.095053,51.523022,77,0
4f0126d96fa378c5b7bd75a59d5530b1bd90775e74f8899bbfd8d2e73108c4f1,2025-10-01,Drugs,-0.094932,51.522823,77,0
ffff5b6887aa5b4322972a5696d9d2410d4f702f2e4860315034e8f0fbf2bd9a,2025-10-01,Drugs,-0.096984,51.522426,76,0
f33e8e5c8b1e2051fc4975103ef37c01fe20cc00c0f4a8ec94b91004f90fc3a5,2025-10-01,Drugs,-0.095053,51.523022,77,0
beedd94e4d7bc1fc0f5f7ce82dde49656f2872e3c18da4a89387d2ae5e431dbe,2025-10-01,Drugs,-0.094759,51.521435,77,0
d31691373c7783181a96be29b6e4b40870404a8ecbd8e7c90c044594db503dfc,2025-10-01,Other theft,-0.096984,51.522426,76,0
136b393d3c811c0f3d29e32b3f10c8c7d7abf316ab16412a3fe99a4b5e3101c3,2025-10-01,Violence and sexual offences,-0.095758,51.521667,77,0
,2025-10-01,Anti-social behaviour,-0.073456,51.513542,35,0
4947ec957ea8ee0824958a67384bf3825cfb9b62f3d2451682c7d2f5aacaf886,2025-10-01,Bicycle theft,-0.075453,51.511965,22,1
2fbb9c11585bf6bd2c2d4d86949df6451b42da58869b9cabda8bf915d3f7c444,2025-10-01,Bicycle theft,-0.078783,51.515383,45,0
5cedbde176bf4bb055f422b7096c85566e42468dd0d65f3cb14facc8c516fd0d,2025-10-01,Burglary,-0.075401,51.511164,22,1
fb5ac6fa3889b2d25ee360d69c615717167c7f9b72f03d0dea903a63d0dfe118,2025-10-01,Burglary,-0.075401,51.511164,22,1
b14e311b85f3a6a7f3b22009808bdf0b939aa48cd9783a52d83656605896298c,2025-10-01,Burglary,-0.075453,51.511965,22,1
2e89f5338057d3fecb409cbec3ee80d156dca5854990baffc3f34335ff2c267f,2025-10-01,Burglary,-0.07508,51.512625,34,1
3c58e10f116309484b76fc98be818010329f067882c7d1c8ad327447e41e60ad,2025-10-01,Burglary,-0.073704,51.511748,23,0
f9fe56f7d4ee9da0469f2c36ecd43f0e4075c5dab4cfda5bc4e2a8735e133a90,2025-10-01,Burglary,-0.073456,51.513542,35,0
9bb109e44610fb3dcef7832eebe9ee473fa3e2d21b1faf25f0b30aa2412ed22f,2025-10-01,Burglary,-0.073704,51.511748,23,0
86c391068407dd0e559189e4c6d107bef62ba49c897cccd8c596df60646fe219,2025-10-01,Burglary,-0.075401,51.511164,22,1
67c720351b1a058ecbcfdc3692e2b6bec542b58194d58a1f8ddc4a719039b445,2025-10-01,Burglary,-0.077407,51.516215,46,0
1e39fd993981403c92c64e50ee7c337feae2702f308bfc1047b763528e57dce7,2025-10-01,Criminal damage and arson,-0.076038,51.511759,22,1
8f612a84ecbfd00ab0db430ef2ae9c1a1a05e08102d996158e6d111cc8dd4489,2025-10-01,Drugs,-0.07433,51.513647,35,0
54f01ec08e4c614dab498c3e048d0c994a47f61742d59c406f548a4626af82fb,2025-10-01,Other theft,-0.07433,51.513647,35,0
9f063df7fd11f16d57ee3e88b46f02e9a98f5fde6fe22ab5c92305d86e6cb969,2025-10-01,Other theft,-0.076716,51.515178,46,0
1467717003188dd3a6e1a9f4f5779f18a8467ba863003c4d3e8da5f28f148f51,2025-10-01,Other theft,-0.07433,51.513647,35,0
6edf1f2469b0421ab6600971b4b0ed0187a0e96fcf36d3bd519cd578ec34f93e,2025-10-01,Other theft,-0.075401,51.511164,22,1
9682ffecf437f8d1aaf62a35af2a24b548324b0238dfcfb31eca0cbf7b3e4029,2025-10-01,Other theft,-0.078849,51.516212,45,0
261e611e1bfb2ae4e9fd2caeac09b24bc5eb550b4ff0f0a51ae11b7a9b046c73,2025-10-01,Other theft,-0.076716,51.515178,46,0
4b3109759f7748a922c97c29bed80ba895fad50831e2afa29aed2799c05b7cd0,2025-10-01,Other theft,-0.078839,51.515753,45,0
3b0de9e6a79192b7c504d22a50e90451275142e75b79d584b06a5a0cb8a5e4fd,2025-10-01,Other theft,-0.078849,51.516212,45,0
d458b7826123d717b6b2967ef6ac6fd1da45e49089592b6e614152fa617672c1,2025-10-01,Other theft,-0.076716,51.515178,46,0
4f9d39fcba399750a131699c1c8d35b1e08dc744080ce12a2b149e086c29ecd6,2025-10-01,Other theft,-0.075401,51.511164,22,1
f1d3ae73bb3681562bdf70e43a768f52d197003415b6ba9e25a193772f588299,2025-10-01,Other theft,-0.075401,51.511164,22,1
dec4d5ea8cec9ed1a3e92c3d5bc4ed3b2229617f6f2d8c53b12dc81fc366da67,2025-10-01,Possession of weapons,-0.077407,51.516215,46,0
97b2c9bb602bceaa6bf6854d9fff8fba8fe9f910713a2e2e7da47f02cb41675b,2025-10-01,Public order,-0.076145,51.512642,34,1
cb3955a62ac1c8d89f43b8c66f10fad2c1da456c6664bbf7f5d393f8cc174237,2025-10-01,Public order,-0.07433,51.513647,35,0
e6ad6ce851f183afec55ffbf081a02db54b93faa8273bd3f6db8e23baf8fe1b1,2025-10-01,Public order,-0.075453,51.511965,22,1
ca8c48e059fc8b5b4b8e156acbb7c3cac55a20338ae6d702c743a72e23054b02,2025-10-01,Public order,-0.07433,51.513647,35,0
fcc50bf1d5e3626e782114d7b5c87e2142d747cc9e881bbaeb1c3b3912ff3b1e,2025-10-01,Robbery,-0.076145,51.512642,34,1
743ecf1adb5a25421307f90d65ddbab4c8bd12433d7b1ad411be0550e93e53cb,2025-10-01,Shoplifting,-0.076145,51.512642,34,1
19f006d2e82dc21f423b50451db255d538719a9456b2ff70d09a5815e3418377,2025-10-01,Theft from the person,-0.075453,51.511965,22,1
c5dbacd857129b9ec1338a361d9751e94ada832aeb7d6ad6e348a5c43f4defa0,2025-10-01,Theft from the person,-0.07433,51.513647,35,0
7209deb2de14db5c0cac22e80f4005e81c1c53d672d1db8c69957ad5df1f8f78,2025-10-01,Vehicle crime,-0.078839,51.515753,45,0
16db9bf64c9862d2c1bdbf19c6770aa9ce0ec9038155da1b5eeab927dd2ceaef,2025-10-01,Violence and sexual offences,-0.077407,51.516215,46,0
56328614cc1d1fe9305faa646253113e83e0433bff5eb5c108317dd64641f65a,2025-10-01,Violence and sexual offences,-0.073456,51.513542,35,0
389d31383155631b3931cf2b966e1d2cbd862e4ce5e896b8fc22e9e6bf0122af,2025-10-01,Violence and sexual offences,-0.07433,51.513647,35,0
6290034cd73686427dda163af8b056f0209c88ee5d2dbd1015d40574a14ad486,2025-10-01,Violence and sexual offences,-0.077511,51.515812,46,0
450ff2072fb33a151d80ad1e5604865c8061fe3503106cd5257ab94280450422,2025-10-01,Violence and sexual offences,-0.073727,51.511218,23,0
9841f0465617ea1f977068897cd7bbf2087851d151af342939af75419c09b2fc,2025-10-01,Violence and sexual offences,-0.07433,51.513647,35,0
9c71c332920c0feabbc4e45797e85b12c9b99677fc97cc7ac79c9ccd31fe04fb,2025-10-01,Violence and sexual offences,-0.074925,51.514924,46,0
d920bbc8ff66c83920b376b1822923cbc84d3e917093d2562070b6234eba55ee,2025-10-01,Violence and sexual offences,-0.073456,51.513542,35,0
,2025-10-01,Anti-social behaviour,-0.089479,51.510864,18,0
,2025-10-01,Anti-social behaviour,-0.100201,51.513286,27,1
,2025-10-01,Anti-social behaviour,-0.102134,51.513929,27,1
870b57266f2eac4d07b08cf501653b2ec9bb133e35761dbd075b4157f96319db,2025-10-01,Bicycle theft,-0.101292,51.51477,39,0
2edf740af3ee2fbd8f57edcafb6416a565e819faefc03bc0631a462b637575c4,2025-10-01,Bicycle theft,-0.084844,51.5097,8,0
99209b177e5b17b5173ffce939ac06bf02bff091e6c336a1c7815b1790adfbd2,2025-10-01,Bicycle theft,-0.082133,51.515222,44,1
7ccbf8d7cb9297d5f9b92be1f4ed19c55485534a6e93e77ea672716c02a336b7,2025-10-01,Bicycle theft,-0.095924,51.513882,29,1
0de94cafd96615bc06888c706d7be34c9aa9a84428769e175f8533cb36d0aa12,2025-10-01,Bicycle theft,-0.09154,51.511896,18,0
17432d1fc5bbc5802cd1d7d02aa10328a842f16950ecd01f1f52c076a05ddc15,2025-10-01,Bicycle theft,-0.081902,51.517296,57,1
87a15905af3cf603a50caf757785e772a132b186e6b9632feb8bd5d96eecdd20,2025-10-01,Bicycle theft,-0.081113,51.516869,57,1
aecfa8539716b3272a7108d452cbc52dcd94fb0856c0195dc52ef461a9cd9891,2025-10-01,Burglary,-0.079196,51.513789,33,0
57f289dce6b90351e659af47b7c4af1d2448ac686fcbe406020216f333e9c9d8,2025-10-01,Burglary,-0.085089,51.512105,20,1
867c26c9150a55fc98020163bd042ef209dda3a339d0087dc5a530e9a2d5b61f,2025-10-01,Burglary,-0.082133,51.515222,44,1
f7965ae5510c44abd11f78d4c3a115d90409985849365004c8589b5958a225e1,2025-10-01,Burglary,-0.084836,51.511939,20,1
4504756df3fbbb11e4836080a91065d03ade80dd981e1c4eaa1ee06fe624ac8e,2025-10-01,Burglary,-0.079907,51.517785,57,1
afbcf6c37940c5650c91fe6d95f3c3c1b35937518fab31b5e6a4ef5cc4c3b51f,2025-10-01,Burglary,-0.104276,51.513712,26,0
3d9ea028097648aefb237f4fea30eb88d899b6d02598360069b4106f8af4b77c,2025-10-01,Burglary,-0.081512,51.518692,57,1
57f183b721fbce08600c9d7db4a918bde888938271ebf22ad9ac2d13739cae51,2025-10-01,Burglary,-0.102847,51.512717,27,1
06d25a152c7e11735cf23d94b3d73740ec2e48c7736d5839a92ab9fe046a57f2,2025-10-01,Burglary,-0.079196,51.513789,33,0
41b4242a53a48cb0ec92b5cf9439e9e929d9d077d7fe3a3e1b95743a5d445638,2025-10-01,Burglary,-0.097291,51.514626,40,1
4b6aea4a8981c2c3b16f198cfe0b00c93a459ec548ea65d00dac11961babb72b,2025-10-01,Burglary,-0.084836,51.511939,20,1
f37135a02cbc4405c6034439481360404d4dabe52a060679df33fd499cb799dd,2025-10-01,Burglary,-0.085228,51.51119,20,1
aa4e20f9f9c46efa4c03e9f0f88317c62fbd937bac1b4a3ba6fcc64c8ad64416,2025-10-01,Burglary,-0.09407,51.513079,29,1
b59f5028634ba41a37296bf9448a9e75fc64b80fadb44fd8ff607e55fb43e9b8,2025-10-01,Burglary,-0.084559,51.510316,20,1
e5d4f0fc46e7a3adf76c2b733dd80e948c37235438818d2f4212e8972bd5cdbf,2025-10-01,Burglary,-0.07707,51.510877,22,1
c20e1b98d93c21bff9ab02d3cd399f50146539d6908aa47e10052119a7b1fdce,2025-10-01,Burglary,-0.079196,51.513789,33,0
02629f693dae1ad0a078e92e5cb813f3635572893c4466f95dccd88179e75612,2025-10-01,Burglary,-0.083977,51.510441,20,1
e5b8c6a5f372ef630e9a2d305092c545cffbca4056b53d542018481755cac921,2025-10-01,Burglary,-0.079196,51.513789,33,0
1599800e319f0d5d03221b07cd4546e5e588903d0b81e5f14bad2f3ff6cca5ee,2025-10-01,Burglary,-0.097291,51.514626,40,1
55c8075a135c59166bec7983f1a383d6db08efeabfcebb026079945e1801f131,2025-10-01,Burglary,-0.089808,51.517461,54,0
a12d4e35137db63cd8e3aac719cac18f40825aede81c70a516099e2f191430bc,2025-10-01,Burglary,-0.091947,51.513188,30,1
5006a93b9ee3eec5905f57c7fb847042730d23d64ecc842ff642c50e59432d33,2025-10-01,Burglary,-0.079521,51.511196,21,0
ac50d217a6e0e499a4d16a732640727251572fc04f7265e67dee83557f0d32fa,2025-10-01,Burglary,-0.079838,51.514267,33,0
9cbd7250bf8c908f55dd114e5827582668305c92a2b8cd30653404ebdb49b3de,2025-10-01,Burglary,-0.097291,51.514626,40,1
5f30bb36bd16d2b094462faa6bd609c7235f1eb8beb22cf7fe174fa22c2317db,2025-10-01,Burglary,-0.084844,51.5097,8,0
dd5cfe9a7eee9a6adc5436331505ca0c240b91c695e726fc596b01e65a77f443,2025-10-01,Burglary,-0.07707,51.510877,22,1
848946a28a6dc724f3cf1de11450d1a6f8ab8009181f4c68c3466f4001f5a7f7,2025-10-01,Criminal damage and arson,-0.078059,51.509967,10,0
bc12d0cc7b6f4d3e735948c4d4b1d18ca2c3b630f68dfd42af3e2fe7b09d63d6,2025-10-01,Criminal damage and arson,-0.09154,51.511896,18,0
0f43937dc9fbe125409ab44eeb1015d242f009a90c02f5721348fd17b62ffc4b,2025-10-01,Criminal damage and arson,-0.092633,51.509872,6,0
f1e9cdad69437acf90290c94fac1e287944197452d2ee325b6afadecb57cb13d,2025-10-01,Criminal damage and arson,-0.079907,51.517785,57,1
5126f587fb6b06c366667e1b6f810bcca418410edf8034c2162f57e56e070af3,2025-10-01,Criminal damage and arson,-0.088785,51.517102,55,1
b58f718c040e863cd5eff68b9da15d120c098a13d8f37f0bbc7050707bf4d9d1,2025-10-01,Criminal damage and arson,-0.089208,51.509744,6,0
10c9b647ca32b13651e290707df37eb17a357357de9335d7e734fffdd3863786,2025-10-01,Criminal damage and arson,-0.09154,51.511896,18,0
76794099df17d49ad263e47ac91002eaf26ba6e2d35cf091af27287eeb406885,2025-10-01,Criminal damage and arson,-0.088456,51.514975,43,0
57e350386cf8775aee7644841a019db2a27f098f2f62327dc1bb1167c767f044,2025-10-01,Criminal damage and arson,-0.092633,51.509872,6,0
08e3f204a48714d45a9a71c7d5f494a761cf9ba60dd0e5f7009345248a06ad90,2025-10-01,Criminal damage and arson,-0.079907,51.517785,57,1
d5cb976f00d6faf2f059678e206d262a7a52f555ee7658a76052f106c5e64578,2025-10-01,Criminal damage and arson,-0.092633,51.509872,6,0
d554497c6a48a3d2f75bc86be296d846ef3292dc8bf79996112fc4515f763e9c,2025-10-01,Criminal damage and arson,-0.084844,51.5097,8,0
389458987a2409c38b67ad42d1829c92063eabe8301ad285877bde5eed34deb0,2025-10-01,Criminal damage and arson,-0.104276,51.513712,26,0
7f9113f64a7822c499a18b97bc47996587eac0da4f2692118be66dc522e9f2f7,2025-10-01,Criminal damage and arson,-0.092633,51.509872,6,0
cc8c03507028404d7268d1bb73c189a759b290a23e2c2bfe7665f78708f0b55d,2025-10-01,Criminal damage and arson,-0.089808,51.517461,54,0
929e2b33273d9388c2ca26db73a3cf5e2cae60251e47f42c0e799dfc66ac607f,2025-10-01,Criminal damage and arson,-0.101292,51.51477,39,0
d647f7b1823444c45b773e3ac76e0918860b58d3f37fca5b349b64a39b0355b3,2025-10-01,Criminal damage and arson,-0.084844,51.5097,8,0
eb9ccbc5cc0cc8b697b5b390aa0c7a34e4d9983ea81e69fe108608f9edf68479,2025-10-01,Criminal damage and arson,-0.087744,51.516492,43,0
e053e8166434203e143525cf39826fd6e48c3470a62597367766426af1a7a606,2025-10-01,Criminal damage and arson,-0.092633,51.509872,6,0
39a5b171eaded5724319ebbe4a82f357f5ddbfbe38a65a57f82dfd8128f23fb5,2025-10-01,Criminal damage and arson,-0.102134,51.513929,27,1
677c0ee5402d2d5c958e171cb572b2af27cb2d5596150e2063dd6e5791cca4f9,2025-10-01,Criminal damage and arson,-0.087772,51.510665,19,0
5948617d24b3e64204aef6ba8db1d3f58b8160f9e07a6705eabe586a86f7ec52,2025-10-01,Drugs,-0.077372,51.51259,34,1
d07717103c37842d72df2c707f5d045921184b4dc9fa1e72f15710deee458e00,2025-10-01,Drugs,-0.097176,51.510836,16,0
5d66d1c3903e6cb198c040c4e655d16dedc09022603d046c261940a5c8b180a8,2025-10-01,Drugs,-0.101292,51.51477,39,0
ae1abb00a79b2749e971ff9fd05c660da3f4e98413e1a6f274331bd092ef7187,2025-10-01,Drugs,-0.0836,51.509797,8,0
bd28ed4f56279ec88183c353a6663e383ac8c54aea042f0886f96389b2e17902,2025-10-01,Drugs,-0.079907,51.517785,57,1
062b4897c84019db71d58ae51a70922b3540f35ad7980b7ac419536bf626c5d3,2025-10-01,Drugs,-0.104276,51.513712,26,0
941b9d64b6656237a7167e5991b4675d5c87c069089e66c0e930082004bf1ab0,2025-10-01,Drugs,-0.085089,51.512105,20,1
e2e5d483a3edb676c851cad1cc3fa2877468ae476d94c9945502bddce9f78648,2025-10-01,Drugs,-0.086815,51.517007,55,1
6be8d3a14f5116176004767860cb7b27c032a0f3e7f6202a31875f1e4d3889e6,2025-10-01,Drugs,-0.080448,51.520689,69,0
172c33792945765fa1e6c1075ff6393f4565e925a185d59c856864f66ad8c2f9,2025-10-01,Drugs,-0.078278,51.513666,34,1
21245fc4fd06f7f1bd091d89bf12de02b4dfa86328e83f85321ea6e181bb6fb9,2025-10-01,Drugs,-0.083977,51.510441,20,1
cff1cec5246a673208fad35db133088e85c7f252f811508beb30b778f1a18d33,2025-10-01,Drugs,-0.078278,51.513666,34,1
f4c9b700743918a8ef45a9acef56e40ea53dbccdebef7df04ec1bdb9efd4c3ec,2025-10-01,Drugs,-0.078278,51.513666,34,1
eafba2ee7912b85f3c24c90d58c87be2d8b107454e132a8d4f7d34b93e5bd072,2025-10-01,Drugs,-0.095054,51.510559,17,0
ae1803d7c98b420adaf6b43a9acabf56258a2c4886457eca286dda4f4750c37f,2025-10-01,Drugs,-0.079196,51.513789,33,0
dd9c01ed163f77464b97cc2302d3441ecfff2f790930991398153d69a26ed874,2025-10-01,Other theft,-0.084754,51.512882,32,1
f2b9a1e6fffd5926ae7f3140d7c9a1abf1c0a36cf9276f30186b974f2241ad44,2025-10-01,Other theft,-0.085228,51.51119,20,1
0337f7229cc63a8ff36bc5381d79b1753abe619143223284cb682a40c43ff194,2025-10-01,Other theft,-0.095924,51.513882,29,1
20962758dc24b62faff529c3126cd2d8fea7057c091ef2ce0f4ce830ebc6006e,2025-10-01,Other theft,-0.079907,51.517785,57,1
69aa1397d3535c279df30e871954f21bfbec70079300fab7964c9b3f279012b4,2025-10-01,Other theft,-0.083349,51.51483,44,1
cf1c01c4c18979ed76b7ba65ac435c36a74a227b6170ac65990e3fa7466eeb4c,2025-10-01,Other theft,-0.081113,51.516869,57,1
c92dc2a35b2cbb5479ab08ad9ccbfbe9ffb54219def7d848470f8db9d98ee209,2025-10-01,Other theft,-0.085228,51.51119,20,1
36c5d190692918b9ebf443fad8f2cdc19ffe8065e8bfcfac5a2ac786cb9c2abd,2025-10-01,Other theft,-0.084844,51.510725,20,1
61f1ed0a91c80e07571d7bc10af6714d85011df621ce552780a3577ad8909198,2025-10-01,Other theft,-0.084754,51.512882,32,1
a4b90ebe4e23adc6674ba0edaa6786ddc6d01f7d0b87b8f9bd6ade03924c56e0,2025-10-01,Other theft,-0.090578,51.509722,6,0
1d4d0a9c6a0da5f74c57c3765cdb899469cfb7eff7600b81f03c05eae2755f41,2025-10-01,Other theft,-0.092531,51.512658,30,1
7efeafea8d734ed501397c52aa0da825ce2d5259fb7efeee6f5cbbc8be728767,2025-10-01,Other theft,-0.081512,51.518692,57,1
c0b81516a713d1faa6815f27ed7602ccb9c876d4cd8835079646224aa36620c7,2025-10-01,Other theft,-0.085228,51.51119,20,1
107e4b7e52bda8db5f5a7d8523f8ea9d9bdc5b763a7cd69075befa53f3364ec3,2025-10-01,Other theft,-0.104276,51.513712,26,0
e74c2690e808873a19ad8fd587f5e1345b0114e5b3e8a8d7b169ccc1c684d86a,2025-10-01,Other theft,-0.087157,51.512624,31,0
06ad649c0ece3d22d6c7992f2bd199f1859fb9a1c2b95343ac962c536708345c,2025-10-01,Other theft,-0.09446,51.512024,17,0
01d70f4b1d44de26b8e9d208d7cc4ec60abc9e77439e80ea3103aa7999208c2d,2025-10-01,Other theft,-0.078755,51.51844,57,1
f1dbca1f74d770e4c143ce0cf211cf6eb6bef222bbbc49efe5ac486963b6c2b0,2025-10-01,Other theft,-0.101906,51.511794,15,0
29bc49e5b37b0f265f419e83a75a5e42d905a13b3bb7162bd174dec1510aaf4f,2025-10-01,Other theft,-0.097176,51.510836,16,0
985ee853089b102f43417cda6d8be1a4a65d14ccf095e4cbc44ee577839a75c7,2025-10-01,Other theft,-0.081643,51.51007,21,0
af2fca42c931c28bd81945f26002a8c588cd3dbc21cafeca014e571aea325b9d,2025-10-01,Other theft,-0.100201,51.513286,27,1
8bd3595fecf4b7d52d57d201e758b7d48c88f35f2716cfca978ee7b6ba72e57a,2025-10-01,Other theft,-0.079883,51.517326,57,1
4dda8fa43928bc7723e6cb62f22d210bc4c9f59ef88f8b26a1cf94f8f122da2a,2025-10-01,Other theft,-0.09407,51.513079,29,1
496a087f4179c9896576245309d9c99ea4da9f7555ac408ab134178da212bf5f,2025-10-01,Other theft,-0.092531,51.512658,30,1
be216380c79126b9b9e740e4ef8878883db08ab739af2d8e18d23d6676996df9,2025-10-01,Other theft,-0.079907,51.517785,57,1
a0c44e6483b095074ae9b9ba73d079723c49de6bb6b91b4f3f756b9f542ea4b9,2025-10-01,Other theft,-0.090578,51.509722,6,0
261fbfad7163412da7e006f1a7485bec25790a33bcd1b488e815095f29c05350,2025-10-01,Other theft,-0.078278,51.513666,34,1
aa2b4cc78d2ede35cc49b7df7909370d750c1e7d4be29a09841faad570df264d,2025-10-01,Other theft,-0.081973,51.515948,45,0
6e5384e962a16bc40a034f5bc4963e4a98d6a079c7ecb50963220abb500ebfb8,2025-10-01,Other theft,-0.091947,51.513188,30,1
bfb36d2f0f51ae71bb8d0d07a63bc807220cf90cb257de1ddd32b0275d3fb2bf,2025-10-01,Other theft,-0.092531,51.512658,30,1
f9e949aefe334177806f12df369407fe2eab6fea76b293284dbb9a1e72534c7e,2025-10-01,Other theft,-0.087157,51.512624,31,0
c9e8f6a72509bba0cfe115c6f5151f77ff24246c2b0d4a3e9117115969c63a4f,2025-10-01,Other theft,-0.087157,51.512624,31,0
6552126ac5d7fba7b380c497a5fe2ad4c694bda1cbb0a2b7e3c23228374a1146,2025-10-01,Other theft,-0.079883,51.517326,57,1
6c4717d1c45bf60f6d46c20677e363b3c9a2b0e6fb7525437b342856837c7fe9,2025-10-01,Other theft,-0.091823,51.514427,30,1
cba076dad940b3472241aad232e9c191646115c17f0cad1eebedee16f06d6e0b,2025-10-01,Other theft,-0.095764,51.512549,29,1
0ac3f68b1bfb08a199c080ae94fef446f1379db68fb8ee7c07b466b49fc15d24,2025-10-01,Other theft,-0.09407,51.513079,29,1
4ab35d9a74c726646e7383b5289d6dc4be86d9cac8f1bcc1577140c9a5428539,2025-10-01,Other theft,-0.084836,51.511939,20,1
135a23f98f5176df3c8dddfb1fcda14177be4245d42785c8786e1a21cc479ef5,2025-10-01,Other theft,-0.092531,51.512658,30,1
60aeeb1fa3634b01386ace58ac276c610cee1f1a1208958942dd041f4ed0b08a,2025-10-01,Other theft,-0.084754,51.512882,32,1
41d0df018cf4bc5c2176f6f261bf766836095b84d2fdeb739e6b30f0cbca620e,2025-10-01,Other theft,-0.089208,51.509744,6,0
dc6309adc20b83dabdc9b75b541208fbfe104b8ff2cc17f470305f1fb078470a,2025-10-01,Other theft,-0.078477,51.509965,9,0
fde8c3cc4864b1389b1f4c80bae55ac903ccafb327065b0dabbcf4cc3de5587a,2025-10-01,Other theft,-0.081512,51.518692,57,1
e287e1fa912dfcf038ed5d940b5cde329b8a577c97c9b9b75ef6890475ae0c5a,2025-10-01,Other theft,-0.077959,51.511332,22,1
dc6508469b8b4edc760cdf2211c525564f14de179232eca04f4b1377ccc0360e,2025-10-01,Other theft,-0.088785,51.517102,55,1
937fd1d538abddacefe896ca6abf8e7e82e709ff58aca63da87494514c92601a,2025-10-01,Other theft,-0.087772,51.510665,19,0
bc05055551188a226cec0de5d878b6fddeaab2b9010772e636d06fa4a287660e,2025-10-01,Other theft,-0.079127,51.509607,9,0
141ac18d18942b8020498df917ac530cd1d882c50de395bcd6a64082a0fbca1e,2025-10-01,Other theft,-0.081512,51.518692,57,1
f52e5550c78b45e570361cb8949ec561fc476f03684173d91a1e1a53e845fdad,2025-10-01,Other theft,-0.08491,51.512588,32,1
305453b5d656d4207668313055f8e56c5a13686ad7b91f2c75be779fdbc09b75,2025-10-01,Other theft,-0.088785,51.517102,55,1
947994ec360b02963a7e35613ca7c769649db3b030a4d8d3166c3922f8a27d5d,2025-10-01,Other theft,-0.09407,51.513079,29,1
dc30da11dfac5c059eaa6912de1d46942687324e84d93e5081f8a92829cbc28b,2025-10-01,Other theft,-0.100201,51.513286,27,1
318c5ccd9ee5c15a90ec8ab54b127f9f1abfda417edf2a1f3b1f2f47c0f7ef7a,2025-10-01,Other theft,-0.079883,51.517326,57,1
3eae06fa0c066ead648939ada092160adac6dad076cf413cbfe57bb59ba0e3bf,2025-10-01,Other theft,-0.080365,51.508943,9,0
68cdeb8b585e3d7e84e8db59c0064844d7999ba1e9dc72d5c57fa4a2ad871ed4,2025-10-01,Other theft,-0.078755,51.51844,57,1
5c8748ef4f1674d28dfae8a8e13a20f6628e329794ae67ed3df2963f95cda398,2025-10-01,Other theft,-0.079138,51.508312,9,0
2667c2bc1f4d0fe88b65f923e8f724ea061dd72c5bab139d183c7c899c813e41,2025-10-01,Other theft,-0.090578,51.509722,6,0
1a55f12c788f066018b34ddd6523ad4ab01ba7dbc079502bf7190f76a6196241,2025-10-01,Other theft,-0.083977,51.510441,20,1
c13b063d7a1752ebef0f24153424972d50d6f6d454ddfb176d89ef3caae3d0b9,2025-10-01,Other theft,-0.089479,51.510864,18,0
70dfd578d23bd3e430f7acf09e7617758f594dcf2033fb7a6276d63fc25d53c9,2025-10-01,Other theft,-0.077372,51.51259,34,1
cfa3b55b35e9e58e75e29326444edc37bd923d5e4cc191f6d72ccdb7952dd97b,2025-10-01,Other theft,-0.081973,51.515948,45,0
6ddabab75040433ac24248a0fd0f289127da45fdedbe2877bc3511a467ce18e0,2025-10-01,Other theft,-0.088903,51.510836,19,0
efa5d928d44b58900f8c4e904b13c3b11674afee90dd24069d23b97db0871b11,2025-10-01,Other theft,-0.08491,51.512588,32,1
777e8d608d1dbd747a6cb2f8bcea677401326ed6be9085666ca41021b2b2ebed,2025-10-01,Other theft,-0.079521,51.511196,21,0
8eb8e2c4824b6ced6e7d8724ceb146f96956b18fd5af17b69169f0e512b20fd3,2025-10-01,Other theft,-0.080291,51.514814,45,0
f6d3cb067b60d4277f4a54cff54afe2c73dbb70ed19ecebd6ba6ac2875e18f9e,2025-10-01,Other theft,-0.089479,51.510864,18,0
9660a409933c26f4a65d423aebbed5ee6083c3cefc93bf91d4ec39032d73bfb4,2025-10-01,Other theft,-0.085228,51.51119,20,1
26dfa2f4e4a155236138ee9a80c49f4baee15a66f58d3ad8705c3d5a71371f99,2025-10-01,Other theft,-0.078755,51.51844,57,1
be31be639277345c9ef97f1e04f7b2fa76afce376fb982a99b927d64d0e370f8,2025-10-01,Other theft,-0.0949,51.513209,29,1
cdad5af5dae60cbd88762601496da10e3c29c005b72b9d5f25a8feb19ef8f763,2025-10-01,Other theft,-0.078937,51.514109,33,0
235fe51625afba3f17254d3019450221d2a8ff7fd1930ac9a3512e66b109f0e8,2025-10-01,Other theft,-0.089479,51.510864,18,0
c0c560930d921d2da8c7a98b3ac82d1bb1b0c2a67f97213c92b20ff068b1654d,2025-10-01,Other theft,-0.0949,51.513209,29,1
8756d2a7b519c5b2a91e563c60f6c51bf0071b9cf8a9390ceb2a34b8415019fd,2025-10-01,Other theft,-0.084836,51.511939,20,1
54bdfbed166eb0c0c118714d0c6b00bffe35b877d6704fef3013e22d0bb9bf47,2025-10-01,Other theft,-0.102134,51.513929,27,1
e27f20d0e4d219c117295157fc4c9574a2d12b736827f6cc7922006536896c5f,2025-10-01,Other theft,-0.092531,51.512658,30,1
8d51b0df7b02773d2283e5da7d8f5c58d22dc5f6e8e0f5fa69a35ef24cb6c721,2025-10-01,Other theft,-0.101589,51.513515,27,1
cc0fca6f818ed6dedd1f88a4f3ef1ffe911346d22a12795772ba7b2cd602f273,2025-10-01,Other theft,-0.09154,51.511896,18,0
490d1fedab79742157c7ae6a05a358b51c52c0c40ba797268625dd293b4670b9,2025-10-01,Other theft,-0.092531,51.512658,30,1
c89ee094e6966bb00791d59bd12ca23cf35925feb613fdcfbd88721dbbe92c2b,2025-10-01,Other theft,-0.09154,51.511896,18,0
53284b01f24595d78fdf1292e830665cab0aa169c62f76bbfa11c3bb4481306d,2025-10-01,Other theft,-0.101393,51.512685,27,1
e215c930312dcc027cc3748a52f7224432e286f2e8ea767455162d1e74916d89,2025-10-01,Other theft,-0.092531,51.512658,30,1
5b7ce595762b92255598f5b04e382b76ff3c9a529b35a4e8bf7a81dd79b11381,2025-10-01,Other theft,-0.084836,51.511939,20,1
dd5624bc7dc7ac514e418f20b3e8292b0f23409abffade40182ec60736a0e5a4,2025-10-01,Other theft,-0.080291,51.514814,45,0
50531ba7e93d321f2b020d6fcf2eceeb6ed1b6b8ef04a329cfa74b2cff51e9d3,2025-10-01,Other theft,-0.081113,51.516869,57,1
2c4ea5e2ac3bb32c1d5e6ac4ccaaded70f8cd267bfbdd9f4734710be96811ce5,2025-10-01,Other theft,-0.081113,51.516869,57,1
ffff3207aa9b71bca1a3061417deb68816a824fa479898c2de4e3310131b0aa7,2025-10-01,Other theft,-0.08491,51.512588,32,1
4ec8f90f099406b8aaebed7000b592a2eed9629c85d65e77492e42a52bc2c455,2025-10-01,Other theft,-0.084754,51.512882,32,1
b6c03a04e455187d4e4c6a141427d9558844242a861725fff80343eedbbcfed0,2025-10-01,Other theft,-0.084836,51.511939,20,1
68be1f633bb9066f31214e5f34c8d31dc25ae68fc4d04399d19d01dfb1108342,2025-10-01,Other theft,-0.079907,51.517785,57,1
4539b6444b4dc733af98576b79d2f65fdfb705630ffe425cc103a95fec647e04,2025-10-01,Other theft,-0.084836,51.511939,20,1
aadb1eb7ab01656a8e40d0c1b6fda351b1034dbcebf1aea71d742044a536a2aa,2025-10-01,Other theft,-0.081902,51.517296,57,1
c448bc85afa2e1208f3b2cc7d367878a68210aaadd73b1b11e945ddb0157bd56,2025-10-01,Other theft,-0.08491,51.512588,32,1
e5a0897e37840a01bb12cf4d89ec6e63ebf0b7a16f59c9284b0aa2f4baa16855,2025-10-01,Other theft,-0.097291,51.514626,40,1
ee7d112a9b9ea96463ad4a94acf92b21ce7041e96735d7bcacbcc0872480f182,2025-10-01,Other theft,-0.092531,51.512658,30,1
32af673f952679168571a8a4e21cc31a5f413cc7fcace92a2682db4ccb270681,2025-10-01,Other theft,-0.081973,51.515948,45,0
9bbd84b4c91055acee242e6fc98a2b0fa517ebfdacd683d54b3fc45d1d729daa,2025-10-01,Other theft,-0.077804,51.518083,58,0
074afbe18ef110878f21c0605786824642f234aa6b6d87becdb78699b15bdb36,2025-10-01,Other theft,-0.079196,51.513789,33,0
b00e862b575339c5c6df2bf22ae75b787883b9dbbec530b1198f49ff55ca8edc,2025-10-01,Other theft,-0.084844,51.510725,20,1
e45e5739adbaa485b9c31079807d1b505efdc0ee53a7effa345bf5ad52d53c95,2025-10-01,Other theft,-0.080448,51.520689,69,0
b1bfd97c4dfe67ce9a4acd82fef7cca8fc4a65547ff81469ac270e8c7cdb240f,2025-10-01,Other theft,-0.078495,51.51777,57,1
127fb714f7287335c1f4af4a073d65aa877d8cc466c92d29f107452b7fb69325,2025-10-01,Other theft,-0.087157,51.512624,31,0
9922b9cc51f3178b22fad48f8bcd882842c46d74e10009267e967269d2df8e94,2025-10-01,Other theft,-0.083349,51.51483,44,1
af7579822821dd7237c81fc60727fc2c641bda91abd46c37d7e68dc15b904e21,2025-10-01,Other theft,-0.084754,51.512882,32,1
c615b2dc0f4029ea614fc47daac44d83fbc4acf2d936f71ba0d70f4cd26e10bc,2025-10-01,Other theft,-0.084754,51.512882,32,1
f7e1ffa6eee6334a6644b7db461b06e7cb90acf80204a153d89d800e6068aad7,2025-10-01,Other theft,-0.085228,51.51119,20,1
93b1df6fcee3821fac71793d922acb2b2830f606ac70ed380a0bed6d01ead71f,2025-10-01,Other theft,-0.09407,51.513079,29,1
efa003c37ad0f49455fa1afa33e7b5573b51368201eeb839acdd7a95a52b6121,2025-10-01,Other theft,-0.09407,51.513079,29,1
6d835a1bbdcb64026c2bb87297ba9ac3f7bdab1d29bb66a42b006a4203984493,2025-10-01,Other theft,-0.082133,51.515222,44,1
be000be22693f134b985f3dcb08b2e33085d548302bced9afae979d09f7ba946,2025-10-01,Other theft,-0.09407,51.513079,29,1
59ac6e926d052dcf5dd3a8c5adf26d8900fa841c654bb23cb67ddd1283a5d02d,2025-10-01,Other theft,-0.084754,51.512882,32,1
4da741e28ebfbb3be13970fbdfd58f48d16fe8e44b7c3c33ce85ac16d1ec2081,2025-10-01,Other theft,-0.09154,51.511896,18,0
4fe9d6e1d7ece4f5a21bc21f8ce674e864a90a25502069cb3c9bd27b9ff180ce,2025-10-01,Other theft,-0.079138,51.508312,9,0
463b8951eecb00f8fd6f07ac442c00eadb299d23259614b303e5fdcf338c6566,2025-10-01,Other theft,-0.085228,51.51119,20,1
72f1c9be6e5321de7265a192380fdc0831b28a54cf95e85f38d65abc01d466e2,2025-10-01,Other theft,-0.078477,51.509965,9,0
9873fa8f82fa70c55c63e970f2a062b20ac4621b9cc1eadefec62f1c37dc8946,2025-10-01,Other theft,-0.091947,51.513188,30,1
79df430f4e087de6bd7e7d6c2b579a8049e5e0903ed83edd16d179e2b7db638e,2025-10-01,Other theft,-0.079521,51.511196,21,0
cad144649857f7fac3d3f8b404bffadb6787a30659ea91bf1c1146a4ce0cd8a3,2025-10-01,Other theft,-0.079907,51.517785,57,1
b54d84c7f1cf4c050d89decb3ac5cf24b4030d5c1c955e1f610c8a01bf046ddd,2025-10-01,Other theft,-0.082133,51.515222,44,1
ccfc4c5227728b76d3e0fdb6ca8cc06e6b4c65196b59fdc67b3c64abe01b35c7,2025-10-01,Other theft,-0.077372,51.51259,34,1
dc27d0975934db0fc6878799c267750482b8150d6fd7e31dcbb0b7496044bda9,2025-10-01,Other theft,-0.100201,51.513286,27,1
3584914d4cbb7aff2ca9ba9ef8aec0f84a1f226ecf63052b9f26e754af023b6f,2025-10-01,Other theft,-0.101589,51.513515,27,1
6af6df63f9f2b3e79c13b75f9dce7f299e8913fc5e873b850c6e714c89314568,2025-10-01,Other theft,-0.077959,51.511332,22,1
c56af707c397ae1dff4b5de4a3b25a915c4e6261c460c04a693462237801b8c3,2025-10-01,Other theft,-0.078477,51.509965,9,0
7ebbf5e3c65cca6bfe346e1d922ccf4cebd3e422257306eb3ed7628e12a3f574,2025-10-01,Other theft,-0.079127,51.509607,9,0
9825b1a39e5c0ef425ba8d34244d487d07d88ee11a7ca222688e9a50e9cc9bb5,2025-10-01,Other theft,-0.081643,51.51007,21,0
251050d44b34781f5d0ee030fe207e416c7e78f34436bddb241afdfc5d272cba,2025-10-01,Other theft,-0.086019,51.513631,31,0
4cd92d24c17acf3b5b23f6426f6e894606badd2d7e08df85192899dc75659f04,2025-10-01,Other theft,-0.088456,51.514975,43,0
baa0e2f5d4645446badbfac8d91921336c71d6af2b64ab38def513f200e4947b,2025-10-01,Other theft,-0.07707,51.510877,22,1
ecc46d6c6e1985221000b48cce686be2fe6266c37be6f4329359df4a13bbdc04,2025-10-01,Other theft,-0.092531,51.512658,30,1
4293a7eed1a5973b70d4b5d5c6210b4d04aca51a72d175adad6ca54e744642c3,2025-10-01,Other theft,-0.081902,51.517296,57,1
ef4d3b02093af7872d35f447339a17f6dd7e7614225660e87414a541044bda54,2025-10-01,Other theft,-0.088785,51.517102,55,1
0db319c8cbf368ad4587d8013068944b9ce366f401ffacde0f8096c4a479985b,2025-10-01,Other theft,-0.079138,51.508312,9,0
123f64c7a7f049a6eac0a5b2de828b0f8c361d4d5c10920a35067c5fb9544bf3,2025-10-01,Other theft,-0.078424,51.518093,57,1
64b55b67588e693a55f7cdc018d60449eef09524080108401c4727a484f9f59f,2025-10-01,Other theft,-0.084754,51.512882,32,1
95700bea61b9907af5d9b15a0af54ff0bb33eeab861ea25ea701c883e0be4f28,2025-10-01,Possession of weapons,-0.079907,51.517785,57,1
bf8175886b94ace799817b7393d28be08b12b51511fb991ced15d468fb038b09,2025-10-01,Possession of weapons,-0.083349,51.51483,44,1
ff2844bdbbe730613c90393646029a372c171fa648d52a9bf8ea82acbe769de8,2025-10-01,Public order,-0.078937,51.514109,33,0
08d04f435a4e7a389623ee786edb4b1688a0dc052881897bf537aa22faa60f0b,2025-10-01,Public order,-0.087772,51.510665,19,0
bdcb354344206485a4f16dbbe20c96964b3846c2dde642db7879e07f252381a3,2025-10-01,Public order,-0.087744,51.516492,43,0
ca77cd86df991ebdeb0c78330927e87d1b95077f303072c1a1b525f7037bb07f,2025-10-01,Public order,-0.0836,51.509797,8,0
0a1c801af153e0ec35f145d11af76f4cb3eded97d5d0dec9f7dd512249dd3658,2025-10-01,Public order,-0.088456,51.514975,43,0
c60cafa5de77e145a9d78f96165c615cdb0d27973780e86f50d9fe00209e2ce1,2025-10-01,Public order,-0.097291,51.514626,40,1
9d16212290a89d7d77818e4d9f1ecc79f95a7520dc1c542ef55620cfc08c5f8d,2025-10-01,Public order,-0.086019,51.513631,31,0
97ae1e10529bea2cf7e3f49818ad727d20e125406cb71892616e298939f3be36,2025-10-01,Public order,-0.082993,51.51636,44,1
f4cd775f2cf6a788e40e42e47c7c4acc16c983f17c51d9207b7b05fab3fe5352,2025-10-01,Public order,-0.102732,51.513426,27,1
816a9b5e42641be541eae5c6ca0183c4ff72a99ef923718b927a9f8be4b76ad0,2025-10-01,Public order,-0.097291,51.514626,40,1
3040da09104e14a96a2cb7c5d3b3d669cb7fe1786414994fa75fd2e3f7989adf,2025-10-01,Public order,-0.077959,51.511332,22,1
f3b7dd4524621087d3362254f88182479b1b0c9cfbbe9ad6e681bbe78a7e1103,2025-10-01,Public order,-0.077372,51.51259,34,1
3135e4c7f970f7c2ea597c3c9bc3d351115a84afd34db22f4afec7e157cb3c55,2025-10-01,Public order,-0.082993,51.51636,44,1
2d41db8aef3311ace89d974dcc50e342a412893b1d67cccf6ba02c78fddaf9ba,2025-10-01,Public order,-0.079907,51.517785,57,1
222231fe2c6436dc094a5f01e87169f692d31c12bd08238e7f5f58a64cb66c6e,2025-10-01,Public order,-0.0949,51.513209,29,1
5f7021d68d596148ce1e8079b6023964a39a1e976aa3f9e72a375129d0724787,2025-10-01,Public order,-0.088785,51.517102,55,1
35ecac9ff84c275af159f6e053e73a43354a7c224d7adbfc48dda9e54da994b0,2025-10-01,Public order,-0.091823,51.514427,30,1
99b0addf88f641e39fd55720bcc7374af898b0f713d70593a5a7f81ed1cce595,2025-10-01,Public order,-0.08491,51.512588,32,1
6895864f725044e1ab161b19d92de3dd4473aa3f19f5006d9f8709c2745f68c4,2025-10-01,Public order,-0.101292,51.51477,39,0
acd183a685a99561117e4cb4835f8673f218e8434b81aff57b7af8f87c506ab1,2025-10-01,Public order,-0.083349,51.51483,44,1
aab2ed89bdf5a2ee02f492685cc5bc00547f42380343e13775c6c0a3d4814553,2025-10-01,Public order,-0.085228,51.51119,20,1
8c0cc5b74ff4868cff72814dc265467f83ba2832df21d01cd4f5d71843259a13,2025-10-01,Public order,-0.087157,51.512624,31,0
219aaac7139aa06919b1635948d00f1502298eb7ec778559ce5894fbefab0926,2025-10-01,Public order,-0.079907,51.517785,57,1
dd1524fc9c684a44708445fd3e21066f132cc9708770ae26bab822a1c51a1c6d,2025-10-01,Public order,-0.079907,51.517785,57,1
b7a9cebaed6dfe14a49d13d24aa967a8898753310e5be8ac6220d67ba0742b77,2025-10-01,Public order,-0.078278,51.513666,34,1
cbcbdb71697c723b465da6eeb834fe3cacc3ca6b6f2b19395225c090cf7fd3dd,2025-10-01,Public order,-0.081902,51.517296,57,1
d4c3577ef293889f16f44e9e5229f5e8a2d523ba1c1c92f41123b11678d72fd2,2025-10-01,Public order,-0.081113,51.516869,57,1
c5bb82f32f31fa94bc778376effbf3992743d074db81b98502d5795e6eefc975,2025-10-01,Public order,-0.081113,51.516869,57,1
5b7f5e30caf2e079f436235dd75207f8cb795a00638887f3ba125f7d445adb32,2025-10-01,Public order,-0.083977,51.510441,20,1
de37367e5f0ed1348c69f42f8a8fd5b69be623893c0dd24fa571b850fbb757c7,2025-10-01,Public order,-0.087772,51.510665,19,0
f7555fb2656329785fe4cd8833325eeaf8108f33d61f8ed62ff8ab30c8fd14ab,2025-10-01,Public order,-0.09154,51.511896,18,0
69eb46024b72e05f4091f651e5a4658c3b9aedf57fbdf198c19043cef72f1104,2025-10-01,Public order,-0.081902,51.517296,57,1
cf14135c6460943062a0510af9d18616c43971e404a1b42880a063606f5dbc4f,2025-10-01,Public order,-0.082133,51.515222,44,1
fdd54409c267257db877f7dcd800923055410be235911a154a11589d4d61db3c,2025-10-01,Public order,-0.091947,51.513188,30,1
443f64cf0595b9a6ed88eb739f6d58c7f10fd021c0a5f476e9974f98af102f20,2025-10-01,Public order,-0.088785,51.517102,55,1
6a4a59278ec2f40ff75c1d03cad96698edfa23bf2660d8035de2cab94b4961e6,2025-10-01,Public order,-0.081512,51.518692,57,1
2c843646ca765c959e58bf2a5209e211f0915c7acb6471319836b88352d62050,2025-10-01,Public order,-0.091947,51.513188,30,1
a76b277a30934a4ae96275729e1fd41ba79274e5d66b62a20ad74c7250a947d5,2025-10-01,Public order,-0.101906,51.511794,15,0
891ea005d2b3e5f4ee43649b48fe5a748dadfe0c2f185908818aa620f47637b9,2025-10-01,Robbery,-0.084844,51.510725,20,1
28622e42d02af215500264fae2aee59857a1f23b6a78685a36e35a902ce4a1d8,2025-10-01,Robbery,-0.091947,51.513188,30,1
a721386dee1325923d8ad04c1c2d9d3953a495619093ef707d8ffcc1f6c36df1,2025-10-01,Robbery,-0.081113,51.516869,57,1
eb942e3f3c2eabd491f2bce51ae8e714b7c29ad7512266758443274440463f52,2025-10-01,Robbery,-0.078278,51.513666,34,1
cf353b0d5ed53ea378366d7bd6d35bd0edcea2549efc9dff60276c65572b1224,2025-10-01,Robbery,-0.083977,51.510441,20,1
1d3e3c7bb86f01686a3741e516dcbaeb035885ff81e31c1516d8ff914ded4ded,2025-10-01,Robbery,-0.079883,51.517326,57,1
17d2a6586606c49053c86f3173872fabf40a7244ca02e3836c555ea3485a5c3c,2025-10-01,Robbery,-0.101906,51.511794,15,0
d5c5651229d7104df69eb082cdd9f2896b7430e14e63aaa4a0ab14dbd65e7df2,2025-10-01,Robbery,-0.083349,51.51483,44,1
79118622006f4418410cbbb672a79b6dc1cf890712ec241804e553eb974f227f,2025-10-01,Robbery,-0.084844,51.5097,8,0
23cd7c00ff0b6b0f84201d42ab023184f302374465b9a46ef6084568bd5638f4,2025-10-01,Robbery,-0.087772,51.510665,19,0
228c5836263449c23b8c78ece69f11cbab576a16d9af276c0cb32189f7ee5553,2025-10-01,Robbery,-0.097291,51.514626,40,1
cb70cd247627acbb502243f6ae715cdef21d878ddd0c280f27281293cae39879,2025-10-01,Robbery,-0.079907,51.517785,57,1
bec7198099cef93698da3a8ad586d23d4b997576d8b2357c41606560a7cc9f82,2025-10-01,Robbery,-0.077563,51.517656,58,0
672d7546e3c101a3265559b1b89ffc81f5c25ee46974fc7bdf877914236b0071,2025-10-01,Robbery,-0.079907,51.517785,57,1
cc93d54226e4cf3c09fb8cbfbc8fb5196690b1562ae52cd4b72bab90ce0269ea,2025-10-01,Robbery,-0.09446,51.512024,17,0
d3a5a63cd23c4400a925b441601e061a37acaceef8fab9c772dfec6db2963546,2025-10-01,Robbery,-0.079883,51.517326,57,1
bc0a486830d7f5bcb0270ab63ce8b8a6686d61a1a8c56e585839387d9ff5465d,2025-10-01,Shoplifting,-0.095224,51.513736,29,1
d93c76940c927a565c43b530f642f11d7cbbb1fc0e23e38ba149851207e6e201,2025-10-01,Shoplifting,-0.078278,51.513666,34,1
aa67bcfb21e2e4065f79d97b75263c8e0e70fdcb391643c7faf05d74d31301c1,2025-10-01,Shoplifting,-0.09407,51.513079,29,1
a2c9fd43f9f0c7b28cac7897c98972877b0454a4c83dc0c12d7a8d2c37d2e311,2025-10-01,Shoplifting,-0.087157,51.512624,31,0
d4db488bd8afc61a63a96fcf5a25616bf096e4777ed837e7be4ff8ef5e69d479,2025-10-01,Shoplifting,-0.09407,51.513079,29,1
1abd9d3b9def6967cc4b64f3b85c7d9bf63a2ed31948d602d38416e7137384d4,2025-10-01,Shoplifting,-0.078278,51.513666,34,1
62431499c43e0b75ff08aa72a0f9cd24d9afe4cffb8c4d8657cee4cedfdfefe3,2025-10-01,Shoplifting,-0.078278,51.513666,34,1
40c30956824217fe990a2148ba9d74d55f766efc552771d50c01eab0acc7544b,2025-10-01,Shoplifting,-0.097291,51.514626,40,1
bf5f32e647e3b6f910b1273684db5febb9b8bf7a614ae01b3403a4b6bf322cf6,2025-10-01,Shoplifting,-0.084844,51.510725,20,1
ea34efb614cebf6b81f7aa9a7b464b727fc1b7f05fe370592e1024021bf7d854,2025-10-01,Shoplifting,-0.095224,51.513736,29,1
ed28349c9ca45a195c3344b92beb35544e68906a0a120d953d12006cd20010c1,2025-10-01,Shoplifting,-0.085089,51.512105,20,1
096b4b92c4b60faea00a6f00b8a71fc8049a47f9bb7b0d6c9d932e65234bd8e2,2025-10-01,Shoplifting,-0.079883,51.517326,57,1
85d758dfc59ccad4208b9c8d75aad130436c31966d9ccc797c952fe7a8d2256a,2025-10-01,Shoplifting,-0.078278,51.513666,34,1
d61f3e098cae99d99363ddb328dd930de908e793d3792ad28e03be43b95ae141,2025-10-01,Shoplifting,-0.085089,51.512105,20,1
05b1a7a43b44453dbbafc4feb81cfa02efcd65b4a198f7643ab0f1c38bea0448,2025-10-01,Shoplifting,-0.097291,51.514626,40,1
09153c36233a52db7e71227fb9c258491a0b8e114423955468f9f01ec1452dec,2025-10-01,Shoplifting,-0.091823,51.514427,30,1
64c380bbdd4b2f53f57da6863dc7daaddd75ece9c0421b9175a5a343a5db4e2d,2025-10-01,Shoplifting,-0.097291,51.514626,40,1
bdae1f4975255f8c505b7eda6cdaa6c85e1cbac3ceca7e0997863d392c95f7c0,2025-10-01,Shoplifting,-0.088903,51.510836,19,0
560afbc31662eb50f449c90e0a64d7caffb825efbc266a681029b89d6937b663,2025-10-01,Shoplifting,-0.089822,51.516103,42,0
61f6a11466cf51066a4ce3617fff4d73f5eeadb0dd1b4634318ea7e255851087,2025-10-01,Shoplifting,-0.084754,51.512882,32,1
7630a72a8a97fd2fd67928aca13cd0abad57a0570697a89f60dff5702becce98,2025-10-01,Shoplifting,-0.084844,51.510725,20,1
3487d5591520677e11691817befa5b7f141d0d2a73692251d0ab3df2b96ce8f9,2025-10-01,Shoplifting,-0.095924,51.513882,29,1
be18cc082c9f39da22631c7026136e77b351cf531ae1ff62a7da87416dc3964b,2025-10-01,Shoplifting,-0.079883,51.517326,57,1
2b7a5a053ef87707077e3310f458a2078633e6507730ff61bd11dba2cb11b59c,2025-10-01,Shoplifting,-0.078278,51.513666,34,1
60a8f706c0f29510ac1bb5aad44666b7b8f2bd3bdaedbfc448b9b4b3ca635c78,2025-10-01,Shoplifting,-0.086815,51.517007,55,1
aa7a3528e9eab68e53be985f22068b4cdc14339e3acf64d56ddb8267c3494e0b,2025-10-01,Shoplifting,-0.097291,51.514626,40,1
16e7f11ec3a74411682ea9e36ffa54729432b22a61f365460de6a9c0cdd30446,2025-10-01,Shoplifting,-0.09407,51.513079,29,1
382a038031e54e17fcecfb2a39239e76298874d75145afaf3b195e209812b378,2025-10-01,Shoplifting,-0.09407,51.513079,29,1
f8932438ca1e7e77ab7e941baba65f1db71a35e289909bc0ed5b8040956ad432,2025-10-01,Shoplifting,-0.078278,51.513666,34,1
6ff6e9874a5346e18e130b6e6a646bb65f4441db541a8bd47445574a42bd031f,2025-10-01,Shoplifting,-0.088785,51.517102,55,1
56bf8accc1b295eabf1856e8b691917c56d009198634a914e1b00006b0208baf,2025-10-01,Shoplifting,-0.09407,51.513079,29,1
83e1eda3e54cd2e063fbb6864868ee8e6d4e37410ae68ce8b4e1b4f1be760cc7,2025-10-01,Shoplifting,-0.079883,51.517326,57,1
18f27b9acf34877f13acad5eed5dd35fa198cd249d7643265896e1cb244976eb,2025-10-01,Shoplifting,-0.095224,51.513736,29,1
2150133056e2c1e90e47fcdcc2e72e3920f2c25da09310ad5e4b12aadd12afdc,2025-10-01,Shoplifting,-0.097291,51.514626,40,1
0985110480487a8ec655fd990e40038dad82780eee7d3f09d45567c0d86a9e56,2025-10-01,Shoplifting,-0.078278,51.513666,34,1
f7ddea900bf7c5519cb90bcc620917f4a861c3bd426c493ed07d0b971153121a,2025-10-01,Shoplifting,-0.082993,51.51636,44,1
a2a326998368ee3f909f69a76d013437dcbe124cbfe9c47290ebe95064532fd6,2025-10-01,Shoplifting,-0.09407,51.513079,29,1
8c85bd18a1df4be8959ba5e5b0348cc4219862620a1efb361b93077e7367ed4d,2025-10-01,Shoplifting,-0.095924,51.513882,29,1
868b37af42e08ed16176508a187afb78e9b7259d59c075c281f5faa61ec4f9a4,2025-10-01,Shoplifting,-0.091823,51.514427,30,1
7b35b3cc83f2fb0f214ba0dc972d4275e354889c3e7a18b555b72d5bc32e3e7e,2025-10-01,Shoplifting,-0.09407,51.513079,29,1
e9cbb3b174ef6932ab9fde12998fb86fd652592ebbe4c82869efe822b6f73c65,2025-10-01,Shoplifting,-0.097291,51.514626,40,1
cbdd520b25407017781dc1954757d92badfe5ad9d5d7ea77d43fa5ac64024918,2025-10-01,Shoplifting,-0.097291,51.514626,40,1
54654e663a03b23591e2b2eed33ff9ac1ef369a9200cbaf4b70e2b95fab8d91a,2025-10-01,Shoplifting,-0.097291,51.514626,40,1
2525b83e96ef800b8a2726e8b147a0e25891da1fc78be4f8e331703593a816c4,2025-10-01,Shoplifting,-0.095924,51.513882,29,1
ac43bd7ce58b0f2f5c925d38c809438a5c5ebf4d0dde548ecfda980d69e3b430,2025-10-01,Shoplifting,-0.091823,51.514427,30,1
59973ea8a5fde8a8d00537a7bf4a089c1192bae9870ea926fe6980d82efd321e,2025-10-01,Shoplifting,-0.082993,51.51636,44,1
f55ebd68534725d145a27186b83e5163df3bfa8cb4cfe545609d5760c25b0650,2025-10-01,Shoplifting,-0.087772,51.510665,19,0
8dc1cd1b6cf54e0712b256ef1f89fa12eb6f9283d8181f8af2ea63ab08ca9f92,2025-10-01,Shoplifting,-0.081512,51.518692,57,1
d91ace3321735f0f4fd74f43621a29615dde51213d7896903226900b173c6f35,2025-10-01,Shoplifting,-0.084836,51.511939,20,1
fd03a871de764880ebb5ec37912723934ec4a78a248cd3e97326e35afa213ab4,2025-10-01,Shoplifting,-0.096501,51.513874,28,0
72cd84565dc28450772f839e7defc87d1fe35198537a24fb44d4e6a8f4ff5c0f,2025-10-01,Shoplifting,-0.095924,51.513882,29,1
b2c065361006ce56a79269acb6fcf4695b3db76aa7338d98d2aa732dc86872a1,2025-10-01,Shoplifting,-0.097291,51.514626,40,1
08d9386f1f660427e30bd47071c794beedfb2f88a3624a20e5962bd766617169,2025-10-01,Shoplifting,-0.082993,51.51636,44,1
ecbe8e742ab6401684648ba1235cfd464917e7b33e940a34452b7ac7fced08c3,2025-10-01,Shoplifting,-0.09407,51.513079,29,1
cc63956b83d61d1e229f80d84215d6fc250affdb358c1c84a8dc2ff3150c02cb,2025-10-01,Shoplifting,-0.085089,51.512105,20,1
0e03dbb210731b97d0f52d6634e67a71c9161abf920ee7da40995ba917de7949,2025-10-01,Shoplifting,-0.095924,51.513882,29,1
b84a7a4eb1d7b5894e8ddfc3dc5189001b2d1358759db858d9ddc5b231b9f972,2025-10-01,Shoplifting,-0.100888,51.514448,27,1
c300fc57db09d61932674d03732ce94fee8ed6bc214641910056b9335d526be3,2025-10-01,Shoplifting,-0.079907,51.517785,57,1
76935490c5eb0e3b5a02d9a2d4ed74fabe2e0cbee6da8dae24f4965507650aa4,2025-10-01,Shoplifting,-0.097291,51.514626,40,1
b7b9d0410a1bb84ea09430aae3b3a6ae4db1404f32a7942c9a426cb9aa8a578c,2025-10-01,Shoplifting,-0.092531,51.512658,30,1
939673025ebcb7e702ea764e12e1ebe84a2f6ad097aab1068ff5b1214145e0a4,2025-10-01,Shoplifting,-0.097291,51.514626,40,1
d89e3a7e6daeeed5e60b1562e3c096376919d59e5f73edd3a79e643a216c7452,2025-10-01,Shoplifting,-0.087772,51.510665,19,0
c571f7bac1cf30396b0c396df4d59bb9f67011a258c0c9f121fee6b392a9b786,2025-10-01,Shoplifting,-0.095924,51.513882,29,1
93b6d643d53dce2de9744037c3efb645fb91d0b36fec4fcc21639792c7b064c4,2025-10-01,Shoplifting,-0.095224,51.513736,29,1
f5fa8430d98bb6273bdcd00293ecb14ec0fd335be6707bbab87f7510af1e57e4,2025-10-01,Shoplifting,-0.082993,51.51636,44,1
54a11776cc4c17f111e73ee8934c71e36a50cf053723331daab6ec5cea426548,2025-10-01,Shoplifting,-0.081902,51.517296,57,1
45a1a378b3ac75919176a4bbfaec7259a7a239ae460e8ac1e953c015c42ab74a,2025-10-01,Shoplifting,-0.095924,51.513882,29,1
78a939f1ad60ceb8402e78d77912199556f7ad8e9dfdfe3d2afbc8a179c11f61,2025-10-01,Shoplifting,-0.095924,51.513882,29,1
20b70a5a58d1af1d815a4725cf3b92a0e17cdffe5cb3affed261143b508307ad,2025-10-01,Shoplifting,-0.091823,51.514427,30,1
804ec41706c85189432a7e703d76ef2d3c299fcce550c20aef4c7badae27a3e6,2025-10-01,Shoplifting,-0.078278,51.513666,34,1
197ff9aa4e4846265487b2fa5281951d0fede48e14e2c6d2a236fb91f864099c,2025-10-01,Shoplifting,-0.078278,51.513666,34,1
8038e4cb9d005bce3156304e67a485bb8d9be28b91941ef9436f71433895bd19,2025-10-01,Shoplifting,-0.088785,51.517102,55,1
4f649da4ba390b028ed65f73fe1542562b9bce8fd358f6470efe1a8da75bb5ef,2025-10-01,Shoplifting,-0.09446,51.512024,17,0
5b5d5a4db73e2a0139215685f361dcef7f78b18130a45eb3cdf4b7bc6b06ee11,2025-10-01,Shoplifting,-0.097291,51.514626,40,1
6caab193de00ed59295ad15d8bacae4ed4878a9aae7536fd9a4bcbe0a6c1d6cd,2025-10-01,Shoplifting,-0.079883,51.517326,57,1
ccc305d3a035f5b4e4cb729da788d9c2c80e404a7f59b155a19f5c262b724990,2025-10-01,Shoplifting,-0.087772,51.510665,19,0
b64f815dcf2d5e81f73d9780d275f24538919c7984058e111982170d1460abe0,2025-10-01,Shoplifting,-0.085089,51.512105,20,1
04573b7b2efbe04fc23df0665c29df1151d0873c63e460d0332cbd13e3c0e54e,2025-10-01,Shoplifting,-0.097291,51.514626,40,1
c96a2e4dc34e4401b453450cbb54489115ac3d54ca4345b5237c617a8fb6dd6c,2025-10-01,Shoplifting,-0.095924,51.513882,29,1
3cb09dca1520eb3f179a51ec6454852f1eaac4b2969d4f9c66e58757d480610b,2025-10-01,Shoplifting,-0.086019,51.513631,31,0
87b8a54d762943374fc4c3efa20f41a2c34e2cfd5e9cad8f160ad214f0de3b0e,2025-10-01,Shoplifting,-0.078278,51.513666,34,1
e3d6a6628eb7ae9deb300558f504fbf3791d2e32e472983c1e15b0ba7200ff02,2025-10-01,Shoplifting,-0.095924,51.513882,29,1
88994d3dd4b7d064238b0f7c84c5bffa8bb36e6e67c5a532a97e9db757162a3d,2025-10-01,Shoplifting,-0.100888,51.514448,27,1
8163a7a8dbfe4eb24ab09a0de9acc65fc6ba05957e40fdab8e62d39b7cf94a0b,2025-10-01,Shoplifting,-0.095224,51.513736,29,1
2e4013ff8c6466a3bd7fd1424e857f6c2000e91ac8a9d401ea44927a6299d28c,2025-10-01,Shoplifting,-0.09407,51.513079,29,1
a549cc3a38c6745fa37686fa45f8bf413ed7917bdc3aacb80447e492f523c7e7,2025-10-01,Shoplifting,-0.095924,51.513882,29,1
b093407e7ac7304eef7bd4ad062d82ce56efbc83eeb3ac77bf09437a0399b1e6,2025-10-01,Shoplifting,-0.095924,51.513882,29,1
9b2a0c6b3ffe929135b2025535c778ad72b9f694cc654216794420d9632d4cb9,2025-10-01,Shoplifting,-0.09407,51.513079,29,1
ca8bca6a568e28f4517ca406da5632cd4fd700a4b6305bb7bc3961bbd0539cfd,2025-10-01,Shoplifting,-0.095224,51.513736,29,1
88a539a7b145c8cd18edd31201257db49a36d43d5e651d16380c7185d4d7f79f,2025-10-01,Shoplifting,-0.085089,51.512105,20,1
f7aeed97413222a20ef576d3265276a2cfddf9ddbd81107e4da0c106a95dc0c2,2025-10-01,Shoplifting,-0.097291,51.514626,40,1
5397ba267eb0eb48cef965d26415289da331dd686e1a811e524208d986328e0e,2025-10-01,Shoplifting,-0.097291,51.514626,40,1
51dc125382106c15c6ec4ca172c79bb5c67cc789418bebcb2c0b2f2643f0fb9c,2025-10-01,Shoplifting,-0.081643,51.51007,21,0
6e1221ee3583383bde7f2ff2df16d36a0da4019756d6a51d3606e5a32160e420,2025-10-01,Shoplifting,-0.082993,51.51636,44,1
16ff742e8511476cc016882e414ea4648e97580cefe7465811a3e74757d4b258,2025-10-01,Theft from the person,-0.081113,51.516869,57,1
d6a925ad6f012f54ec2d65532834133fbd65044233fe6e061069a3022be00582,2025-10-01,Theft from the person,-0.104276,51.513712,26,0
44c1c5900d92aaf401993b4402c4776fb91130bb0a4ab99c31fbee5d263c48ef,2025-10-01,Theft from the person,-0.081643,51.51007,21,0
066e5e5d9681d0b7e7156720d25f5ebdef8d38f204925a341a6edfa5bddd0acf,2025-10-01,Theft from the person,-0.100201,51.513286,27,1
bf7dcb4ad066e2ed75748c7a810560b687a4a2db61a8c65b8fcc7d183ae09b7c,2025-10-01,Theft from the person,-0.088785,51.517102,55,1
46fa2bb53770c7a888cda6e312e0bcc35f8a548123f2f5c1b040d1cd25341693,2025-10-01,Theft from the person,-0.089479,51.510864,18,0
7c5ab5667d8ef89d70f1ff2713a6ce9b82cbfeaf7ddfc83b26c9f4d1f51b5d86,2025-10-01,Theft from the person,-0.086019,51.513631,31,0
608a4d07fc9f2e7e0ed284c6dae66a12130dd400cd0cd0bce4bb6f06b0c98b72,2025-10-01,Theft from the person,-0.077372,51.51259,34,1
076d5766b48a7c340a8a24bffb8ee0cbade5089bd08beb7e875071e2178297a4,2025-10-01,Theft from the person,-0.101906,51.511794,15,0
548377ce796dca7f292ecd535429bed29aa9dd7b804592e285b3f6b3f041b9b9,2025-10-01,Theft from the person,-0.081113,51.516869,57,1
b1bc85960c1d2253adebd05b655dcc75a8d9b18c509abb925d5eae1ae7d10b8b,2025-10-01,Theft from the person,-0.102134,51.513929,27,1
4a1a7af69a558a1c0f458faa24919aa4e6be03b511c5cbdafdc9025be1c74fd7,2025-10-01,Theft from the person,-0.081902,51.517296,57,1
70ca4990939b4be91cad01018ff3d4d2f223050c2fcf1519f444e73de0ecf5cc,2025-10-01,Theft from the person,-0.100201,51.513286,27,1
a45929cc8463f471b4efaad334cdbf19123525976531acfb85dc38a65bb9e8cc,2025-10-01,Theft from the person,-0.081902,51.517296,57,1
c6f2800c29471007e61917a3c66d9cc3d276ee8767905def3fb09ef074e4614e,2025-10-01,Theft from the person,-0.089208,51.509744,6,0
30f23c412fd019dfc66b6cbf3656d5a99beed63359bd86304ac378323eddc2e2,2025-10-01,Theft from the person,-0.089208,51.509744,6,0
493159f1910e7989a127e0a7b9d2a92a45e20a61c61cfe982f6cbe2ad810ac22,2025-10-01,Theft from the person,-0.083977,51.510441,20,1
4a151371ca74fe2e84a7c776cc28764ffb80d22557a13dfecf69aa72e3fce40d,2025-10-01,Theft from the person,-0.089808,51.517461,54,0
3f95cfd835b06c4386e13c3fd51f6a2f5b6c06ced9ce31c6b0c4387b65f9b1a0,2025-10-01,Theft from the person,-0.095054,51.510559,17,0
62ae53df29d4db2a5433d5e6624530ac783a9d36f148755d4f94613f93521f4e,2025-10-01,Theft from the person,-0.101963,51.510761,15,0
7fe74142ab51860d08fa53b9ad4bb48a1b6f2c080c3c13a13a5a0ee9779d09c5,2025-10-01,Theft from the person,-0.095764,51.512549,29,1
67656567e447e1b171cac62c735ef80dab1ee332cd912c05805f400ab79e6763,2025-10-01,Theft from the person,-0.079907,51.517785,57,1
12b9238cfcd9264173707ed0a277dc9ba4c25fe2dab75daf0f11c3f33a97abd8,2025-10-01,Theft from the person,-0.09154,51.511896,18,0
11f3781bd04e6b1d03026d6911f1fa18a7c6bc6621da66f523f2c4cd507198b0,2025-10-01,Theft from the person,-0.078755,51.51844,57,1
4d5495c203e5a25173334d0e40e6607fcb1bf5fb161e327b317d2e9f3444cd2b,2025-10-01,Theft from the person,-0.080448,51.520689,69,0
e19e3056e295f2eb452ec1ad7f127ca7bd7270eb10e2766f1ab65937f9f4fdc0,2025-10-01,Theft from the person,-0.101906,51.511794,15,0
d0412a99a6becbd8b377dc664c1df70b88689ccfe3a1ac76637d8fe6593ccaa5,2025-10-01,Theft from the person,-0.089208,51.509744,6,0
b433c26e2b30d000f0a78fbb2295b388f8c140c19619dcc52c3432c504c487a7,2025-10-01,Theft from the person,-0.089208,51.509744,6,0
606faf5998e90da2f4af9f70f5a260d3033f5f9df709997a7903588a3b7119f7,2025-10-01,Theft from the person,-0.092633,51.509872,6,0
768b57cce9971141df014a74a5271af5425ae75e62bd39135f04babdbb833ab4,2025-10-01,Theft from the person,-0.081973,51.515948,45,0
c6dfdd1f3bdc7256eb820b7dccf282135795fc4c649d96f2ed7082dcb6e45f87,2025-10-01,Theft from the person,-0.079127,51.509607,9,0
7a7483f6936c2c1f2f9280d6969e0133571d235c3b92b19026ff2ba7f1f03b91,2025-10-01,Theft from the person,-0.079907,51.517785,57,1
041f49c430492db0b4efbc00a460943fc1cb39d585fffad40e020e802c7cf687,2025-10-01,Theft from the person,-0.081113,51.516869,57,1
32243f93001c0c78f986258701812e0965bf15089a41ffe0c80501cd622de59b,2025-10-01,Theft from the person,-0.097176,51.510836,16,0
40477cd2e4ae846e14784e3a7cde5741430741147e5e06439b6d7dbce56e115a,2025-10-01,Theft from the person,-0.091947,51.513188,30,1
7bffd611d69c25744d2e1de903d01a7b998167f9d9e7450721e4a55d985d4e21,2025-10-01,Theft from the person,-0.09407,51.513079,29,1
530bfdac2b726eefac8b46512f8711676f96fcf53a5fa7663093182f894cd2d2,2025-10-01,Theft from the person,-0.078495,51.51777,57,1
6770a098918dc2d53566fe815e6749e3cdf8b475a02b06fe2918887b5d213ade,2025-10-01,Theft from the person,-0.081973,51.515948,45,0
80f8539f96e5d82476db5c9e84072ff4b1787f5fbd9dbf8204209c3542224346,2025-10-01,Theft from the person,-0.084754,51.512882,32,1
1d5c0fd047338c443b6572e1d5df43cb1a144a6a6cbc07b1b22ea9eeb55bf147,2025-10-01,Vehicle crime,-0.092633,51.509872,6,0
7481ea1dc50083b2503e62a15558bc82eb9fcc66a4760c7fcc8cca8d1c0c5b84,2025-10-01,Vehicle crime,-0.082993,51.51636,44,1
693495423541649654cb28c2eab44e7eb10b1f48b7dea800b79010610b36f3d4,2025-10-01,Vehicle crime,-0.092633,51.509872,6,0
791ab398bd4b5062a52f7ab83ee62328dcb688e93a13defc833e049a6eff087a,2025-10-01,Vehicle crime,-0.078059,51.509967,10,0
2d89765fd0cf32b7ba3747d313a39ecff23491a13a6aa21fadfcf1abbc66b2c6,2025-10-01,Violence and sexual offences,-0.091823,51.514427,30,1
d515013f2e153c7466ef42e7028169013b3ee95583061cd04312ecad25dd5991,2025-10-01,Violence and sexual offences,-0.090578,51.509722,6,0
605edc48fb986515fece59fc187ae99953beda4b1ad2c6b2146f7d7231b81a80,2025-10-01,Violence and sexual offences,-0.090578,51.509722,6,0
f28ac855d0e7ec40c3541069507e0df7bfc4806b1c91599575e6515c42a3ef8f,2025-10-01,Violence and sexual offences,-0.081902,51.517296,57,1
ac2c0bf992ee02310ff62cfebbd570e3f9386d8d0cc68a902058f719069fe4ae,2025-10-01,Violence and sexual offences,-0.0836,51.509797,8,0
8b4a6d95b972416efd53c873068f574f9903e2bd061e61bbc95cfb5253800429,2025-10-01,Violence and sexual offences,-0.086815,51.517007,55,1
4ba9eacb73c5ebcf5f49879cf1d837e1660e3adc722164fa440939650188435c,2025-10-01,Violence and sexual offences,-0.101292,51.51477,39,0
3803f499910c75f213eb1234754df7945814551a5ee23d5d68929703ada124ae,2025-10-01,Violence and sexual offences,-0.085089,51.512105,20,1
7b1c43507a2e6b7b1e9ee466f8e89302ed8c71b79cd0988f12bc8b94839bf2c6,2025-10-01,Violence and sexual offences,-0.090578,51.509722,6,0
eab44e466de2754c857de0a522daf12441bd4149d1693b8d538c5b6524c1e680,2025-10-01,Violence and sexual offences,-0.080448,51.520689,69,0
9bc3d2bdcb9b9a875cd137c1316ae7dd60c263c7c68d1879bd70de88931a7764,2025-10-01,Violence and sexual offences,-0.091823,51.514427,30,1
05fa72e9e762e7b6200960075736a6d3dea19ccc23ee9e4c5a051fb31d4d440b,2025-10-01,Violence and sexual offences,-0.087157,51.512624,31,0
bf36193c119b3948cb6af9faa8be5c7cb81cbecf82085525516c029368d6bf4f,2025-10-01,Violence and sexual offences,-0.091947,51.513188,30,1
fc49d2264d849788cad1c1ff026dae65eb32425241537fe0e0c28749a5a97e03,2025-10-01,Violence and sexual offences,-0.083977,51.510441,20,1
e8567257ab2c1479ff9afbf28f2465b0bea958d1ae7627f63be3a20ea6a83615,2025-10-01,Violence and sexual offences,-0.08491,51.512588,32,1
1e23adaca807647d23aacc6658e348c6c2795aae7538b2ef6b650fb287bc40f3,2025-10-01,Violence and sexual offences,-0.091823,51.514427,30,1
0ba157a3431ceca3245c96291406957cf20d7166671880d93e75e0ac6ee0aad7,2025-10-01,Violence and sexual offences,-0.083977,51.510441,20,1
dbc8d52e64997e173b3169cb19de66bcf74d37d0cbdcf138e63db3226029d7d9,2025-10-01,Violence and sexual offences,-0.081113,51.516869,57,1
ddfb000db7727d6b98407148c21a8a979b9024f37720a1652d942f3ac63c4743,2025-10-01,Violence and sexual offences,-0.091823,51.514427,30,1
5a010902bf910128b4fdd3394d136f4557a6ca224cfb6832e8a25f4e03dad91e,2025-10-01,Violence and sexual offences,-0.09154,51.511896,18,0
2de5de09f8459bd01fbf3b6f0a3bfd3d05daf70bbded4a49e189268efff48cd3,2025-10-01,Violence and sexual offences,-0.100201,51.513286,27,1
0d0ef5461a9ec8e3e2ead06cdf5a1ae471ff197d67fc9c02722a0f678e36e1a2,2025-10-01,Violence and sexual offences,-0.081113,51.516869,57,1
f223ff6dce0a6d3b59ecd2721fe19fc73ec4164da7856836d992b4ed3ae0f575,2025-10-01,Violence and sexual offences,-0.084844,51.510725,20,1
9c1da95c5be409f7af366e78cc02e616fc30f5fadd76ed5c551ad75b562cfd1a,2025-10-01,Violence and sexual offences,-0.095764,51.512549,29,1
245e34a9cf1e46869cc49f58e99e2ae24e2b6300b837fd275c291a7c1d162335,2025-10-01,Violence and sexual offences,-0.081113,51.516869,57,1
57843952920fe7b248ed8ff80fefa183276b06d9046dc73119c1b7d159a159d7,2025-10-01,Violence and sexual offences,-0.081113,51.516869,57,1
6b200b77d1c311a4c72a86a3afec270625c794722015f17f8e7aa95447dd5b3e,2025-10-01,Violence and sexual offences,-0.081113,51.516869,57,1
b37cd5bd76ea4b96709ab98e477f43e55dad2061b6a685ace73b26f05295f78b,2025-10-01,Violence and sexual offences,-0.101292,51.51477,39,0
2b2674e69d131474ba7c170119e1c2cef0cb0d30b0cc4d8203db67efaab9f280,2025-10-01,Violence and sexual offences,-0.084754,51.512882,32,1
5c6e64b963e1056a06d14bb22d086559f60d25a09d12fab38fa4279850baeec2,2025-10-01,Violence and sexual offences,-0.079883,51.517326,57,1
8b5589522f585e25fa221ba1cb71b387498f858254563aafcadfe7a69386b56b,2025-10-01,Violence and sexual offences,-0.086019,51.513631,31,0
9f7ec129bbc2b60323a5307589d7828def9f70994722fc230ab93fc3e5ba358c,2025-10-01,Violence and sexual offences,-0.088785,51.517102,55,1
681330fa96e00f2865ce023e4b5d11fa554c014791bf699d221b39da3ec5be50,2025-10-01,Violence and sexual offences,-0.101292,51.51477,39,0
2bace1bca43a5fae2d45bed247e25e8c1666776ed566eb230f1283b1cd7b41c3,2025-10-01,Violence and sexual offences,-0.101292,51.51477,39,0
a46c3167f0023019741614492ee9636f7ea6633cc0177024929852a3a0b56368,2025-10-01,Violence and sexual offences,-0.101292,51.51477,39,0
c5cbe146c4c8cffaef3ea352bdababdff22ecef1a901ff7a6316bfa3775a59e7,2025-10-01,Violence and sexual offences,-0.091823,51.514427,30,1
8aa4ce9be24d6bb51dd2c9289a95a63c7fd7303f5fe2045e6233ce785a330eb6,2025-10-01,Violence and sexual offences,-0.087157,51.512624,31,0
1d10fd192ee9042aa7c8b4ee313b0a74239a37635f9c9a815dfd73a441b8641d,2025-10-01,Violence and sexual offences,-0.102732,51.513426,27,1
167cbdb4a3750ca356fae6c97103be0e810e9aa278c4a5a2961658e30113dcb3,2025-10-01,Violence and sexual offences,-0.089822,51.516103,42,0
3b224af6dddc49f2dc311be192b4729e8274abe25635a569c3a6bb7cc81b4385,2025-10-01,Violence and sexual offences,-0.09141,51.510167,18,0
385c3a3b98d35b65ea82be55adbd6208aa86381cde82f72d2d3d11480d377ada,2025-10-01,Violence and sexual offences,-0.086815,51.517007,55,1
7542242888dceed2230d0e61631f364e498a744f18c3a1842b4699e6e01f520c,2025-10-01,Violence and sexual offences,-0.086019,51.513631,31,0
cbb99c256e7afcff39da080df398ec206b4bbfa1b8184070b1fc2a4cd007b04a,2025-10-01,Violence and sexual offences,-0.081113,51.516869,57,1
7115a793b18b9282a1fcfdd7931510d06d21ca3a9b742d2e705c81fc3ae242dc,2025-10-01,Violence and sexual offences,-0.079907,51.517785,57,1
5a11ede5f336d3b3916dba4c3dd779a29ed86bb8228336bbd37a02c013d6fad5,2025-10-01,Violence and sexual offences,-0.101589,51.513515,27,1
b944239616f4bed4b4d92a457e98bf1102f823b1be991ab4d78d49989f3e2817,2025-10-01,Violence and sexual offences,-0.081512,51.518692,57,1
8896113487bbccad6c95d7ccae97a4faf058faadd3e1e650489d2096392667ab,2025-10-01,Violence and sexual offences,-0.079838,51.514267,33,0
9f3745fbf1f576ac12d498c49159f26baf6a83e842f3e16adb037b1613005bcc,2025-10-01,Violence and sexual offences,-0.092531,51.512658,30,1
ebefcaaef4681dbd01df7f41c57063ad18725af8f01f39e7c390fd244a68a245,2025-10-01,Violence and sexual offences,-0.091947,51.513188,30,1
3deab8bc29aeadf1a2ee77a5dfcb6ce0cb56231d69d89ee7bc447240d0b66e41,2025-10-01,Violence and sexual offences,-0.084559,51.510316,20,1
f9a141f345138b0b37d9c4f9ba07bbef14684ee7bc5a13d93b01647fb7dc5382,2025-10-01,Violence and sexual offences,-0.084559,51.510316,20,1
b9e0bf2813a7977596ef1b2c70790fc37c88f5d3d5f4437feff305704d0b84c2,2025-10-01,Violence and sexual offences,-0.083977,51.510441,20,1
78f47b6e904f2c74ae1f39656fd373d59853ca833f10ade4d8b210a8d4b8a766,2025-10-01,Violence and sexual offences,-0.078755,51.51844,57,1
ac2351d275a12023d8f32e61106ba604fef8604f8afb2c3065b1989a9a106b29,2025-10-01,Violence and sexual offences,-0.085228,51.51119,20,1
538f767d077fc0a8b253191a908660a85139ac25893d10609b023ce812b52668,2025-10-01,Violence and sexual offences,-0.100201,51.513286,27,1
3453066e362010d4042aae26e32925f781a44af0680ef29526d3ef48045c2f27,2025-10-01,Violence and sexual offences,-0.088785,51.517102,55,1
da3fc50e7dd4f014aa3fce40feb705eb525a9f6a4ae5cfc1f6212e0376ecfafa,2025-10-01,Violence and sexual offences,-0.084836,51.511939,20,1
54eaf7aa417f465b3a69c7bbe3c50bf9da61bc00bc9f449d40880bbeb59507b1,2025-10-01,Violence and sexual offences,-0.087157,51.512624,31,0
84feb375d6c0f6c253abaffe5a21d0fde374e92414c96d7d9eb11c4a082cfd12,2025-10-01,Violence and sexual offences,-0.084754,51.512882,32,1
b28c439603432150e043558627dc3f74e2b8e6ad234c817a7535e6f6c4fc5f32,2025-10-01,Violence and sexual offences,-0.078059,51.509967,10,0
d438d98414019cfca7c84d11029b8f68ae9ceef994d805ae24e8987d6cec27d2,2025-10-01,Violence and sexual offences,-0.089479,51.510864,18,0
ca2f99bb272e41a22e7f9c2b5116fa3b02bb056d3f9eaa8c35b8882fc0d4a34d,2025-10-01,Violence and sexual offences,-0.091823,51.514427,30,1
8ec70796f0b9497c12b5baae47057c071c71d7ae4b18a5494c97cf03df9d794e,2025-10-01,Violence and sexual offences,-0.092633,51.509872,6,0
6978c1dd07019cba94cd6768273ab39397a4a9feab481fa800a7305a4681266f,2025-10-01,Violence and sexual offences,-0.09154,51.511896,18,0
a4b9c3ae14a26a235d77e60ad30cede37eb110b44cde1d1d3689c78f4ee9884e,2025-10-01,Violence and sexual offences,-0.093339,51.511557,17,0
42a59759b0b0ac36a9a531cbf35b312cba40ccddfa1b06a712ce5a3a4a1c9be9,2025-10-01,Violence and sexual offences,-0.097176,51.510836,16,0
3c4011f07407f1768b3d5c0f08ff99dca1e38e6bdab1a6147799e25c99bae19e,2025-10-01,Violence and sexual offences,-0.079907,51.517785,57,1
939dc37d72f15a020959440b7ce384978eae3bf7e4ff9c5b92548ccc945b76a7,2025-10-01,Violence and sexual offences,-0.089208,51.509744,6,0
2c4c35bf06cb9257a1b339b34479c6fc211468844faa2cbbb285710ce8c73603,2025-10-01,Violence and sexual offences,-0.086019,51.513631,31,0
d34a25ba9d5d8b451d9d43266c908345a7feb5f6e8ede14f3edda9abf95ce8e8,2025-10-01,Violence and sexual offences,-0.077959,51.511332,22,1
a2f56186bdf6e5ee0be490df4b661e266d5839d98da7d7d3715407ee43855a58,2025-10-01,Violence and sexual offences,-0.081902,51.517296,57,1
8f505cc0c9263483aae7f7f161026e74fbdd0ba5d2c61780983e9e86b4e8bed3,2025-10-01,Violence and sexual offences,-0.088456,51.514975,43,0
f3a65010a667d65f9bf892ddb4a7bf313fb777fe320143712690480bb753bc1d,2025-10-01,Violence and sexual offences,-0.088785,51.517102,55,1
8b6f51d04a952e777b70dc517c899dda5cee1c77f32e2cf2e70e4d4d1d5c77f1,2025-10-01,Violence and sexual offences,-0.084754,51.512882,32,1
950c9058e6936a38dbd75c6e83683e3fbb0d9be6466115115ec83071ceecf3db,2025-10-01,Violence and sexual offences,-0.101292,51.51477,39,0
2aac7f94927470cc224280359245ca26dfec196029e39110bd12bd43112a1949,2025-10-01,Violence and sexual offences,-0.079838,51.514267,33,0
f6b33ba2cfc70d50acac606400d44ae5c6ca8c862eb1486406e1ccc26622f3f5,2025-10-01,Violence and sexual offences,-0.087157,51.512624,31,0
82281b00125b371983544a67ab0a9f5aa589a964d1f2f19bf25c7c8d22eadd93,2025-10-01,Violence and sexual offences,-0.095924,51.513882,29,1
6072bf6fbbe2a693d40be9be2f2b76c2831d19ddf2b4936bd69f1f55f5967947,2025-10-01,Violence and sexual offences,-0.084844,51.5097,8,0
d012268ffa25782292f3099f4390fcac57c81d68a7f0b472d24fdd26bcc17221,2025-10-01,Violence and sexual offences,-0.083977,51.510441,20,1
1b2dcc655a87ef465a8d9487aad38dfdd767e7d04ca0b35c25ba4812f7bcc7e0,2025-10-01,Violence and sexual offences,-0.101292,51.51477,39,0
e3b2c0177fdcf5e9205f02dd07f153ed79b6b6a63ff99f1383f281c0b957f78a,2025-10-01,Violence and sexual offences,-0.095764,51.512549,29,1
35c4e0266496b1338b4512ece92ae0ff88a35cff217730534cb7f8f106748afa,2025-10-01,Violence and sexual offences,-0.095764,51.512549,29,1
7408178f35d35b8c979117379c6ba642eca63ae8da59b749715d9ef8f2bb8c32,2025-10-01,Violence and sexual offences,-0.089808,51.517461,54,0
b9a7f4cbf664b45b02bbf2f231cdf0b8fabe8d9e25a2ce01f210db376bb5c7eb,2025-10-01,Other crime,-0.078278,51.513666,34,1
ebf07a8d4d943c3a3c9bce463bf4331e82889cafcb304d1793c8c7c17fd35563,2025-10-01,Other crime,-0.101292,51.51477,39,0
,2025-10-01,Anti-social behaviour,-0.105131,51.513941,26,0
210d197bc453c82aa780a249d4dcae341e6cec63b34cfb3dcbe464f5a8ef8f55,2025-10-01,Bicycle theft,-0.10954,51.515721,37,0
9350cf631c2aa9c47addbde738dfdd01fdfb3c5759e990990d94726b3720b61b,2025-10-01,Bicycle theft,-0.098875,51.518831,52,0
7b2502b180dba40abca4d2953180c54a7e4de86f763b3ac4fef1d212cba197db,2025-10-01,Bicycle theft,-0.103393,51.517978,51,0
9dedb6d317cbf9c70e018796a257e12e0ec98327accf82aa8998c1dfba62307d,2025-10-01,Burglary,-0.109164,51.517846,49,0
1d12f80dcf7d01c770bbf9fbfaa22bde84982fd71f66120891b7c0985b1bfc0a,2025-10-01,Burglary,-0.109164,51.517846,49,0
4420cc02e3e98fc2f95688cc8039ac56afc806576f67a36cebe2cfe04e96f3a7,2025-10-01,Burglary,-0.107201,51.514092,26,0
fa32c5622b81511deb02b384896a732db9f9c2cfd2de7137c25048430804b0d7,2025-10-01,Burglary,-0.109164,51.517846,49,0
aed6e43362de0b44b5b72de36fb770137cdd85ab4a844696e0dad0e6116d175f,2025-10-01,Burglary,-0.111296,51.516136,36,0
a631f32e4c8e02d60b9fc49ef072f1c6e2a62d63efc0fefacee1dcafb6b0009b,2025-10-01,Burglary,-0.103896,51.518346,50,0
112b6057988891aa715851bd89d4666bb6b0973384f1d8e2f5dee380b3d04c20,2025-10-01,Burglary,-0.098875,51.518831,52,0
e35eb0535b46873b38184cc504ed89d664dacc10b20e66dcc54dac479465ec61,2025-10-01,Burglary,-0.109297,51.515681,37,0
83183f8c048f253b91d7eaac2538db834b149c2b61987922666cdf76e47133f8,2025-10-01,Burglary,-0.098397,51.519561,64,0
469e91435fd5e2ff1cc2175ed6c4ae30c237afa15bea93262a965d3c78076643,2025-10-01,Burglary,-0.109164,51.517846,49,0
f61db6f9686041859dfb41dee013fbd14bbd68fc41da7f06b0d43af034f50d9a,2025-10-01,Criminal damage and arson,-0.10349,51.513897,27,1
4f4c45e1ddeb0d9607271950cc1138f004f6553167ab0a0e0a8bccb17b56b450,2025-10-01,Criminal damage and arson,-0.108909,51.515297,37,0
4b4d5f51306e1af54bf090bd2a9266bbe303ab558cde5bb6218704b7eb211f78,2025-10-01,Criminal damage and arson,-0.111296,51.516136,36,0
8567a5f52c517a3c03887b9004a84b60c4eeeb89b722da5417ce6cfe52894f43,2025-10-01,Criminal damage and arson,-0.099709,51.519906,64,0
05261e554dc5f55e7ed6236bbf98eae53b55c0fa0be5be17ac376ef4291e5232,2025-10-01,Drugs,-0.108027,51.511884,13,0
c497c52da96b23925de6691d58adb477c6df10e144b47b56d0f7f4b7ca4ea6e2,2025-10-01,Drugs,-0.10132,51.519293,63,0
47df93ee260195302fff6fc8b32d57c62ee8aecdd9037c0453947d796a6c94e3,2025-10-01,Other theft,-0.10498,51.512033,14,0
cb1c3119c9d5a19a005f1d404d4666cb5671e2b0a5fc47ddf90620aceb90cf49,2025-10-01,Other theft,-0.101621,51.516906,51,0
27e3ffba88e3a4ce5e44b36639b52e118a539c0068d572b59dfac1fdc7999bc3,2025-10-01,Other theft,-0.102538,51.517739,51,0
5203b9466e7187eac76328783eda671401c12bf244664c992c78ff04cd86559e,2025-10-01,Other theft,-0.106076,51.517239,50,0
23db67eed89ac3507f7109f7cb6b49b144f6b17eca2094ba9c1f20e8484c9a0a,2025-10-01,Other theft,-0.107201,51.514092,26,0
4f549f256c4f300dfadc395de6ada6fac4fa5fa43cc3006d015bc34ecf1fe14c,2025-10-01,Other theft,-0.105131,51.513941,26,0
fd9bfabbe199c4ce0dda3ad946d56e624b9f2e9d384ca1d60711207bee9eb1aa,2025-10-01,Other theft,-0.106342,51.513592,26,0
292297ac8524f3b871cfd53b54f9868ebb3cca132517dfd9b31f4643a9843aab,2025-10-01,Other theft,-0.102812,51.517051,51,0
2a07a8a76f7266f061713c372a01ab8bdd24453fe3d7a74d4a432faf3b654bbe,2025-10-01,Other theft,-0.099803,51.519026,52,0
b337e19dbc61e2d1fd5d06ec19386b921886689416e34034e587d0eb0334385d,2025-10-01,Other theft,-0.101359,51.5187,51,0
a19c859fa0bc287107e27423e37d929640345329b266d31146be070df24cb1b0,2025-10-01,Other theft,-0.101359,51.5187,51,0
14bd9ef291e89ac9ff6f27e0cb6f4aeb2b846de6df3ac51ad8b7e7362f47ec62,2025-10-01,Other theft,-0.098886,51.519254,64,0
e72f57ce1fc978fc374ba713713331ae8bc99b79e5ca82b2b37da423e5782680,2025-10-01,Other theft,-0.105131,51.513941,26,0
a8d02f6a318609a68800d876ce811cbb4211e7f8853370bd0d64c2cc846a1d43,2025-10-01,Other theft,-0.101361,51.519357,63,0
cc3b014047c83e2c860dcaac79130e7f777166ed1d436c497bb711e750245b67,2025-10-01,Other theft,-0.099803,51.519026,52,0
56d5643aa87a05627148e46670fd9ea2edb9b3d97438740de65eb70e6862ba1a,2025-10-01,Other theft,-0.106076,51.517239,50,0
45f63ecd780abbcefbe03bb3c57fd34908a0ffab4e8db5577ec63a449102449f,2025-10-01,Other theft,-0.112019,51.516067,36,0
1d3509ca63c4ce89238e3d50f61378b1a603bb09073332fb6b50dfa2e7a82f76,2025-10-01,Other theft,-0.099803,51.519026,52,0
9afe0605206dd8100f5f91530fd5c1719f7da9afba796d0b7e18f0adae1e986e,2025-10-01,Other theft,-0.098204,51.517984,52,0
4c942ec91b5bb0e65279915de8879394a3ddba1e5515bc313980396aea884002,2025-10-01,Other theft,-0.106076,51.517239,50,0
ec58367eb89fe00fc729b7fb8e7702b35596ee5ccb402558abd3ddc1547453d5,2025-10-01,Other theft,-0.098017,51.519689,64,0
14516dd2d407a91fc6b5f36fd0b76ca1e3db17f213c5c0ab1659fa6214e267b0,2025-10-01,Other theft,-0.101621,51.516906,51,0
ab2aeae8169c1ea7e0eb77a4b89f3016391f26fa25c9894e7be7345be60b370e,2025-10-01,Other theft,-0.097959,51.517629,52,0
daa671f44fff9786911d27f591000ce8341117ce45a874be7a26d6c0c7dc04ad,2025-10-01,Other theft,-0.102812,51.517051,51,0
eb0c9e07820c187292f0ba76d5b165464cf713fd4c788106e68416cad4686548,2025-10-01,Other theft,-0.101359,51.5187,51,0
671a3309920ac757740288cc337b06f392e4add55ae76730bd5f311bb58bc6d4,2025-10-01,Other theft,-0.112953,51.518231,48,0
96cbefd66daebc50bda13ad07e11fe437cdce6b9f284ad85d96eaccfd7670050,2025-10-01,Other theft,-0.105131,51.513941,26,0
1b5b9064e832ef1a92536ffba1bd3241cb85bdc1dad4c83df41de0de49949a70,2025-10-01,Other theft,-0.101359,51.5187,51,0
9249deca2c4c6a5ff05d229bc47f653a902e45176aedcccf9a385a055e2b0e08,2025-10-01,Other theft,-0.102812,51.517051,51,0
6cb07e68796afc83ba74b3581d03cc14f045083cc4612452e812095aea5a64be,2025-10-01,Other theft,-0.105131,51.513941,26,0
f6a2a1fd759487862a2122a612102390b68aa6eca65f157b2b9ae7999a9a8d57,2025-10-01,Other theft,-0.109387,51.513839,25,0
91daaa68d1995d355e25ff4945fd10fd9322beaa1a102c6de23ff8aa33419bb4,2025-10-01,Other theft,-0.098886,51.519254,64,0
fb86ba711c62567e2bb4218496018df1416fdfc74dc296fae1334b062a9569ee,2025-10-01,Other theft,-0.112019,51.516067,36,0
15bdace18c479a8a99f4ba575cb42af758765d59dec148a7165cda825f8b7817,2025-10-01,Other theft,-0.105131,51.513941,26,0
c8fb08deee2d7a049b435a75d47b55b1221bac212e6b9506346512768633ea6a,2025-10-01,Other theft,-0.099301,51.519674,64,0
4387d9f0bbfc9959d9d25145a0fd37f9ea0c20425893d09c5203865de1dd082a,2025-10-01,Possession of weapons,-0.099803,51.519026,52,0
a5aae1bba77cfaf49d5765156ea3f0ada388cefb3bd77927490e981af565bd3f,2025-10-01,Public order,-0.110289,51.516075,37,0
3a098985e21227be80696f31364390a3832747b05ebacd16e004cfbafce34b45,2025-10-01,Public order,-0.102812,51.517051,51,0
e76390aa501b1f8b96bf6976a7d15e03d605329be032e8d5654c721f91e8aea4,2025-10-01,Public order,-0.109387,51.513839,25,0
a12746103e84eba7dae59811dea1822910bf682532e87b7622c9b3c8a179cdd5,2025-10-01,Robbery,-0.109164,51.517846,49,0
83b10a29647e23a82232c6b41ceb022c12db9604d3ed20a0a7e67399dbb78116,2025-10-01,Robbery,-0.109164,51.517846,49,0
3d7aaff9f96eea7a8edd5b2ce99b9aa50387b0fc200857c7207e6acb8a8bfb2d,2025-10-01,Robbery,-0.10498,51.512033,14,0
64b41f60a4b69cd6176a4ded49fa7fcc16fd9c188c0bb8a20edee86a7282af2f,2025-10-01,Shoplifting,-0.109164,51.517846,49,0
b771110b54a00160aa66312ea9d0a07aeb1605026fd265f3040ba07f51de6d0d,2025-10-01,Shoplifting,-0.112953,51.518231,48,0
ed7030a234d37a0a33f20b30699d47060a1abe5dc5e5dae1fdc07a770ab2d1c2,2025-10-01,Shoplifting,-0.112953,51.518231,48,0
c72f09df310632d75aebb324d57fc7db7ba064c75ed198e3fdc5457ff6ff5e46,2025-10-01,Shoplifting,-0.112953,51.518231,48,0
50cf04457036721ace680f3668f5b0781bd601978361c1e090330788233131d3,2025-10-01,Shoplifting,-0.112953,51.518231,48,0
9b36891cbfeec46355a09a410f3012bd17604f9dddd0650b57537cef02d3a75b,2025-10-01,Shoplifting,-0.102726,51.513911,27,1
6b96a5634d135bd665f5f04fa5f9cea3b0ae67f3694326b4a8e7eedc46d93cdb,2025-10-01,Shoplifting,-0.10132,51.519293,63,0
423ce54eb02c4fda726609153778abbccf912cdcd0fd5802100cafb004d7f134,2025-10-01,Shoplifting,-0.112953,51.518231,48,0
4b4bb6a9d2d342f9a3723a0b956b886ab19dcace6d02cd2c4d53884bae19aaa4,2025-10-01,Theft from the person,-0.107201,51.514092,26,0
3571267b6b5d6d2224585eec14bd6fe8922e4b88afa288e000245d8e030bf3eb,2025-10-01,Theft from the person,-0.108027,51.511884,13,0
4b818387e004659c22e4fb18a2700bb76266f0e52b4c91cf2b14b08e03576f1e,2025-10-01,Theft from the person,-0.10845,51.514202,25,0
fc1942f5cc37972f6dde15ef111bbc816f857846ae7ec2d83b4db161a0901736,2025-10-01,Theft from the person,-0.10498,51.512033,14,0
6da01f8d6ee5997a17d1c8c7b364c1a6aa86ea6753632cf4792d5d43d66992a0,2025-10-01,Theft from the person,-0.10498,51.512033,14,0
b16899f61511621c6110b673951e4aa690970a4a13b7edfd67cb51a5914f5250,2025-10-01,Theft from the person,-0.102726,51.513911,27,1
47a5ccf693e40dbccc5edf343ae26f9d67d6ae65ead56f57598452561e0d26ac,2025-10-01,Theft from the person,-0.10498,51.512033,14,0
2422d80f00748fafe2a92c067c274a10a631914d55c38168ec832fb2ad4ff0a2,2025-10-01,Theft from the person,-0.109387,51.513839,25,0
0efec559f3b37a6b23b779b4e2159ce0009284573f030d5ec99cbf0dbe211718,2025-10-01,Theft from the person,-0.10845,51.514202,25,0
a14e300cddb45d0b3970b7f672118565eacf8ce3509cc60483aa4f1a5a4b3411,2025-10-01,Theft from the person,-0.102726,51.513911,27,1
80ca3188b881864efa10e458ad2779c6c0e8d84952d2207ba9f5351efa82ca9e,2025-10-01,Theft from the person,-0.108027,51.511884,13,0
70b1f8f75b196f67d50f27929d6653415175184ce60c25080a3c9f79a43ad954,2025-10-01,Theft from the person,-0.101621,51.516906,51,0
ce17a1020ea306fe329901762d16af42245ebba81f66a3049356a5fcdae7a3ec,2025-10-01,Theft from the person,-0.102726,51.513911,27,1
2a57b8abd7273f355eb48dbc82295196a32ec027dc3bfe75c6d7dd1600995653,2025-10-01,Theft from the person,-0.10845,51.514202,25,0
053af13f3e9703c535f5579fe8199f7f574d5bf73f0f9030978eae6c93c9ce54,2025-10-01,Theft from the person,-0.10498,51.512033,14,0
582064f8ea8d7efca2372409681190875aa3cd4f7352e10c9abc6c6379f8835c,2025-10-01,Theft from the person,-0.10498,51.512033,14,0
b16843bb68fd4b25b87665265ac991489a72abc9803c2f2a5e1c43f349cde1f9,2025-10-01,Theft from the person,-0.102726,51.513911,27,1
243c9ed0ded8323f5b2312ff54edba0b07c32fa14db61066960f4fb8a4478bb6,2025-10-01,Violence and sexual offences,-0.109387,51.513839,25,0
4ea88b43498d21761d2ded735948b9c393741de25ab431cc40c6ab40a8923c13,2025-10-01,Violence and sexual offences,-0.10498,51.512033,14,0
a80b145a2f20232a4ee413ae2308cb50cbccf1ac7fbd048ffc129cb89d0a37c6,2025-10-01,Violence and sexual offences,-0.106076,51.517239,50,0
d3533889a1b25db352ba2aae4ab3927b81b38963d97b00e00ca505373f5e1c59,2025-10-01,Violence and sexual offences,-0.109164,51.517846,49,0
400a6c52b05d19c816771cd8aa13a19aba40ef4d11bd9e1a059fabf4a8a84a04,2025-10-01,Violence and sexual offences,-0.099803,51.519026,52,0
5bb353f3d1d33fc73f4ed445315a769c14f019a58f2a86d1d0b11ed06b30e5d3,2025-10-01,Violence and sexual offences,-0.106076,51.517239,50,0
42c7015cd4b131b7c8bd45fab676fafb8412263a234b76dd6730a50c624d40fb,2025-10-01,Violence and sexual offences,-0.10845,51.514202,25,0
d898d5eca30fe4533ee8b499c5ef14a00f7c7307855be1dfb35a1acf9f7afa54,2025-10-01,Violence and sexual offences,-0.099803,51.519026,52,0
7dbdb616211ef9c8e6683b2d407664a17bf0bd3d5e2e5d3376c99cf5e8b4a58c,2025-10-01,Violence and sexual offences,-0.106076,51.517239,50,0
bb419e60045be9f2545cc57963b0cbd991713f749122e3ca07c5baaaa5fc44e4,2025-10-01,Violence and sexual offences,-0.098397,51.519561,64,0
3e041e9548f773e7132d98922b3060deeea8217d5f8434c3054a0682e6a61923,2025-10-01,Violence and sexual offences,-0.106076,51.517239,50,0
67fc4866663d33f73d5647f1779a77e73dee7b8a1c04ccabb53edd7c2ccabcc1,2025-10-01,Violence and sexual offences,-0.102585,51.517308,51,0
586bfd1c5ff3e631892c6816f254d36653649182007d72961029eecfe5cff8b1,2025-10-01,Violence and sexual offences,-0.101621,51.516906,51,0
827da4162657020904cd4b7b1faf4a667c8d46f38df2af9665c8d495ac80c5ee,2025-10-01,Other crime,-0.109164,51.517846,49,0
bbb561317f82c95717fea746227659e2637eaa9df9bf1dbdb6be64d199fa4e98,2025-11-01,Burglary,-0.097103,51.518461,52,0
23fa48b837cca952ebd1ea9d9b4d4b67a4aa0e8646b9b94d9dc7c59335e7891b,2025-11-01,Other theft,-0.09729,51.521575,76,0
ee73596d177211daad9e54bfd177339dcd2df043a3ff23848bc5a137087fa3fa,2025-11-01,Other theft,-0.098519,51.517332,52,0
2ad95ebd15a84b227847fd21ebb163af877f97da87a9e2c2761abe6757a786ea,2025-11-01,Other theft,-0.097144,51.515062,40,1
2a826dd0a22ae2ff8f219bc48ce8b80c2679df3afb2e52faa7a6becd284ab154,2025-11-01,Public order,-0.097245,51.515387,40,1
44534a063316b92c5a2c9acc8471dc49712b8e5176a4a931f951e10791aa027e,2025-11-01,Shoplifting,-0.097245,51.515387,40,1
ff6017e2de7041d9a2d72f399c51b46ddc8e90eec2ec2f95b32c32f20f0119b0,2025-11-01,Shoplifting,-0.097245,51.515387,40,1
a347112ae5045c7b1ea74e36052c2c417bce72d2b9bd074dcf0ba5c9e9c979e1,2025-11-01,Theft from the person,-0.097078,51.519045,64,0
9605b2a8df64ccb2c679348344c1400561be10ad95fa309123153134e62325fe,2025-11-01,Violence and sexual offences,-0.096718,51.515511,40,1
5b841dd9ba55f11cdb8f8b107a724395f9dc337fe321a045c7f23b408c23a8c8,2025-11-01,Other crime,-0.097144,51.515062,40,1
,2025-11-01,Anti-social behaviour,-0.091495,51.518145,54,0
8924dadca883b0890f9ce97a24d7e4a08a5c7765827d90be48aa93c7c47cb32b,2025-11-01,Bicycle theft,-0.092488,51.520598,66,0
ef9870f423ddf99ccfdcc5744ef6992c199fbb0027dd2301db88d357334c4355,2025-11-01,Bicycle theft,-0.092488,51.520598,66,0
fa64e7aecf40809cddf06e049983c090d1c3189ee067c9d46bf30c341240ad89,2025-11-01,Bicycle theft,-0.092488,51.520598,66,0
c971ca0b8d3c80668d513dccc6f28a91ee77d6e7d4cb64d558b3e545f96c5ce5,2025-11-01,Bicycle theft,-0.092374,51.519517,66,0
21477bd42d722ae33a2a9f9329bec970ede2bb8f88d95ff36b5b898d34d17aee,2025-11-01,Bicycle theft,-0.092488,51.520598,66,0
a93a4ab66e5865daca293822214cdaca81865a974888b4c85b6b768462ca26ec,2025-11-01,Bicycle theft,-0.09413,51.519961,65,0
c8682499ec988932f1fcaa2dd77283ebdd5d2438ab35b23f4bc09b7e566dd0fb,2025-11-01,Bicycle theft,-0.092374,51.519517,66,0
bc07886fc5eb90f5e63a7814caffa2d3e13628c8925f86d07e36475a497bcf7c,2025-11-01,Bicycle theft,-0.092488,51.520598,66,0
b75c5353b1382877a6c212779c2d99375f5c79a77cceb6e2adbf4dbc88061f88,2025-11-01,Bicycle theft,-0.090648,51.520127,66,0
b524e057c9097548657e37a4736a1b6da37ab3dbdbbbe3627bdd57e1a68a62e3,2025-11-01,Burglary,-0.092971,51.516271,41,0
cb522a4d328e2c2c61b7f1094a290e89e9c84f6eec1f9844309b5704113ba0ce,2025-11-01,Burglary,-0.091498,51.520483,66,0
3929469c9a7cfb316d5ddddb870af29db6b462b272feeaa7e53b6ed38d3f4ba5,2025-11-01,Other theft,-0.093886,51.518166,53,0
73c3caa233d45250363e8b6507f922d87a2cf8c5f64cb26b5ab8535b54989ff9,2025-11-01,Other theft,-0.090105,51.520001,66,0
27ef1dbea5eca4c53d10c5679c95985c1a43309ac694d4fe2ff1f1b8f1debc8a,2025-11-01,Other theft,-0.095026,51.518499,53,0
23fc83dac9cf2abf050e0e3bf44ee5aea593869376aca370e163baa1b0945084,2025-11-01,Other theft,-0.09413,51.519961,65,0
3482874303f3891f79a0771cfe669547ba7bdad8eed1258816d41ca127e31802,2025-11-01,Other theft,-0.091498,51.520483,66,0
f428da51a99cd7039e42c261f47136a0afa72d134c1ff2cfb31bbdf03e5cfc59,2025-11-01,Other theft,-0.090553,51.518948,54,0
3fed4531059680443604a453fc3f99d66ca89f10581f0c2df54438e4e7208092,2025-11-01,Other theft,-0.093271,51.518066,53,0
f74cf5170664f36b08e3c6cf9db937853dc5cda908e0eb2e6e8d277ea18205ad,2025-11-01,Public order,-0.091668,51.519865,66,0
f610be799e614a0effd0cfce9e75bea4f49e1ead9b04f075a6b9a193c4e1935b,2025-11-01,Public order,-0.090553,51.518948,54,0
63972aaed753a4ebe318dc5cf4e50493730c14c7528c4357beadf0df57716804,2025-11-01,Public order,-0.09413,51.519961,65,0
8fae1f5f7d2877e74b3dfec6abf6565ee873de5932301d7cdc788333ade5319f,2025-11-01,Shoplifting,-0.090553,51.518948,54,0
6186fd20221ed6d9a283d3ccbe5887dc2ed8ccef6d102f8f00d95c88574edcb3,2025-11-01,Shoplifting,-0.090553,51.518948,54,0
8d718f9e54f05588a09248ceec91055d490d48f08a508e11d9e7f917a432f6ba,2025-11-01,Shoplifting,-0.090553,51.518948,54,0
005bd38ce484ebab417220f7301b93d96381be134855480ac4d91f16b670d46f,2025-11-01,Shoplifting,-0.090553,51.518948,54,0
1dbfd7062b134fb8a5127005a1eb516048266beed811616976a2624829341839,2025-11-01,Theft from the person,-0.09413,51.519961,65,0
4a21281278e396266d047ff896bb9339f8c7ceda5a5b88fbf91d5206cb32fda1,2025-11-01,Violence and sexual offences,-0.091082,51.51973,66,0
c554355be9fefa6647c55655a7acd0f3d621c2eaf5a8840f94fb9692e66bd678,2025-11-01,Violence and sexual offences,-0.09413,51.519961,65,0
,2025-11-01,Anti-social behaviour,-0.095258,51.520526,65,0
90efed1c564643cd1865a9cdb216b1a96c8fc471b2eb77695a6568d3cd3302d8,2025-11-01,Bicycle theft,-0.094759,51.521435,77,0
c7db4b81187ab23dc7ed897207db0c598fddc92b814a6a8818202e785c82faf8,2025-11-01,Bicycle theft,-0.094017,51.520901,65,0
b3c18ff54ac2f4e498725d19df18eefc71e9b8917b08db899140a7fe49648851,2025-11-01,Burglary,-0.094932,51.522823,77,0
ae303eb4c7b7783d678e0df0a57d0090da6c2bf5a696f467cfcffcb0562d7648,2025-11-01,Burglary,-0.096114,51.520747,65,0
38a7d7761868491138015dd3ac28a6d2e47c1bc32fefa25f2c77365fff59ff2f,2025-11-01,Drugs,-0.095758,51.521667,77,0
656e6d17ca214c223cac69cc65e34850444949ca2c7abe89c971ac2a29a39825,2025-11-01,Other theft,-0.095648,51.521198,65,0
b5e41b7f1281e32ebf2005f7a022898e9de56dcc99bc5574c0cc9baceb9d54b8,2025-11-01,Other theft,-0.095648,51.521198,65,0
602f616c7b6e96e114656a37aa9952b85ec016d558b0f82114747453f45a0e33,2025-11-01,Other theft,-0.095648,51.521198,65,0
91e024c9ffcb7ad6b83d3ddddcd3d79347e3b6cfc4c9a4f4977fdb1ba63190b7,2025-11-01,Other theft,-0.096984,51.522426,76,0
486fdd1113fa0051a8ad00911785703aa4c0e1b40ba52c3ece32f80eaa0ce716,2025-11-01,Other theft,-0.095648,51.521198,65,0
8269536ee5373cc8c4231339dc9d7776cb283eb6916204a4b7a391adf60abd94,2025-11-01,Other theft,-0.095648,51.521198,65,0
e2b86e04d74fa8393130d20014a6154beb3cafb08c30e436d93244f43823b5c6,2025-11-01,Violence and sexual offences,-0.094017,51.520901,65,0
e715689d242bd267736aac5d0aa0998c81795f8cc300d2cf61cf0b15e0f96a63,2025-11-01,Burglary,-0.075922,51.515894,46,0
79089a7a88e27e707bc4b2a138290dcea268a931ccbf655dcb8c57cb8c715a1d,2025-11-01,Burglary,-0.075453,51.511965,22,1
6369bbf573d685e9340d1fd4f532fe80d6a3427c585a1f3566afff5faecceeee,2025-11-01,Burglary,-0.076145,51.512642,34,1
a023c4b1870a1a2c3aaaeba99f11a0c393d6241d652283f7c8f0848e5ad861c2,2025-11-01,Burglary,-0.076038,51.511759,22,1
a5863ff16881af1eaefd886efd0d6cbd1fc70c6d10451c1b74d9a105c7f42175,2025-11-01,Burglary,-0.075401,51.511164,22,1
20f119c209c8da6491802bdab76486f48664e6f0724162d17eb74cc39220159b,2025-11-01,Burglary,-0.075453,51.511965,22,1
ba7f4b3472eb01e13688992a34664a790e8531860035d6161cbe805d782e54bd,2025-11-01,Burglary,-0.07433,51.513647,35,0
f1a116adf6bd4c053803281210a94fc632afc889c0e57749cfa3b52687199ff4,2025-11-01,Criminal damage and arson,-0.076038,51.511759,22,1
0e75af3cb6c5a579473db85116d5710e02a7d36c9ade76b72379f419d274545c,2025-11-01,Criminal damage and arson,-0.076038,51.511759,22,1
c862dfaa362aa954dbf82f57334049ab9c4e9fe38d4da2956d9c38c9506223c2,2025-11-01,Criminal damage and arson,-0.073727,51.511218,23,0
e8ad7b95aeebd1299596ed1c96b0927cb5cd60188fc0b55867fa63beb730b3c0,2025-11-01,Drugs,-0.075401,51.511164,22,1
bb9701daa8c135cda1dacba5118bc84204e931a55ef8fe8cab2c5f76cca63c32,2025-11-01,Drugs,-0.075453,51.511965,22,1
c2f22ecc9695e7b23bfe73393beea71f2f12acaf0c6ad0730909e2f85f775cee,2025-11-01,Drugs,-0.076038,51.511759,22,1
77e741eb55b778eaf5cd40865e623e1bef1bbc8194045002d8113a7a2bbead8c,2025-11-01,Drugs,-0.076145,51.512642,34,1
74a09903fc33614f237f186d404222a6672a057baa1230c512457b0c5c79d79d,2025-11-01,Other theft,-0.077511,51.515812,46,0
6bbfadc3a102da048c13504fa2666543a73a51d2c23672bbd4f4d30d4c9db130,2025-11-01,Other theft,-0.07433,51.513647,35,0
e18766b5b1674ffedd28fcc507b74615e64fbebd998a61f61a040ad740a2fdd0,2025-11-01,Other theft,-0.075401,51.511164,22,1
eb77d5cb12b7bcf5705cbe5c6f2a5fad58de68b8098a0d4501e55e01374684c4,2025-11-01,Other theft,-0.078849,51.516212,45,0
2e2e6e7ec74ddb581f69d8e8fd7434dcfdf33031327ac8c42553055af5fe3405,2025-11-01,Other theft,-0.074925,51.514924,46,0
2c61f83c56a07af86e57fafaa50940e237382a9d86608cca48fcc49e24164842,2025-11-01,Other theft,-0.07433,51.513647,35,0
28c50a793547deda57622bf5038a3fe4c3af07cc57d5083aa8dcc28a3d412a79,2025-11-01,Other theft,-0.07433,51.513647,35,0
3a716e0c0d074c9320fe9acc597b4ef72ab7293a2c9045d16a0c1cd32bcf3535,2025-11-01,Other theft,-0.078849,51.516212,45,0
9a98cdbeed8a9d4aa9b9ed041f2ca98476f734c66776b7a87a39e6b5b4c5f967,2025-11-01,Other theft,-0.077407,51.516215,46,0
bd601480242e643a45e142e4a84113f143a06cd843fb1f5beeafb57ff2e59502,2025-11-01,Other theft,-0.075401,51.511164,22,1
cf5681e602ce7fcd9ba943f8f826929699fb9eae71b3407ea6a528259245f5d3,2025-11-01,Other theft,-0.075401,51.511164,22,1
96696102c6e03fde5eebab989e68616e37f3ba37d782d55f7f541ca94733beac,2025-11-01,Other theft,-0.078839,51.515753,45,0
7cdca433c213d2a1d11317984c6ff0ed9ff299d281b37290711b2d3949f73533,2025-11-01,Other theft,-0.076145,51.512642,34,1
65dcb0cfe8dd3f28f2da8d8654c24a278dff27942dfe057412fcc4075441ef8b,2025-11-01,Other theft,-0.07433,51.513647,35,0
710bd779175146c48eac4627a126423e131b8827aa998ec153edaecdd6a05838,2025-11-01,Public order,-0.075401,51.511164,22,1
862ffa56daeffebb11ee8b7de5a428dc298fdb05325919560cc69f9318a2e5dc,2025-11-01,Public order,-0.07433,51.513647,35,0
308a027bd1f7acdf25cd1128830c8020e0862f7aef09de6408dad94a1f61529d,2025-11-01,Public order,-0.075401,51.511164,22,1
944e699412305f24593d70d3b42b36da71ded6d2b3b65b3680f07f87dd9d2b3c,2025-11-01,Public order,-0.075401,51.511164,22,1
cd3627e11882667fdfb8605be647ae211c277a57e4f0825e32872d7ded30fedc,2025-11-01,Public order,-0.076145,51.512642,34,1
23b2ccc6ac1f5d6b5805a9cd81a23db8c9e70d8db6240f142fd3a3b398df0d5a,2025-11-01,Public order,-0.073727,51.511218,23,0
d0757eabcd6432cda96c0f4af3c18ed6827ce19cb4c5bc02d0cbf55e833a165d,2025-11-01,Shoplifting,-0.076145,51.512642,34,1
e732d0fcabb78a4cc181f0956ee7da735e8c0d4964644c7ca8673c9ecadcad42,2025-11-01,Shoplifting,-0.075401,51.511164,22,1
b12baa3c4c90b364c8add1fd377af9ed8783979251856fc20d456652f07f1df8,2025-11-01,Shoplifting,-0.076145,51.512642,34,1
6f84ebecb7e18d1fe3d1ad596ecaa72aba13921d161e4bf9cfb5eb69d90ec336,2025-11-01,Theft from the person,-0.075401,51.511164,22,1
f6ab1528ef4c9fa7d890bdaa795c8a23a561a78b546b4f157287b0d7cf686ecc,2025-11-01,Theft from the person,-0.07433,51.513647,35,0
ef0a5c54da0c4fa4c5eb8da308a1a6e638d0b72aa0c8f197af47ae710d4214e8,2025-11-01,Violence and sexual offences,-0.076145,51.512642,34,1
aa45b4a4145173baab0a56c0a5ac7e30793ea0d396275b52b07ca7c2a721a21b,2025-11-01,Violence and sexual offences,-0.073456,51.513542,35,0
d55dbc0a4400b0a521aba07f4f3d1fc57b3abfc03293a2b05187a6d672677798,2025-11-01,Violence and sexual offences,-0.077407,51.516215,46,0
1ca1d95538faaaefbcc2d8ca3d5bc2dd0669e67c9b95a99f8956dd693a59ab4b,2025-11-01,Violence and sexual offences,-0.075401,51.511164,22,1
995aadfd5646c1a6c7f41f490eedec3e408571b27bed3393127c229db3e6ec7f,2025-11-01,Violence and sexual offences,-0.074925,51.514924,46,0
7220dae325c81ba7ebb141b14e550db1df81ccfb892af94c790d4122efc1829e,2025-11-01,Violence and sexual offences,-0.076145,51.512642,34,1
dcba0db0db1fe07741ad77b332f5cfc11234414a5a3915410617a0c790f584a7,2025-11-01,Violence and sexual offences,-0.074925,51.514924,46,0
14fdd0c9c0dfb79f35a695839f8495692bc702bfa082b2e8968098d549755c7d,2025-11-01,Violence and sexual offences,-0.073456,51.513542,35,0
00899f479156850d398001d9212b6ca588bf6a23f3ab9c33529e88922d609061,2025-11-01,Violence and sexual offences,-0.073456,51.513542,35,0
3dc336d033cc977ba5fed4b39d827c1140b5050dc659e966f225d07d1fb0ae96,2025-11-01,Violence and sexual offences,-0.076145,51.512642,34,1
4646f03eca5844fbd8158a03dd72dfe15e7a98964c2cc30c295e59dcf18b7eb8,2025-11-01,Violence and sexual offences,-0.078783,51.515383,45,0
,2025-11-01,Anti-social behaviour,-0.089479,51.510864,18,0
,2025-11-01,Anti-social behaviour,-0.097176,51.510836,16,0
,2025-11-01,Anti-social behaviour,-0.084844,51.5097,8,0
824fab6b03e002f7d36acaf5bd7f3194daa15336aecbbe2172e3c4387c01f112,2025-11-01,Bicycle theft,-0.101292,51.51477,39,0
0e2cc7e0504dd0b7ae3e233b4d90ba3ddb194bc797825c91eff7e3a4ee64d985,2025-11-01,Bicycle theft,-0.079521,51.511196,21,0
a6939c4a875e05fdcdd4239eb33d63bd3c36cce859ef1b0b4787b0d276884216,2025-11-01,Bicycle theft,-0.078894,51.520951,69,0
e9d76df65ddb95315646b99ab140a6216be27026a73b87afd72bff466f9811e3,2025-11-01,Bicycle theft,-0.085228,51.51119,20,1
55c70bb320bbb9611c6b45464aa09765a9b37206581ae9e18bee56e9a715e2b3,2025-11-01,Bicycle theft,-0.081512,51.518692,57,1
759697571595ef62eee703d89028e8e0b8c7a3111a16535bddd1d265bda16c0b,2025-11-01,Bicycle theft,-0.09407,51.513079,29,1
72165deac07ae34f795bd5a0d437a9b743df85d25e482cf117f1033c6b7350c5,2025-11-01,Bicycle theft,-0.079521,51.511196,21,0
d425279ca7dd3a668a9159769233a32f64153a349ff00804997a4da4e7bd5d6f,2025-11-01,Bicycle theft,-0.101906,51.511794,15,0
fd24b9d4a8982a6af4bcad44414fa9bd0b36f03b8acc12ab5be89a5e6b04a265,2025-11-01,Bicycle theft,-0.082133,51.515222,44,1
a3c90d0cb10ccd436048f3194ce52aafceb54453853aef2ac4d985b79576a6f7,2025-11-01,Bicycle theft,-0.079329,51.514052,33,0
5290637c5f14e2b6e174ace4a96649e1d5ead9a5d4391edd235d27adecbf637f,2025-11-01,Bicycle theft,-0.09154,51.511896,18,0
b03464dbb0be4d84892e6bbb82baeab8cca0d96e3e1bd24062cb08f75a5a851c,2025-11-01,Burglary,-0.087157,51.512624,31,0
75c18f6081049eb648bfd30132e784890959b1e2ca994b6ce1496eaac768f7bd,2025-11-01,Burglary,-0.087157,51.512624,31,0
7b064471cd85b1fee6a1d373b5c7e57b104f3aec1cf5685a90fc49fb31e19aeb,2025-11-01,Burglary,-0.077959,51.511332,22,1
f5e973859f3c8b6c6ee57eeeeaef88eaeeea489ece98cbfffdd62afc0552d45f,2025-11-01,Burglary,-0.084836,51.511939,20,1
8f0d7890345d2f003f6ce93b7b0f5c14e20179180a910b79cfa7d1eb80686a16,2025-11-01,Burglary,-0.087157,51.512624,31,0
733a00597e4dd63b464196e8593875a18d67cdc6895760ceaaf066c4a16bced1,2025-11-01,Burglary,-0.078937,51.514109,33,0
458f70c8331c998fe0a56e5fb69049f3aa0a60cc97b8d003737840af79460c5f,2025-11-01,Burglary,-0.079838,51.514267,33,0
7cd320aead91fa8cab4f5d44bdbdf02cb22631c0da68b3edadf5db565e0687d4,2025-11-01,Burglary,-0.07707,51.510877,22,1
aeedd98cbb9a29546c9264a496370cb4ed98a12c898a1890817f41ef2c030a30,2025-11-01,Burglary,-0.08491,51.512588,32,1
c192302c52415af05b1b7765373a7dd1811551e654bae916367b8775c50e6d12,2025-11-01,Burglary,-0.104276,51.513712,26,0
35a685d1d8cb88efb90edcafff187bd002318e30d90fb7022a548fb4afbd5742,2025-11-01,Burglary,-0.079907,51.517785,57,1
febc50226dbdc22121ab4b76385c1cf35bd13e662aee4f99efa5106f2a71ea1c,2025-11-01,Burglary,-0.088785,51.517102,55,1
610bcf9f3856f0e420db67439f35bfe108f1272e02bce2002bb8ec7b2904d61a,2025-11-01,Burglary,-0.088785,51.517102,55,1
8dd4f5072fac5f90dadc0277efc072f0d1150a810cc43f7b54d3c53dd107bc11,2025-11-01,Burglary,-0.084559,51.510316,20,1
f38bdf71e6d4aa851ce6b2d6f986d1177c8bb378f291eeeb72c6a1e3712fdfb1,2025-11-01,Burglary,-0.086815,51.517007,55,1
a74855c9251f9b247444b5e8630ddb237f9b857b0b01539cece937bea8f4ec80,2025-11-01,Burglary,-0.077959,51.511332,22,1
c7c9e2c374bf037fa07b8d8aa642c49230680b22d96c8c4ca3b6fb2cfcb84db1,2025-11-01,Burglary,-0.083349,51.51483,44,1
8d6db1031d3c723ec49b26ad35d4cfbae3d92655150314239312393789aec9b6,2025-11-01,Burglary,-0.07707,51.510877,22,1
53b6ee247d54dbdaf218e031474edb6e5f402abc6886464f30b02ce0ec88bbcd,2025-11-01,Burglary,-0.08491,51.512588,32,1
221c01ca37a854ccc3d8e28168e89306d2c2e9ece7c2a485712c78a163afc7c6,2025-11-01,Burglary,-0.083349,51.51483,44,1
e6f257877e85a39df30b4509e85e5936a7fd6b76d5d9ed0b2391d91b3c4c02ab,2025-11-01,Burglary,-0.08491,51.512588,32,1
2f205e2f201f6c82ee1b47fb9497747cd567c09979d7b830bbb384de6e8b998c,2025-11-01,Burglary,-0.08491,51.512588,32,1
6e891f9225e42043c6f0047e2859c0297bf858cf95a0d559528fa9b64fba6550,2025-11-01,Burglary,-0.087772,51.510665,19,0
ffe58f2f8eb6066698bdbb5947db3f48f2d955f31fe54891fadd682a1d851b98,2025-11-01,Burglary,-0.101589,51.513515,27,1
2059858c5be124a22b8deafd2c20a354a68519d1d37e82e6d8a4351fde2b2aa0,2025-11-01,Criminal damage and arson,-0.092633,51.509872,6,0
207d9a09559034e531437419c851df9dbe9feee5f547bd7117eb5c6c36e361c5,2025-11-01,Criminal damage and arson,-0.097291,51.514626,40,1
86b78444dfcf140e316a9a4979c686f1e6e641db40e022038340fe9beffbd4c6,2025-11-01,Criminal damage and arson,-0.092531,51.512658,30,1
880f014f521e1932ed75ba491f958bcd5b6c4a55f1155c909d1d1615a5f0988a,2025-11-01,Criminal damage and arson,-0.079838,51.514267,33,0
c65254642911e2b7a1c605fea742249efab2b863ed37cbe055a5decb44adbf12,2025-11-01,Criminal damage and arson,-0.092633,51.509872,6,0
8cd0488a7c3869a10c5940c4cb4105f9cfad57d7a4e59469e474393829df78de,2025-11-01,Criminal damage and arson,-0.081902,51.517296,57,1
2585f194a58a43782ccfe1d2062ad26030f51ed06c364da5a91e019440b14c8d,2025-11-01,Criminal damage and arson,-0.081512,51.518692,57,1
7f22b9cd2e7c289047a57bb6f31fb9a83b4dcd4f7b6c933c0cfc3cfbb3c367fd,2025-11-01,Criminal damage and arson,-0.086019,51.513631,31,0
c886e5335682ef0439509e9a53fac6b776c8eea1935b80d60e3d5532e82205f2,2025-11-01,Criminal damage and arson,-0.095224,51.513736,29,1
446131d0a9fa30c9c6e6e00a53df047b271a7269e7331e3b36871fd384585190,2025-11-01,Criminal damage and arson,-0.088903,51.510836,19,0
8a5815d4f09cc0a8016d826273afa6770f59982a721709f4776d704bf7487481,2025-11-01,Criminal damage and arson,-0.101393,51.512685,27,1
5e63d7445dcfc3d354774b7ab3d87478a936628af36dc9a2f89598ea5b95c2fd,2025-11-01,Criminal damage and arson,-0.083349,51.51483,44,1
b057b7778ea98e4df0792d3f4e730aa691229efcebf7d3e9bf916c399cea9ddc,2025-11-01,Criminal damage and arson,-0.082993,51.51636,44,1
97fd01e0fa129dcac3157a15f3a12d9cbb74e2c757de4d22497b5d05c54d48c1,2025-11-01,Criminal damage and arson,-0.083349,51.51483,44,1
20322afdfb0241da039c2100f556a02274c7db6e8d1767a171bec745f1067c80,2025-11-01,Criminal damage and arson,-0.092633,51.509872,6,0
2ac19718042bea9a90421b3c9ea499a6d6b60533639545524f800100805558e0,2025-11-01,Criminal damage and arson,-0.092633,51.509872,6,0
65bd5d54cb1523d3419e35a2ac3883fe524f04c9de5badbfacc26b52e9be5eea,2025-11-01,Drugs,-0.092633,51.509872,6,0
6e628ca02732bfe4e8bbda7fa7d2088db45ebf68744ceec4c4aacdfdcd8dba15,2025-11-01,Drugs,-0.085228,51.51119,20,1
89dff2b19b5cfd61038e95fffa19741bc110db61c96574fadc303e897f3175ab,2025-11-01,Drugs,-0.078278,51.513666,34,1
1e47a5f091d3db9a4953c33ffd74424bd79de300ecacd4fa7295cdceb7340679,2025-11-01,Drugs,-0.078278,51.513666,34,1
1357c53e565affbdc3bed7869ba9d779709c168c31d526778e1159c1cf8cd13e,2025-11-01,Drugs,-0.081113,51.516869,57,1
bc9577d62ec5d91a421eadca1cbcbd39aae67d815b991d35c5cbed86c877d077,2025-11-01,Drugs,-0.079907,51.517785,57,1
8b175b79c7b1cf435c560fed4107b23265406fb27698b04abbdb34ce7a9cfcd3,2025-11-01,Drugs,-0.086815,51.517007,55,1
df0d5836994a5430001699ed1ea24a0acae605fe2bcca5a8ffaef61601fef7c1,2025-11-01,Drugs,-0.101963,51.510761,15,0
70c41f7d33c36e519678e1f573a871129def01aa1113aacad754c1d330a7bb21,2025-11-01,Drugs,-0.078278,51.513666,34,1
0ce2192cdc9e8af7579daf1ee9e62c155530ac9d65313965060a01e35832c4c1,2025-11-01,Drugs,-0.087157,51.512624,31,0
34783cff3d0290614c7c2946207ebf557d0e8ce6610ed185d147b3d08de5a6b2,2025-11-01,Drugs,-0.092531,51.512658,30,1
e2f28dcf062677127a63567fb19e9fc8ab791f07609a7374f0937eeae11fd0ae,2025-11-01,Drugs,-0.077959,51.511332,22,1
8e25f9324ccef86b290530a6a1b323dfcca03f5655b59ee0b440d2ee39b19ffa,2025-11-01,Drugs,-0.081902,51.517296,57,1
6a48067ca85b9691c0fcd35499f709b6225675822983da56c9f0b07b478b71bb,2025-11-01,Drugs,-0.096501,51.513874,28,0
67f1a62ecb28508c5581063d161c8dc9ae9756d21824e6a1a23901cdc536bcd3,2025-11-01,Drugs,-0.079883,51.517326,57,1
8e0049df9c0f6e274c9e00fad105bd678b502042604cb99e5daea763bc30150b,2025-11-01,Other theft,-0.084844,51.5097,8,0
b86a890bd92410a053093eb7645b4a6d405611e7eb9756e9f2c02cefda2b8987,2025-11-01,Other theft,-0.079127,51.509607,9,0
113021787416f22b0e9cc6242ba7e453fc45edcadbbdc9ca8e7e5b44adc00900,2025-11-01,Other theft,-0.095224,51.513736,29,1
e22b7af7162bf929774e85c6a59beb2de11801ed1f06e4fd42ff12603e8659b9,2025-11-01,Other theft,-0.077563,51.517656,58,0
9f5a3cbb290cdcf6d174716c0f16e08438d4db853d41f90526563917ebaa026c,2025-11-01,Other theft,-0.101589,51.513515,27,1
0cfc975359b4ee535eaba55194d015bfeead265d30d1118dfabc4bd142edf6d8,2025-11-01,Other theft,-0.085228,51.51119,20,1
987333b4a3501757a273272d086a80df755a09269593d0ce529e979965cdc2a4,2025-11-01,Other theft,-0.081902,51.517296,57,1
aeee9bd68df87ab155a5fb323b53474d26f2d616e58360293ee3ffcbe9e6a8f2,2025-11-01,Other theft,-0.081113,51.516869,57,1
02cc78b608cf9b31e3223e8f511cfc9f7c4bcc35f4264b4f9f37982b583dbd69,2025-11-01,Other theft,-0.081113,51.516869,57,1
358c1bdac72143b5c5bc3cc649db091bb00254be52246edff7c8fa27a85e9e7d,2025-11-01,Other theft,-0.0949,51.513209,29,1
ca5ea63c21d7fe75a4d8bfb03c08bdb8687101a21595a67859a06b8734ab6809,2025-11-01,Other theft,-0.081113,51.516869,57,1
28edb536cfe139b24d2d7570ca68439e1e95f134bb74fbd68264cd59839cf4a1,2025-11-01,Other theft,-0.081902,51.517296,57,1
b8cef73efb0961d225e5d50c47fcd79705c28f6af615fd69db6df3dbdb1b5c93,2025-11-01,Other theft,-0.079907,51.517785,57,1
5d17eccab543f209ac032f388ce5ba8895c438f5a1f18eb832e579bc10e8e6ed,2025-11-01,Other theft,-0.089479,51.510864,18,0
cc4fbd51fee5dc5738cb268070ffb04a2832351c91480e1cd81ccccf3eb47307,2025-11-01,Other theft,-0.091947,51.513188,30,1
e08cb6c2751f7254cf8c7f7d4811cb2a532f8dd4ad2fea1929aec339750192af,2025-11-01,Other theft,-0.0836,51.509797,8,0
a4f41ee53c766f08a67fc78013a0ea08389787afd7c10c429a0df143a5f27a25,2025-11-01,Other theft,-0.081512,51.518692,57,1
f6c16a6f2450053582709497e14bdeb7e3cd9c1a3af3097832a999acde976ff9,2025-11-01,Other theft,-0.091823,51.514427,30,1
ac3b033ddc235699c8e24e8b4bae6f92c9cf2c5e1c5153936cf1ec7bfc42a0ff,2025-11-01,Other theft,-0.083977,51.510441,20,1
e02a6ba0851ad4ec5025d8a5c9a9f6d2e18efdb29594b1a675fc7c32e8e9a47e,2025-11-01,Other theft,-0.079907,51.517785,57,1
97b5f6f295ad82b6e4cb2ceecbddc5ab337c74ad539c71870dd9bdedd8318ea4,2025-11-01,Other theft,-0.09407,51.513079,29,1
bb922a5fb83ed26c4fe0d82837b90a811882bf1dfafa5c348e6c5377f6c76e4b,2025-11-01,Other theft,-0.104276,51.513712,26,0
4903bf5e6cb5e94a117066d350f16472407bbbb9cf3edd63c6ddc03e9797d601,2025-11-01,Other theft,-0.09407,51.513079,29,1
3f3d9fdbc0b4ebfdbc551432a81e8283d78a3c5f243066c1fc45e817ddbd608c,2025-11-01,Other theft,-0.090578,51.509722,6,0
76ad9219b50fc3a341aca847f84916fabcf6683714d29f990dffa647f5c3893a,2025-11-01,Other theft,-0.088785,51.517102,55,1
3839481bebc0129e1853020cd687b2150c5ed3f10f18518d10ae4842f32f6a1b,2025-11-01,Other theft,-0.079196,51.513789,33,0
a00d547b4b9a5df8926c3ec672fd6f6daadb84bfd6e96059e11979456d34e8a0,2025-11-01,Other theft,-0.095054,51.510559,17,0
9ed30748918fdcd7f66eaf977810b7e9f02a639fdac986c3155e82c766721bc2,2025-11-01,Other theft,-0.084844,51.5097,8,0
930fdf9b7a74d034dd475b9c307f48eea846d957cc35fff00316b2773544acee,2025-11-01,Other theft,-0.082993,51.51636,44,1
480aec8d336611b899cec836d0fd7acb169a4975de4eb0faa35bda68a9200408,2025-11-01,Other theft,-0.077959,51.511332,22,1
3f735d70d66fb163315c833ba61d0e32bd825af2248b15932d3b9cd4bb4f9e4c,2025-11-01,Other theft,-0.088785,51.517102,55,1
a8a885a8cfe053a0ecad08c6c4814de18c066a633b2558a033cd13cc582570ac,2025-11-01,Other theft,-0.102272,51.511656,15,0
f603cd6d653c203a79a8a159002a2baeaf6bc278433c90a639392d09dff943e3,2025-11-01,Other theft,-0.09407,51.513079,29,1
f52027682e5b7039a86c7b003f76e69e05303e619b567b3703ac179054a019be,2025-11-01,Other theft,-0.092531,51.512658,30,1
8fdda9362f5fe1deeb65a3d2382206a733ae168fb3f4fbbcc7949d374a5ea299,2025-11-01,Other theft,-0.092531,51.512658,30,1
71dd0f7eee7796cb57ee4e56294f1bcaca42079380f3891f75d18b91c05bd63f,2025-11-01,Other theft,-0.086815,51.517007,55,1
93270415a68c114ffc06a392250733663990a828d999fb1d4a203f3297e6bfa4,2025-11-01,Other theft,-0.101963,51.510761,15,0
3b5b384ff1707adb384b8bc1a458d1ac4c42ce110ab7056649ba9e9e914ab78a,2025-11-01,Other theft,-0.079907,51.517785,57,1
11308b87c16ee3e4b9262c2e62f2f3553aecd371ff6f3b0386584fb42df45074,2025-11-01,Other theft,-0.079883,51.517326,57,1
fa4562d5ae3b892defb05c84b0b5249eee8950a536f845be7fdbca0e3a247b61,2025-11-01,Other theft,-0.085228,51.51119,20,1
815ec3385db9c5bcb36485bed43c4bc50f040c94963c2728cf6144eb37a27f7f,2025-11-01,Other theft,-0.09407,51.513079,29,1
2b114a92355766de7f47c6a0aaa8935ad1d5cf81907036e905ac6467faa73dc3,2025-11-01,Other theft,-0.100201,51.513286,27,1
fd97d1deed52e035b99b46883d8f3aa5766861604b57e601a68368df768ef30c,2025-11-01,Other theft,-0.086815,51.517007,55,1
71f8271ee657ab5cb730a2724a87ea9387f069fe1bec4f010d8ab209bbc919ad,2025-11-01,Other theft,-0.077959,51.511332,22,1
6b6ca60890e4ff5ea23148c6585847e982453d8888a78ce686e09dfba8e3be16,2025-11-01,Other theft,-0.091947,51.513188,30,1
7aa5aec3c2a788386fd82029e9434a8ebd0ecb7aed1f5f1cb81afaf7d5b9aa38,2025-11-01,Other theft,-0.097176,51.510836,16,0
c44bcaf079f6f732fd03b793bfe23998c9d714946351576f42fdaa5967d2bb22,2025-11-01,Other theft,-0.078495,51.51777,57,1
fefa125e86427e5952672704e4bc522285b39f558ee4bb90ec7be27fb09acff6,2025-11-01,Other theft,-0.084754,51.512882,32,1
de7a75c3f46e804914f74186c129c5396f30b0ad7ebbd8961447c4dd8a3b8037,2025-11-01,Other theft,-0.085228,51.51119,20,1
aa03122dab1243851df6ee5c5725feebf2d2159978a54cc0b658b613b1139543,2025-11-01,Other theft,-0.078424,51.518093,57,1
6d2d4c06771e5dedd275be8136bfcb28c581224b341ae5f165fe72cce1e4cbdb,2025-11-01,Other theft,-0.085228,51.51119,20,1
857159a596a1c6b1222763e416a739eb6f98da570620479cda4f6a125b1774cd,2025-11-01,Other theft,-0.084836,51.511939,20,1
7adaf064c45e0465a272d5238475b7382135c784d97495800d7c8695e0de0b04,2025-11-01,Other theft,-0.079883,51.517326,57,1
292959dfe055b8be1eaf871a9d275d085a4f2ee02626bf8f9751436b8babf0fc,2025-11-01,Other theft,-0.0949,51.513209,29,1
5a709d9a5b703ad013befd29420b837beaef1f5137cec6b9fb352a80b3c1c76f,2025-11-01,Other theft,-0.086815,51.517007,55,1
49e2b978d9fd18b0dd5433f355ac01710d3c115ba1e8005627696d1ec89bbfe5,2025-11-01,Other theft,-0.088785,51.517102,55,1
66c6b7bfd8ab296ab421d7668bccc2ed57f63e6dd95ddcff0fd10e037a716efb,2025-11-01,Other theft,-0.092531,51.512658,30,1
7b1f82527a318a8fb9fc563cf37eeecf4cecf1fe57723eadf27a8921f2bfe6f8,2025-11-01,Other theft,-0.082993,51.51636,44,1
b234086f85306f34cdc72813cb73da208a029be7a0d857761e2e37d22f524a12,2025-11-01,Other theft,-0.079883,51.517326,57,1
dadad9d232ff7ab5f5885d04db5e286262fe067410e1206f41e40b3ed74474f2,2025-11-01,Other theft,-0.09407,51.513079,29,1
605e7a3f27403dd9015989e9e2b960c1196d26ecf36dbf32b1c7a7c9f96f9e4b,2025-11-01,Other theft,-0.08491,51.512588,32,1
aefca72268878ba611c681e019747b253c91b036f7cd4bb0f0964db906d7d791,2025-11-01,Other theft,-0.100201,51.513286,27,1
44ec4d09465b351564764ebd4d2774374bf737bc7382150bb772ccecb8b3921a,2025-11-01,Other theft,-0.085228,51.51119,20,1
1f147b9bef11fc5f4856f1f06a2f6e87243cbf0fe8bea4d221e0cdec0318aafe,2025-11-01,Other theft,-0.077563,51.517656,58,0
809e556dbbe34cb871f56a1824f6207e27d43cd05ae3c07257216742a877218b,2025-11-01,Other theft,-0.092633,51.509872,6,0
2e23fe2fd0d20db3f2ef0fe2074e265700ba8892f9a53880af3803ab36e4a915,2025-11-01,Other theft,-0.091947,51.513188,30,1
c3d2904810ef41788a29403dd10542ff32b76c8e5179abf2293d8ae01773265f,2025-11-01,Other theft,-0.079907,51.517785,57,1
e36f1269cda0d95cf64f8089cd9488bfbe0568f468e8e11e0cc1603073eccf8f,2025-11-01,Other theft,-0.086019,51.513631,31,0
3f42148ff8f1968e198fb474bc9c0d1bbbe2307fed47f9745921d748b5b3bb0a,2025-11-01,Other theft,-0.092531,51.512658,30,1
5746a6c0bffddee537981644b1c99ede07ca8940040c0d8a1919a804a16a94de,2025-11-01,Other theft,-0.078755,51.51844,57,1
d8cb31cd7512211d50070e8624b2bca7f3c321da3a841cbfec01b31de2b7971e,2025-11-01,Other theft,-0.081512,51.518692,57,1
66f2e2064a9407163a3562dfffe7d9cff02ae6445822f093b5993a94c33e4732,2025-11-01,Other theft,-0.079521,51.511196,21,0
12531100f15ba40137182982f866fab14d6cc209781dc517d45e01f3a5067f69,2025-11-01,Other theft,-0.09407,51.513079,29,1
0f36f86366654cf95de8444ca48a2a6374fa267994ebf838eba1cd47c37c72e5,2025-11-01,Other theft,-0.078477,51.509965,9,0
a6bf2c48044aa1c8ecae2b6ede02b1eb4ea3e1f848a527939de376075e611fbf,2025-11-01,Other theft,-0.092531,51.512658,30,1
8078f4a7b9ee2f72c7aa718acafced2efcd88522a85796af0e54b46eea8fd3ef,2025-11-01,Other theft,-0.080365,51.508943,9,0
890dabd48dd5bb5819663b0decab40ea7eda92866f36c1c67ffe1a2fb5cd2d91,2025-11-01,Other theft,-0.079138,51.508312,9,0
54f9f5e3fe91177f7055429ba226c36dc941d8e5caece645be006f07a0518854,2025-11-01,Other theft,-0.078477,51.509965,9,0
cd4f61d6afe0fa079ccf90375daaab8f263b7b4380de96d875352c122d0f8870,2025-11-01,Other theft,-0.081512,51.518692,57,1
7a8458d613bbefe18ee72ad383e5a3abfb77cc7a3a488a1969569da6fc7995cb,2025-11-01,Other theft,-0.077563,51.517656,58,0
3ec49883e432233ec884b9f4356961f6089d7901a67797a47f8fd7ee434e8b76,2025-11-01,Other theft,-0.088903,51.510836,19,0
6dd26db42f5824d2ac202eea8078290ffbc603e6c41258c56c11c687c31cfaf1,2025-11-01,Other theft,-0.086019,51.513631,31,0
1653eb3973aa9c0739518a43939ffab7ebab34b5dd7a74134ddf0f2119038e5e,2025-11-01,Other theft,-0.09154,51.511896,18,0
101b8587c4b97172b400ddb1acf905d60204d430777cab99f34f7eefbb33d14f,2025-11-01,Other theft,-0.081643,51.51007,21,0
8696076b357895ea0cec8840df29945404a5d2537ad493155cf2e1c825ec79a6,2025-11-01,Other theft,-0.086815,51.517007,55,1
1afea105f4d92f25507faeb63e13008520396d8d205ff538316380e583773998,2025-11-01,Other theft,-0.081902,51.517296,57,1
3836c68721593c4fb3bfbfe48fbf8d12244aed9a2ecf484d3a5dec08d18485df,2025-11-01,Other theft,-0.078755,51.51844,57,1
a25addc9973dae8d45bfc4e8144ec8bbf044d6c2e7d451a0f217030d035ed6f3,2025-11-01,Other theft,-0.084754,51.512882,32,1
414c8c718c47aa0c1886fe6d9e564cbfa25d8e551b9b29fc1888fe568879997a,2025-11-01,Other theft,-0.084754,51.512882,32,1
bb980abf24439d77e6d7d3956a4e20263f46316588df1ef275f16a63c083940d,2025-11-01,Other theft,-0.079521,51.511196,21,0
25f76111cfc53e7b14f541bbff198041bbe4f61c80f10fb7d7f37488fa9ece41,2025-11-01,Other theft,-0.102134,51.513929,27,1
60e62b9a5f12509f1c84a660e7effedfcf872a914e9eecb3986d8e700bea8adf,2025-11-01,Other theft,-0.082993,51.51636,44,1
028da1bafa91dfebf8a775b6895b9c95a14bc3659a095aba4837b2a87d4e7ee5,2025-11-01,Other theft,-0.09407,51.513079,29,1
66762a678df1e0574225e7922ef427bc8711fed8d5192c3faedc07b76139f14c,2025-11-01,Other theft,-0.086019,51.513631,31,0
ff0befbe62814ee3f4dbf8fe5b585a1d66d2c173ea2e1ccdb1f05403fb2a6dbf,2025-11-01,Other theft,-0.08491,51.512588,32,1
2b57a6d38ad9ad3658d08bf6736ec9c112fa15a1fb58b5e20074f69131ec73c0,2025-11-01,Other theft,-0.080365,51.508943,9,0
85100b54ecc33c262386d8a60c470a1a985f42012547a438b9468977196c008c,2025-11-01,Other theft,-0.086019,51.513631,31,0
5966e04f5581fc5571ada4ad69039e1426acc5b6f0a810d7ba7629505232b644,2025-11-01,Other theft,-0.085089,51.512105,20,1
73f37490c2ef21076f3815f4ff7cc58e1d68cbc5f5101b339bb864909e4a5055,2025-11-01,Other theft,-0.093339,51.511557,17,0
9f4053bc8f0eb51f0041e66fa52fd415f26e7fab3ae3e3f5e37d9a9bb4201946,2025-11-01,Other theft,-0.081113,51.516869,57,1
46530da6c030f42db080df49f1cdc1761cb68cbc55dfec24dc86085d3be5fd9c,2025-11-01,Other theft,-0.078477,51.509965,9,0
f7889c158b75f91edbe2c5f9a217985e85262642151c049e0093b25d70da3299,2025-11-01,Other theft,-0.081512,51.518692,57,1
c4f43771bb2379b6ef5d960d2a1d537b26e860bcdfc39a96900c71f64909e5fd,2025-11-01,Other theft,-0.081902,51.517296,57,1
106226b6cf61cc9ae59ed397ccde623ad5e7334c9407c6999d29ac9f79edeb5f,2025-11-01,Other theft,-0.088785,51.517102,55,1
d0e32b9d9dfd8645bcec3007fc1c1283b1326c717d1dc9143ffbff1c30b8455f,2025-11-01,Other theft,-0.077804,51.518083,58,0
fba31c7465a115c4098219141ae8e1f16d60f56bb7ce3d6ada5e6d5b244fea8f,2025-11-01,Other theft,-0.088785,51.517102,55,1
52719f37d4f48ff926fec58807d58efd8c68926a41bdfa1362602eb596921f5b,2025-11-01,Other theft,-0.084754,51.512882,32,1
4d08a9605978dc3939c4808b565b5040841e70f9df54ee81be70ab6e4a3e7514,2025-11-01,Other theft,-0.085228,51.51119,20,1
ab29802aaf444879e8fca7c9efd698a5d978ad170750b1dee232f1ce2353f2df,2025-11-01,Other theft,-0.077959,51.511332,22,1
bbd8f9d793007b734d461d17d0eeab0c679834093f9b1af85834abcb008c1c4b,2025-11-01,Other theft,-0.084754,51.512882,32,1
4e11617518dda184301992df5c39d69d47ab7e469957dc661efb34af736f0540,2025-11-01,Other theft,-0.085228,51.51119,20,1
f6df8f37e4d979fd3ae4c4b9949ccd6fd3ed7536fedbd9a0a47f905d3f44004e,2025-11-01,Other theft,-0.092531,51.512658,30,1
e2d8f715525cd83cb2f5ba9a6bdccb2690d874e8073cd5f702be96eeb06a7f41,2025-11-01,Other theft,-0.081902,51.517296,57,1
66be5dfdc72438e3de163b5ad2c939d8d35beadf99a740c53f88b0b0538cb85b,2025-11-01,Other theft,-0.078059,51.509967,10,0
525dcc8b63b7f42c8c89876a3c9abcfc05de5ddb344b72dc2d92d64f5eee4f75,2025-11-01,Other theft,-0.082133,51.515222,44,1
142e4376217df4a11163752fbecf393e049ec4fbcd16faddc991ab9da15f7025,2025-11-01,Other theft,-0.088785,51.517102,55,1
3f5e4a9c05c1bbe9657c7dca2c89f5c51cb8fe69f566aba7b60467351e766a62,2025-11-01,Possession of weapons,-0.081113,51.516869,57,1
0848d7f9e49af1e72d6a577714c04cd12e9a886c1140a4d42315ed80f4293e80,2025-11-01,Possession of weapons,-0.079883,51.517326,57,1
20dfa06cc3a778e4efa9cfe11e192472e75972fa68b68101269ea815917d424d,2025-11-01,Public order,-0.077959,51.511332,22,1
9a896852fef379b822492982704cd607bba12e8469197305887b0d226e63a69f,2025-11-01,Public order,-0.084844,51.5097,8,0
b167ac9b9a6afd86253c2a6041217d5612d2b74a5f3a2c51297fb29bcbd81286,2025-11-01,Public order,-0.085089,51.512105,20,1
746304cce3e283e8b6d9bf73eac9c89bbfd4c252eb9d76f4d1c890ca8a7f5040,2025-11-01,Public order,-0.078059,51.509967,10,0
6230dc17f760ad1b6872940772a003eb95c41e64ca3676041353c6e88ca2efc6,2025-11-01,Public order,-0.089808,51.517461,54,0
cc55d4e3b4e0b38ca8ccf949bda6c9f08040763de2efede918ef30ef44842208,2025-11-01,Public order,-0.087157,51.512624,31,0
657a57b9fe30ac9dd258d2f6726f1d2b1d097a71267e1e348e40bf81f479ab48,2025-11-01,Public order,-0.087157,51.512624,31,0
fc3ac31a2cf76a17e0fc2a2265bd32da98d629b5c7a79f20594ffa4f914d8360,2025-11-01,Public order,-0.101292,51.51477,39,0
dbc6be1ebef4266bf558c69630d882fce4b4891157196be1a613e2edcea82fc4,2025-11-01,Public order,-0.086019,51.513631,31,0
a2422a81aa95e504670b3967487565384fd6484bcb6f88addb5547a765725b07,2025-11-01,Public order,-0.097176,51.510836,16,0
4c21f551ae0a02074778d06e327a3210f51de16a3081213325469020b602a9f4,2025-11-01,Public order,-0.084844,51.510725,20,1
82859ca4700f024b0297dddca19739c53b03ce90c75bf3079b2915d2543e0b27,2025-11-01,Public order,-0.083977,51.510441,20,1
1c154023441ac4c1ca1b765a872b509e48ac58e72f4e7fb967e8e49f805c078c,2025-11-01,Public order,-0.079883,51.517326,57,1
a7fa6633fe93cbf806128493d80c9ee1311a8facec87e9770701382fbd658bab,2025-11-01,Public order,-0.082993,51.51636,44,1
8b86fc1ba0f7e8d27541cd394041ae77da7479eb9178c962e376a912873c3055,2025-11-01,Public order,-0.084836,51.511939,20,1
99e86169d9372e9326966a39a7dd467257ec1557dc4934e2810da1628809b2e0,2025-11-01,Public order,-0.079907,51.517785,57,1
d019236ce21b410b8b7125b833c30bbba4d926f7a41198d54a08e7519823a8a3,2025-11-01,Public order,-0.087157,51.512624,31,0
21551c4c7d0100845af1d8a13dd5cf55f2b1f7d574b522b861f82bd91792dc46,2025-11-01,Public order,-0.09154,51.511896,18,0
763e233e5bc19f86b865a7437e047951c4da95419633f1b01492b5df94d38ce5,2025-11-01,Public order,-0.081113,51.516869,57,1
eb5cb909eff0760db0a1e2e82898e2d4130dfd0cc1688889f327deac97e059f7,2025-11-01,Public order,-0.081113,51.516869,57,1
7af792bd287920b896a2ebdb3e8b64bf0f2958a14fbd93000aa17399a09484d1,2025-11-01,Public order,-0.087157,51.512624,31,0
3a7a562254cfe2babc54926b1ee3f76c24cc93537c2ec456ebcdae76b505b353,2025-11-01,Public order,-0.086019,51.513631,31,0
08baafd7e97ddf17a0a520e07bea87ffc409ad1bfcbf823135c8fb0ae3da42ef,2025-11-01,Public order,-0.084844,51.5097,8,0
bb10f1a94f213e7b01c373f1dae1fa5256e7c3d7169110b0d2a4e33d9534d1e2,2025-11-01,Public order,-0.088456,51.514975,43,0
1155ea695ead4e519f2cfd2c0ff5b1281c42ab5dd8e5be58348b90b8dcb8edf0,2025-11-01,Public order,-0.079907,51.517785,57,1
bbad7a3ab8646f46ca072527cbc344272ecb3d831ca078f21389963e8fd87a19,2025-11-01,Public order,-0.104276,51.513712,26,0
aa505937b72a1b0fb4dc005c5ba11506fcb1bac78b10c0f81d768377ab45ef0e,2025-11-01,Public order,-0.079883,51.517326,57,1
39ea4abc8fc69f11833fcc604cff7308853ddb710b350da46f9439988dcc6baf,2025-11-01,Public order,-0.084844,51.510725,20,1
427d625616ea0f70495fa2986e7d11978cdc8621cc93888c7e404609cebf52aa,2025-11-01,Public order,-0.081113,51.516869,57,1
5879214beed5e97805ce44438c4dac7cb731a2a4fe05a7d44b5636ef3bbacbc6,2025-11-01,Public order,-0.092531,51.512658,30,1
c3a4871c45d040fa73204e1d80ce96c3051aaf3e2f59010a75c0d8adcb7383c7,2025-11-01,Public order,-0.078278,51.513666,34,1
e3e82db174b2694fa363e7c20fd50569ef87892bc3941b0bbf78fe5cfce6eeec,2025-11-01,Public order,-0.081902,51.517296,57,1
c9922c5dee91c6ca321b9421c2a0120f440cd0152f4a57cbdf46623b15fe645a,2025-11-01,Public order,-0.081113,51.516869,57,1
2642e82650e8e96bfc61c4debafe477ae8d75b295c5d724f0e50fdf399a687c8,2025-11-01,Public order,-0.09154,51.511896,18,0
fc6b2143a9c8017a7d1b1ea6ff1421f1105e8341820aee40899d770ac7fbe4e3,2025-11-01,Robbery,-0.086815,51.517007,55,1
c63e4fb123d5b58a05b0deb5caf3e8af12b01938a3d0bd72b527ebfe36ea1b14,2025-11-01,Robbery,-0.078278,51.513666,34,1
ce82634cbc705ce802cb15066c2e0d14b8c9562ea46d5a6f67591cd70abf0e37,2025-11-01,Robbery,-0.081113,51.516869,57,1
70a32d58fcefed39c858107bb3f8c46dcc7f15e812e580c75e968f20885f69b3,2025-11-01,Robbery,-0.097291,51.514626,40,1
49d3e506023225b803d5c72d35bfe9a345f8bffc5d7c621424740cbe56b8ca88,2025-11-01,Robbery,-0.078278,51.513666,34,1
48835f629e3dafed54164fd07d893a9b9169a087f0b192241c5bc588d2c3a5fc,2025-11-01,Robbery,-0.081902,51.517296,57,1
6a7ce6eff5b4a118711187cbbf4dea06944cfec99d4814db5382f787c324720f,2025-11-01,Robbery,-0.086815,51.517007,55,1
bb514fe8922aca7189f8829aec35f748e666ee298dc431c7d1aa0b056835dad7,2025-11-01,Robbery,-0.09154,51.511896,18,0
836a6d6c64a3a837160eb3cfe0e7762e1df87cb2c8da748cf702c9ec5791b7e1,2025-11-01,Robbery,-0.087772,51.510665,19,0
9f605184085fae14494e86dcf7c5556a382455d4f9f7bce31c16c749f88a8321,2025-11-01,Robbery,-0.084754,51.512882,32,1
d9f4bc661c930d6e09aff1518fc9ff571ab8d860fe1f70c8207d01e846d0556b,2025-11-01,Robbery,-0.084844,51.510725,20,1
2815c07527c9ca30d6f67bbe734542e74cd67a4c6052344f37e14f7e0c5f93ef,2025-11-01,Robbery,-0.079883,51.517326,57,1
1f54a7cec73f6671340f755e359278a375c902a9e135fd6fe489a5878b066ef8,2025-11-01,Robbery,-0.078278,51.513666,34,1
ac097bd5d27105c643df62cffd035de51e88d145c6c98a51329fd400ae2aee6b,2025-11-01,Robbery,-0.091823,51.514427,30,1
f9250144d72b98228bd6943157fa5f4680ce96d82c1abba72bd4d7b6438dfdf0,2025-11-01,Robbery,-0.087772,51.510665,19,0
b0d15bb9b8107dd5fdfd7cc7c5b13b43967825a8ab1bb3e60dea1977c70f7159,2025-11-01,Robbery,-0.079883,51.517326,57,1
d4a348e65807969f5344dd6e9515f3f767aeea046f2431ea9df74e75c12645b0,2025-11-01,Robbery,-0.100888,51.514448,27,1
424cf7437ceb650c1598978251410e6bf049785870602f47b6687040c2606b2a,2025-11-01,Robbery,-0.078278,51.513666,34,1
3ab542be29806128cce4262583e18642a1f34906e1ed75e4825e537be4b8f2cd,2025-11-01,Robbery,-0.091823,51.514427,30,1
1512e23392bee11f39176a20b050e8aec94a94086f9cffb1b23dbb61d71b349a,2025-11-01,Shoplifting,-0.081512,51.518692,57,1
65acdaa6813b0f8248d395ed2c30f119960427faf42672504b1be27c942eec7b,2025-11-01,Shoplifting,-0.086019,51.513631,31,0
51f459f248bcdf56f51713fc864255246544ec3988aed88f1cd2bb0b4f60c258,2025-11-01,Shoplifting,-0.078278,51.513666,34,1
72e3f14c5f083c2bb4b22ca7d46468cb495d871cd899689162e6b5119ad20517,2025-11-01,Shoplifting,-0.085089,51.512105,20,1
18d67d6b5a68980163c0cdc7cc2942e656fb99c2d0d41975a8e7067c2af37b91,2025-11-01,Shoplifting,-0.084754,51.512882,32,1
04bb8716dce8d9bd72c43d95c5c49be539d06ad13677f2634f6f15ac26af42c2,2025-11-01,Shoplifting,-0.095924,51.513882,29,1
87bf6bae85b62f4d59b81786f20a999abcf2e50ffa787255c1c2d4c070832db4,2025-11-01,Shoplifting,-0.09407,51.513079,29,1
67350fc37705964ec076923d5785c635ae759b21c7827c2bd88b73a3d58a62e9,2025-11-01,Shoplifting,-0.096501,51.513874,28,0
396956f11eb3124bd46de3fc80f72932cb23dc4c128876923b97ed9cc0537d4b,2025-11-01,Shoplifting,-0.096501,51.513874,28,0
753b9d05576da7604e88af7ff610c5663dd963d7a836f25d02d1f2315f3b0d01,2025-11-01,Shoplifting,-0.095924,51.513882,29,1
574a84154ab3f2d167f1a7b402a416dbbf31c7bde4f70348e98ddd65ff012f2b,2025-11-01,Shoplifting,-0.097291,51.514626,40,1
762f9e90198bfeb736eee8a14f2c3fed84f27a3db117ea75aa40dceabeeeb519,2025-11-01,Shoplifting,-0.081902,51.517296,57,1
6fd2239b50470abb949c7a454df54897f84924a4dcb7d2d70a8f0123adeb0280,2025-11-01,Shoplifting,-0.09407,51.513079,29,1
e3ee53ea50abbd59ae4adea71432410a15592fe729245a4364de62701dfdbf10,2025-11-01,Shoplifting,-0.097291,51.514626,40,1
69dd9d16d08fa7c1598bf864c001f02a9d9dba5eca46cda915f8740325bbc9db,2025-11-01,Shoplifting,-0.078278,51.513666,34,1
3c258ffa0e946dfdef658c98cb1f5599ed40446974ff881700bb6fde01d89d43,2025-11-01,Shoplifting,-0.097291,51.514626,40,1
e70170a8c8c2cdb4ab7da59d8a4df2a988ab720c45f30e87ec4cc58c904d6063,2025-11-01,Shoplifting,-0.085089,51.512105,20,1
acf74200aa43da8be81c55655abfd8118c1abe84642143163f8f61bc20c0cb8a,2025-11-01,Shoplifting,-0.097291,51.514626,40,1
e629c5b143e04c46e4dc765747f05e6440ab842bd145234a4b71636043b1e37f,2025-11-01,Shoplifting,-0.081902,51.517296,57,1
308f827c4847774d8bcd4cf34d2aa8723e5178cb79e6e526e09244e77bc1b310,2025-11-01,Shoplifting,-0.095924,51.513882,29,1
587dfeb2db4b34effcf5bc1ed7735b4ad7d5356ce3df76cf3a394ce84762d7be,2025-11-01,Shoplifting,-0.09407,51.513079,29,1
2658fee94f731748e9b6a372651f0525bb36e79dfe36465421b38e65bf9f3293,2025-11-01,Shoplifting,-0.091947,51.513188,30,1
eac4946903452e7a86f82c35c88424ef1d0082db1dba9c985906c24ccea5a150,2025-11-01,Shoplifting,-0.091823,51.514427,30,1
3f1f8abed7f2f305962ae2775898df319e4c6d1fd7d38e80075383bda82fb59e,2025-11-01,Shoplifting,-0.086815,51.517007,55,1
e28fe358dfb2f5802b6e857af4f4159c68929e27d7aba515f5bcd724509890af,2025-11-01,Shoplifting,-0.086815,51.517007,55,1
5361d5a3eee5fe44f6fd782bb0565926a73ee55eed36d583983a55f8eb2d3e5c,2025-11-01,Shoplifting,-0.095924,51.513882,29,1
4af13eea4e40f335e30370d5b46f51e550a8c3a2307cfa4128f4049a357bc9dc,2025-11-01,Shoplifting,-0.081902,51.517296,57,1
7aaed528ac873e79962cbab48a261510e4b385271d8d1e35ea04428f95c7a9c6,2025-11-01,Shoplifting,-0.097291,51.514626,40,1
4f7b1940c661d3cebe7155104a7e87bff34396589595b66b190f030baab6d79a,2025-11-01,Shoplifting,-0.097291,51.514626,40,1
fd440951e7d05ce0a542c911960ca2ab3d6791a42b15bfea8f35339ee683091a,2025-11-01,Shoplifting,-0.097291,51.514626,40,1
b06b1f2f2dda705e74157c8ee692da117c0b03798d6a835cd93ad329dc6a2794,2025-11-01,Shoplifting,-0.097291,51.514626,40,1
3414a38a440f327d8f194c75a1e898d323a88ba8015267540c227f59526b334c,2025-11-01,Shoplifting,-0.079907,51.517785,57,1
002eef8d79bc0be0ad546b82e2639d0ab7beeb00fe6348e5e127a5c57b745c84,2025-11-01,Shoplifting,-0.100888,51.514448,27,1
affb975713d2a84e7a28b60277ebdd4a98db6910a16170ee90a473bce0ed8c25,2025-11-01,Shoplifting,-0.084836,51.511939,20,1
2a7fcb7cae4a66afff14856a34dfdefc38b1c5d4f7fb6227e0260adf8556b356,2025-11-01,Shoplifting,-0.078278,51.513666,34,1
c0ec017a123b9c5a18ee62d26902f3bfbda0618b2e6154954d70517a3a7f4f10,2025-11-01,Shoplifting,-0.095224,51.513736,29,1
7de51e1c332cb1b63296ec4b4e65f20686e03a27925260149639f9e79481b36c,2025-11-01,Shoplifting,-0.09446,51.512024,17,0
63363283d571a436066bd466822c319d04a36dcfb9042888318231baa39e3f40,2025-11-01,Shoplifting,-0.078278,51.513666,34,1
ca3f6d6cf042e83285ccf481fa0c6cd28c82b3463f72f7d9a25718caad9da4c0,2025-11-01,Shoplifting,-0.078278,51.513666,34,1
1cb25b0b93f3dc2adb745a54acfd4173448e3c6dbbf3f66e2bfe0573c4f8ae51,2025-11-01,Shoplifting,-0.097291,51.514626,40,1
600161e2aa3d96a206c6b9c8154dd03093ffbd5b6f6c595e787d0c2e703fdaa4,2025-11-01,Shoplifting,-0.079883,51.517326,57,1
c81405f1ef238b46367849170caa79553ac44fc3b70b41f1abb40c6e70b312b2,2025-11-01,Shoplifting,-0.100888,51.514448,27,1
975c3b83ca5faf79ad134b1b03f90a6a9e811f39e67cee7657c840f4d0f12349,2025-11-01,Shoplifting,-0.095224,51.513736,29,1
be8c527f0cb1e4bed98a19c3d5d2fd209332ca218b4af5a8466bccead01c3814,2025-11-01,Shoplifting,-0.086815,51.517007,55,1
d7e1e6028eb6d516a84fedd2788a8dea0b0b9c5041ccc9e720f1a243982d8dde,2025-11-01,Shoplifting,-0.081512,51.518692,57,1
8ee24224bd43471d089d6547115ebd1e640183b8bdc055c8e6dfde77ea4fbb7c,2025-11-01,Shoplifting,-0.085089,51.512105,20,1
ffff8621bab8aa80a6bfa22f4714f572e597dcd317a8ea8a4c0857b0328236c2,2025-11-01,Shoplifting,-0.091947,51.513188,30,1
63ec9d641b7d290c2b3a1736f5cf03f455a5324b6847bfd087706457eb1aca83,2025-11-01,Shoplifting,-0.095924,51.513882,29,1
2a31ebdde0a72351fc95ae2f5b36aabaa6107b4b60291a824f75fd6caf1244ab,2025-11-01,Shoplifting,-0.095924,51.513882,29,1
0dc50e410fd051a749c04eb6054b3893c2b019f73a94da5d6581746c36dec97e,2025-11-01,Shoplifting,-0.09407,51.513079,29,1
69f3bc6c15044e9c5fc808c09eff45e9d480063c54a37311068bedb28de6a904,2025-11-01,Shoplifting,-0.09407,51.513079,29,1
2c2c039a10ebd37dcdc806078fe34ac3f89ca6b682e19167f2ce19c912ff7ac7,2025-11-01,Shoplifting,-0.100888,51.514448,27,1
99a856daff9bb1003b42a63761fed3374f195936b709f51bc3f1193c61f1c574,2025-11-01,Shoplifting,-0.081512,51.518692,57,1
ddac22feec88edb7fc7f08165d620bc59793582ae47569fa6c3a13a44e42acfb,2025-11-01,Shoplifting,-0.078278,51.513666,34,1
61c27c9e41ce70e0f7179c740aec7b0c3a530c72c75c5c828509239d2ce56487,2025-11-01,Shoplifting,-0.078278,51.513666,34,1
34ee0f947299ccd0e6b12238a3aebc07c2255fd9a5fe3db8631c8fa74222995e,2025-11-01,Shoplifting,-0.078278,51.513666,34,1
b672b460647681545ab92a2af07e5061c618fad722b51d3f85ce033c08732244,2025-11-01,Shoplifting,-0.078278,51.513666,34,1
8300944bff09ba23fa7ac85f34ee1c4a936570968b1ab4858d89d21a5e4a93ff,2025-11-01,Shoplifting,-0.084754,51.512882,32,1
a1e9ee708c037cfbbac22de813de39a17507874b41fb3d96d260c4fc19d13fe8,2025-11-01,Shoplifting,-0.078278,51.513666,34,1
0b064e6b1d57e752bd09c1671fbcc382b21ae84ea8e74adcd7040ea34066ada2,2025-11-01,Shoplifting,-0.095924,51.513882,29,1
91a69232ff2146ee0561a69dff7da700148044a32b5894684e047aa5c6015520,2025-11-01,Shoplifting,-0.09407,51.513079,29,1
e9bc831b42eee0272084be3e6aa290fc42ce216b03c3b182dfd542cf092d6dbe,2025-11-01,Shoplifting,-0.097291,51.514626,40,1
3dc26e74be7fedfaec88478411da7b520ce9e4f7b8a9051942d8c71e57ec697f,2025-11-01,Shoplifting,-0.09407,51.513079,29,1
74c84cd1ce00b8aabea11c3645642304ca1cdc26bc0d9d3455826df6825735bd,2025-11-01,Shoplifting,-0.089479,51.510864,18,0
fe3bde4021b699481b1c1a1d9f56c9c7a378b3fdf57163c71ec6a6d064d4e35d,2025-11-01,Shoplifting,-0.084844,51.510725,20,1
6bdb4e8e5f0c30b1bb4736f92a1295891804832405a7b6a214f1adc1ec51ae14,2025-11-01,Shoplifting,-0.100888,51.514448,27,1
d56a034a016b510e9d5fd3d78206562f61385e5c8a2272712c2831c98f949307,2025-11-01,Shoplifting,-0.079907,51.517785,57,1
a9ea9f4d85ffcbac95a0d0f1206286116d7125fdf72b665a2ad8198117b4bd18,2025-11-01,Shoplifting,-0.081512,51.518692,57,1
a3b1f0fb607152f8591595e4432540259c6eb21a11f060bc6f4867b57028760b,2025-11-01,Shoplifting,-0.097291,51.514626,40,1
626407fb2d2b4fb0ae41df6686fe174912d2ab290e9f0ee0c44a9faf90a97242,2025-11-01,Shoplifting,-0.078278,51.513666,34,1
c77dc646fc9a5206ae540da1aa43ca406be1a3d4130fa52769cdb13b5fd2485d,2025-11-01,Shoplifting,-0.079883,51.517326,57,1
2db7b1a27226af8f48315a420a9db4474e1fcf4d0ab30fd681a438d2f6f6b29a,2025-11-01,Shoplifting,-0.095224,51.513736,29,1
9ed8d0d8f3b40b28fb9f34672b076d720be5a839492d52d19466190ba8fb0ec8,2025-11-01,Shoplifting,-0.09407,51.513079,29,1
5a25476799a6685ecfadb395b0876cf324c026b792eb6a8491da08e3b88f91d6,2025-11-01,Shoplifting,-0.086815,51.517007,55,1
35cef3f98b03f48d52ec2b172ee094074276956a6c509d3624080ecf98b2aa0e,2025-11-01,Shoplifting,-0.078278,51.513666,34,1
a33c0fad81875f7a28c13fabff82e7d9d3aab1c8c8417163563d11afbe73f59c,2025-11-01,Shoplifting,-0.097291,51.514626,40,1
d13855139d0b3dcae87ccb37e09e3d1bbd26dee3561bb42e80e32d455115474f,2025-11-01,Shoplifting,-0.088903,51.510836,19,0
1181a7b3af4e2f229901042c96e0cf60df6eae32b00f5e723b58ef0505e062b3,2025-11-01,Shoplifting,-0.09407,51.513079,29,1
a9c673e577d6835d3b9c397637ddb68c56a325853ddb276b0deae57476b01375,2025-11-01,Shoplifting,-0.095224,51.513736,29,1
ad67ac40060c1fddda447c1753fcce382106d305aadaf2db41806f113b4caf50,2025-11-01,Shoplifting,-0.086815,51.517007,55,1
9f4df74939a8ef1e241ad7ed3550219930a2e18f76c85d25e31b3501a06f9e77,2025-11-01,Theft from the person,-0.081113,51.516869,57,1
8cf155385606e5a691aa55fa705cb42e0e9ead0ae0fb3f34b2b670e0b857a5f9,2025-11-01,Theft from the person,-0.091947,51.513188,30,1
9c0195deca50cd01c14083e8bff17865fba97d53977a287024e3280871da0a59,2025-11-01,Theft from the person,-0.084754,51.512882,32,1
1424edd5c3ae6cbca60ea12606078dfa60d4276c39da77fdff6c496819ff1f96,2025-11-01,Theft from the person,-0.078424,51.518093,57,1
33c740d14ade060562bad0490b8c9f20f7001d2bc5c98c5b8f503ac99ce4d72b,2025-11-01,Theft from the person,-0.079907,51.517785,57,1
94fd8c040b7bd4575c9cb4ddcc7cb8cac61d28794086eb82f667190dab493ff7,2025-11-01,Theft from the person,-0.101906,51.511794,15,0
d6ba8af43db480e05d59ef7d31303dcf9f393001da5b146f344c6254638d23c9,2025-11-01,Theft from the person,-0.081973,51.515948,45,0
38afc77ecd647d8e98a0f9fb572352ab04c2b09db2cbba07a5614b547d02dd83,2025-11-01,Theft from the person,-0.081113,51.516869,57,1
a39ae9260a919c13f15491033ec2bd661460d564c8b53435f110e719a89b2bc6,2025-11-01,Theft from the person,-0.095924,51.513882,29,1
efe6245f1a3d730d4ecfe5898da79e9f34ada9a4c8679abd15e7d14b5fe4a0e4,2025-11-01,Theft from the person,-0.081512,51.518692,57,1
cb392759e33d6178eb19ba66c1f0399b1e3a278d5441ee00133797636039b3ee,2025-11-01,Theft from the person,-0.0836,51.509797,8,0
b02c8d1d219bd854db6f10fccef8d80f72044cd9ebe250d5cc1a0dd32478a2fc,2025-11-01,Theft from the person,-0.09583,51.510967,17,0
4678be982b0181e24b213d49680d379cf2664c2af5ce40ce87bc8139a069b9fa,2025-11-01,Theft from the person,-0.082133,51.515222,44,1
da498c3c74dac6549887f6268a297449ec1f6479bcaea7c5a272d5809b01a751,2025-11-01,Theft from the person,-0.084754,51.512882,32,1
313130ca46e1e3c4e260f96b3f0c353bc1f05836f398b9423684c055d7ff87b3,2025-11-01,Theft from the person,-0.081091,51.50882,9,0
2647d48f3542d022f2b5cf453e1c169f0eadb0467792ed9ab1838d3139a19efe,2025-11-01,Theft from the person,-0.091947,51.513188,30,1
f7cd0cb0d8f055a342cb9284b4555c9318ee4e3d6ed512f39ca2b760b7f24b5f,2025-11-01,Theft from the person,-0.081113,51.516869,57,1
fb9cf7b4e96cee9b0fb0ee871c8f41d70ccbedc7af75a3f1b5d4fe4d8d79aa5f,2025-11-01,Theft from the person,-0.097176,51.510836,16,0
5d45eb1cac334ff3a73112840da88d20a512d5311559664e761eefeb19ea5cbb,2025-11-01,Theft from the person,-0.100201,51.513286,27,1
219a28aa5f6dd03c0d74640b6fd50de63d332a11fcf89526ccb0f0c3ba64f294,2025-11-01,Theft from the person,-0.087157,51.512624,31,0
2a5cc8177326799247185a336611f9f879a68858f6ec4006f332b7643a56044b,2025-11-01,Theft from the person,-0.081113,51.516869,57,1
8db0847790df9654638ef0fe3e486eff7d9a5378b2c43bb46988d28443133de9,2025-11-01,Theft from the person,-0.09154,51.511896,18,0
db5a0bc1dc819cd9c4c419e98228d66063ff7ca96b95273e28498189ce7e0e56,2025-11-01,Theft from the person,-0.092036,51.511049,18,0
913b7e3536e8620f75c0883582eea9538fafb8defbac39c1a10e8a0b75851d89,2025-11-01,Theft from the person,-0.104276,51.513712,26,0
a583d50df6511dc840aab0bc79be558657b9125453332d94cf4fc9694013fb4d,2025-11-01,Theft from the person,-0.089208,51.509744,6,0
792b148c49c54ac949e5e848de2193fae8a9026f21eef598c2887c7d2b72b265,2025-11-01,Theft from the person,-0.088785,51.517102,55,1
b2fddcd3bd6361e644cf5318508b0a1966905c588250baef0c625b89d2cf7f9e,2025-11-01,Theft from the person,-0.104276,51.513712,26,0
664ddadd766975d241a1de89fc29dd46b4cd526fb5138f0f95e1ac71b9f2fd82,2025-11-01,Theft from the person,-0.086815,51.517007,55,1
68fb5ebb948b402967d8a04a05965b07c5760e2f80d1fe9efec3ea0396fb8e79,2025-11-01,Theft from the person,-0.082993,51.51636,44,1
a7a04e8a571a7606aa661d3f9cd9205ee70bd7a2c2cc590e99d94c50f931f86b,2025-11-01,Theft from the person,-0.0836,51.509797,8,0
4bb31b7e27224c920dab1ff488149559704936dabe62ef7aed886f262005c614,2025-11-01,Theft from the person,-0.084844,51.510725,20,1
7a08a42ea2d8d26ac8fe7a8afce0e61318e4fae7c7a9729b59ea70938d0c3a17,2025-11-01,Theft from the person,-0.084754,51.512882,32,1
1bc1705583da1e50032444f40af7e7d06ef9fa1cc96845e74db72487be80c940,2025-11-01,Theft from the person,-0.083977,51.510441,20,1
ca2edb3afb5714f86b19c977bf8a2baa6805e7cb1397e0a618bf55b022aaa737,2025-11-01,Theft from the person,-0.087772,51.510665,19,0
6beb4f8e22bb714cf46c08f2510a1fc327bec356e07e9bd20d2c0399157d63dd,2025-11-01,Theft from the person,-0.085089,51.512105,20,1
8f79393b0099f30ed8c0b06f27868516738f0a4c041d23f06214f3e1cf668d63,2025-11-01,Vehicle crime,-0.092633,51.509872,6,0
624fddb02f67befaa60d0b30df29812e02b241ee508044ecc659055c233156fe,2025-11-01,Vehicle crime,-0.092633,51.509872,6,0
2d4e47cfe55c4a95c069ec0140e67ad11a55ab5ddea408afb8a9a5749793ddb7,2025-11-01,Vehicle crime,-0.092633,51.509872,6,0
f0c245a41938fe17bcf131c2124001039b86cfd3cbbc4a18c0c4f2fd0ffb971c,2025-11-01,Violence and sexual offences,-0.081902,51.517296,57,1
4e03b1a1ad983ec5564faa059c6ba38b3e4a023884e5d47fe463787710e2ed4a,2025-11-01,Violence and sexual offences,-0.089479,51.510864,18,0
521c14aa248a3cce6d591e60b5c33e85995015bc4afd2813d480f0d5c5d152f6,2025-11-01,Violence and sexual offences,-0.084844,51.510725,20,1
bdb5e29eee6ac7217fe38e25706ab518335fd0b1dae83b58dc961be340b847a7,2025-11-01,Violence and sexual offences,-0.079521,51.511196,21,0
5ef28a39bd8877713fd83c04a336facd8f26587618fab2c9b0ec22c5db910c96,2025-11-01,Violence and sexual offences,-0.101906,51.511794,15,0
71a05bb20d7cd423499e81fe4cebfda14634a42dc8175cd98c044d9675ef9cb8,2025-11-01,Violence and sexual offences,-0.078059,51.509967,10,0
a946d623469419f5890497be1119b010b7265fd3e0153b80b04810ddb160653f,2025-11-01,Violence and sexual offences,-0.081113,51.516869,57,1
6c1f371e3fe7e8f6e9e57f8e94573af0a913f884dc1a3ba03506a4af21d4d959,2025-11-01,Violence and sexual offences,-0.081113,51.516869,57,1
00b97b22aeed0206bbcea181c45b36fa11b1e175c804ce004dcd426d2cf66311,2025-11-01,Violence and sexual offences,-0.09154,51.511896,18,0
3a257d381a5eb10c09023c3863667b2a7a1673f25a93e6b43e9227403cf400f9,2025-11-01,Violence and sexual offences,-0.079907,51.517785,57,1
c0ab6a23bed0ad947f51fa334782e793e57282fb586f6e06c59bf9ae851f167b,2025-11-01,Violence and sexual offences,-0.085228,51.51119,20,1
f4bea5050b6893c6601b333700e1d9c4998c1e43b20df615214f99c240d393ef,2025-11-01,Violence and sexual offences,-0.081973,51.515948,45,0
15e5489aebcf50ec5b77fdbf43d50b1faa45f9d355ca0c4d95eb846fd479d7cd,2025-11-01,Violence and sexual offences,-0.082993,51.51636,44,1
3399909c178affe6b324650f25c400e741cbe329ba812ffd7abbefce37ce8695,2025-11-01,Violence and sexual offences,-0.0836,51.509797,8,0
5e2d90cf1440d25f8e58e1d053acc95daea62ca443f4e26b32e22081cab8075b,2025-11-01,Violence and sexual offences,-0.083977,51.510441,20,1
cc37980d71bfa8960abe6db348ade935e4c071de4c32eb01e8b83b5d13228c3e,2025-11-01,Violence and sexual offences,-0.081902,51.517296,57,1
b3ee7fff57b554a36e16c1500e1ca3520fe3cad514b7a6bab76db5fc2f33dbca,2025-11-01,Violence and sexual offences,-0.081113,51.516869,57,1
7cdc656cd06061cb482f2bcc7350ec43074ba01aedba0db97f0799d3b0cea97e,2025-11-01,Violence and sexual offences,-0.095924,51.513882,29,1
b0034f6313203c737cdfcbbd77e5665ecd03e0992e05c290ac654bc2a6bb3071,2025-11-01,Violence and sexual offences,-0.078477,51.509965,9,0
24a8ac65e99cc04fbfe688bcd59f734a3664270bb730e91b1a66b8b035752c80,2025-11-01,Violence and sexual offences,-0.081113,51.516869,57,1
31aed958088a5c00b2440fbd004c6d3f96fd627c8e378685171d5b8f25e30074,2025-11-01,Violence and sexual offences,-0.079883,51.517326,57,1
e5accafedb110fb2b6a4d2d145228f5e2b953242614cc437d37acb849e46a1e4,2025-11-01,Violence and sexual offences,-0.091947,51.513188,30,1
a84349ed60e2eeda50ed7f10679151482050402ee974295f724c4a234ec74753,2025-11-01,Violence and sexual offences,-0.087157,51.512624,31,0
13cb004dd5df129fd6926bacaab247463fc8a5ed5c144a0e6bdec7580a07ff67,2025-11-01,Violence and sexual offences,-0.0949,51.513209,29,1
7f8012d688872ef870de84c732801ee59c4d7fa3935abfa9fb6eaa09d0e1b02e,2025-11-01,Violence and sexual offences,-0.079138,51.508312,9,0
9544a4e9b46a718e8aa6f5db70ca618b1e1678a817f4e49985d05eeb566d9d4b,2025-11-01,Violence and sexual offences,-0.081113,51.516869,57,1
86a2ede5825edd56369b0ec53d5b414bb23c4d57c6abc9a68b00436b9e3b4297,2025-11-01,Violence and sexual offences,-0.078755,51.51844,57,1
9a9bb7a456f75888da211cc73efe9a534fd360367661a6433b77b39ec2425c39,2025-11-01,Violence and sexual offences,-0.081113,51.516869,57,1
f6d9bd8c49b1be655be6f8282265c62fcb9767cbbd408903b76e99efdb172786,2025-11-01,Violence and sexual offences,-0.092531,51.512658,30,1
92714b4f27ae026a1dca7a618c3146e976d2b38236730d58c1634e1a4e798850,2025-11-01,Violence and sexual offences,-0.079883,51.517326,57,1
6bb6c585ffb749f4610b875e6ec9005d708b74f59ec708bb666382ac7081fa20,2025-11-01,Violence and sexual offences,-0.085089,51.512105,20,1
75f476a5bd27a298dfcfb20e76a01dc5977de10b5b417112e59344d58c6afd23,2025-11-01,Violence and sexual offences,-0.080769,51.520236,69,0
84b8cef6ccd4b378f9a4681118016ce9872d6bced932e3cf32f122985f780741,2025-11-01,Violence and sexual offences,-0.078937,51.514109,33,0
442a05e22ef24eb89b41399f17d22914a010b73a4b46650699917ad9629fb669,2025-11-01,Violence and sexual offences,-0.087157,51.512624,31,0
5d54b1f9caa52d1197a088bb4a054daf3b2bb7c5bbb1a985a9c1a352ca5ee3ca,2025-11-01,Violence and sexual offences,-0.083977,51.510441,20,1
d9e6c57f16829609e8d6012a59ba16435aaad3edfbcfd4a7f0d607653441564a,2025-11-01,Violence and sexual offences,-0.079907,51.517785,57,1
5e8c91c8c819b46c57154e96c99e6be135aa66aefb6ec7d8ca537739d01e6b25,2025-11-01,Violence and sexual offences,-0.081113,51.516869,57,1
f4f3640a78b152ec34e3367ea9204130db3348dbdc81111cc43b6e247c3da3c5,2025-11-01,Violence and sexual offences,-0.092531,51.512658,30,1
ddc7be8daec45fc16c4875ebfc2b289d8887534b99233e04352c99b1ee81d97f,2025-11-01,Violence and sexual offences,-0.086019,51.513631,31,0
8a439cef457c533200442837ca6506fc4131adcb2d4958e18713a1bc1680279a,2025-11-01,Violence and sexual offences,-0.088785,51.517102,55,1
ecddcb70c7bb6c40577c89f1c4206e1bbdc1025d4d7cdf99fa9fd654cfb048ac,2025-11-01,Violence and sexual offences,-0.081113,51.516869,57,1
23fa89c7e215954253b1e92ceadee0bcdc2139e8dabcbee0aaee778ab1d1cc20,2025-11-01,Violence and sexual offences,-0.084836,51.511939,20,1
ee66667bc14ce17ec552ae7c075d1a57ee79066c8f30a4af195c1b215069c304,2025-11-01,Violence and sexual offences,-0.081113,51.516869,57,1
c0c7f24e14fd4dcab7a785743cb4ac28c6b5ac258820997f73913fa157e71bfc,2025-11-01,Violence and sexual offences,-0.09583,51.510967,17,0
6ac047f1404e31bd380185f3140b56d071d11be148dc8b8dbd1513106f038313,2025-11-01,Violence and sexual offences,-0.079907,51.517785,57,1
e62d825d6106f7544694babfdfb3a396acb63a8b3b6c021a1647d9a11e95f39e,2025-11-01,Violence and sexual offences,-0.085228,51.51119,20,1
98052cfa227dfcbc3160bc6022a268b3729559c38079731b4f81a81b66126237,2025-11-01,Violence and sexual offences,-0.089822,51.516103,42,0
1fc30b4b14afd6e9ea8fd17ec32a90d295a79c83940025ed5ce363013fb77b30,2025-11-01,Violence and sexual offences,-0.09583,51.510967,17,0
91f9dfe39d87b12339d7526770775989b683258f4e1437ec8a762971455cccf3,2025-11-01,Violence and sexual offences,-0.080769,51.520236,69,0
1e75857ea08fcf12ea171ab6c4190ea8714120c5e583417f9120155f7218d80a,2025-11-01,Violence and sexual offences,-0.081113,51.516869,57,1
c26b53579bdd4239810dfd962496e2625ec80bee5db192da5439564d447f8ab2,2025-11-01,Violence and sexual offences,-0.081113,51.516869,57,1
d80d15be5d1ab0cad0d90c4185d4f5dcd1b295adc0276967d9041fef1e825dda,2025-11-01,Violence and sexual offences,-0.095924,51.513882,29,1
556fefa4e9b9c5353cbb4c622b95a81c330bc36b5d08c6aad8e31ad9d13a4ff4,2025-11-01,Violence and sexual offences,-0.083349,51.51483,44,1
ff0eaa8473c61a36bef6b061badb6148297f608472502e447be28be83ce02f8f,2025-11-01,Violence and sexual offences,-0.082993,51.51636,44,1
2c307d0abfe0c56f5e2e3d746aa452941b432d780ee89de8639559689213b7a5,2025-11-01,Violence and sexual offences,-0.086019,51.513631,31,0
09d68001bbd4193b5e18862f17a55c5cd6e4186dbc48c49aaa5be30a8731db93,2025-11-01,Violence and sexual offences,-0.095924,51.513882,29,1
fc246da3c9e72cb6a0583bba638987d5ed73da46f6d45e8f3a3000c1d8a0618c,2025-11-01,Violence and sexual offences,-0.084754,51.512882,32,1
ae864911f43ec6ba1c5e15173e962c8114a2e2cb7edba4b7f7749a8b66a58214,2025-11-01,Violence and sexual offences,-0.079907,51.517785,57,1
3c0ba36738f9d3aab78837fca23bafb7042cde58cd2048d4444118106f9e4d8b,2025-11-01,Violence and sexual offences,-0.101906,51.511794,15,0
321a6c5b190082f723391c24e0a7a412e0bb2a2530933ddc6b29a307ada62320,2025-11-01,Violence and sexual offences,-0.079907,51.517785,57,1
6bd01e165a679dd19ca7299f6f74c75d2c93690792fba2777e1d9c584039ea1b,2025-11-01,Violence and sexual offences,-0.102134,51.513929,27,1
c7db1a74ae6cbfe7b483f7798b9c2605c75fb4e33d87f84a773072af42bde6c7,2025-11-01,Violence and sexual offences,-0.081113,51.516869,57,1
25d46c9792b36ab0e374de6b918ca0cabff925cfbeea294729ae4cf5e31360ec,2025-11-01,Violence and sexual offences,-0.082993,51.51636,44,1
0f1436fe731be25110a39ef8b64861cb28388d462f061eb8d4d4bd752e924100,2025-11-01,Violence and sexual offences,-0.100201,51.513286,27,1
04f2b486b9844a9ec4e38b4a7c24a34000feeb1765a302f40875ecebca41a5fe,2025-11-01,Violence and sexual offences,-0.081113,51.516869,57,1
77a190810cff5c74afa12ccab955835eab97fca80f2dafecd1151701a9820d63,2025-11-01,Violence and sexual offences,-0.083349,51.51483,44,1
54acdbcd54df4b6fc8e24412646726791448d76ce2ea69d4e5396ce554b14863,2025-11-01,Violence and sexual offences,-0.082993,51.51636,44,1
0b5332d9ef7043ea83969c8daca72c5788461724b5970601239002ba1c983862,2025-11-01,Violence and sexual offences,-0.092531,51.512658,30,1
6f29b41747fcfb62029664af14ff695c290e9ab2a7deb2016bc8283d15ea48ab,2025-11-01,Violence and sexual offences,-0.102134,51.513929,27,1
04194c4385f3921e39ab1b86897fda7fda4bfd0d7c620484db66ef02f514663c,2025-11-01,Violence and sexual offences,-0.077959,51.511332,22,1
713d8ccae790e698cffc94c339ef5526147c8f9830657eabfaab91954d284836,2025-11-01,Violence and sexual offences,-0.0836,51.509797,8,0
799af729e7c30a4cae3308c03b36025a132cf8eb83163ece3aeec1193a84dd5b,2025-11-01,Violence and sexual offences,-0.092531,51.512658,30,1
b919e9d8dd6aa0a106d2c373423b0a96170bcef873a6698bda5c733c6282532c,2025-11-01,Violence and sexual offences,-0.085228,51.51119,20,1
f477c7ef79822d9c6ee1f7b931696471184c0b8acf1da2ec7248b3861fdb76e9,2025-11-01,Violence and sexual offences,-0.077959,51.511332,22,1
599a5590462e9725f839d375d39887717a48309acd155c415e86baf6482d024f,2025-11-01,Violence and sexual offences,-0.081512,51.518692,57,1
81378c1e9448e8f76dc6f3addfb289615b16f5d4a016629c73fca591e0e52e6c,2025-11-01,Violence and sexual offences,-0.081113,51.516869,57,1
470bc851facff0fcd9359cdae4092a9fcd662663dbf41d425f6252eac31d512c,2025-11-01,Violence and sexual offences,-0.084559,51.510316,20,1
45028b98b77a971e467ee4f3013b69c1a3bfcee9bedf16c457e1a39edb6d8777,2025-11-01,Violence and sexual offences,-0.084844,51.510725,20,1
c6c9b232ad272364d9917aa3a8bba5b047872d1059d796909213712f0b878637,2025-11-01,Violence and sexual offences,-0.092531,51.512658,30,1
2a6ef15c24367bce98651981cd7668517007ef4c83bd281e3ee5a918666c2bda,2025-11-01,Violence and sexual offences,-0.0949,51.513209,29,1
8cd0560c7121068236bd48a4c6fa6413c4183673c79e2ac1198bf715ee7bdb69,2025-11-01,Violence and sexual offences,-0.085228,51.51119,20,1
55524be2c90e3aac977dafd52084cdb25a596027e223dcb994d8c431bfb99536,2025-11-01,Violence and sexual offences,-0.082993,51.51636,44,1
1784682273309baf5b93370e9103d290466c5f1fab140289f06f8ee04ebefec8,2025-11-01,Violence and sexual offences,-0.081113,51.516869,57,1
2469a98ec7b28e1615627e94c884ac579bb709ab4fd52f143a7869dc865ecda5,2025-11-01,Violence and sexual offences,-0.085228,51.51119,20,1
44135fecc46c4ddc7fffd7bffecc95b7c7c656201bddd94fa60d36651e735ae4,2025-11-01,Violence and sexual offences,-0.084559,51.510316,20,1
378908180d4159ab790a69cbb2078b29376b464ad3e38bb706bbc30ede8f134e,2025-11-01,Violence and sexual offences,-0.083977,51.510441,20,1
623e5541f314e564a37486e190f11de858b554cbea67cd6dbd8975a38ddb7623,2025-11-01,Other crime,-0.101292,51.51477,39,0
96a919fdaf637064fad5e838cbbe65cb2c65d36cee558d11bc6e0a60db9242fe,2025-11-01,Other crime,-0.081113,51.516869,57,1
3a5ff5828bb93d56df130d7eddf27d74e34362994fbe0bb937e424fef243d772,2025-11-01,Other crime,-0.083977,51.510441,20,1
14a915aac634f3c1fccb2f44daec58c93e1670bc9940257303446a61f6f71704,2025-11-01,Other crime,-0.081113,51.516869,57,1
43e9be7a477a4533212d06bb03613df9b190ca5d69c093b50e53eae5ae335002,2025-11-01,Other crime,-0.09154,51.511896,18,0
,2025-11-01,Anti-social behaviour,-0.106076,51.517239,50,0
,2025-11-01,Anti-social behaviour,-0.10349,51.513897,27,1
9bc9384c2820d3a9478fbb649e5977f9b8c9a2b1ebe59befc04d9c610b318ee0,2025-11-01,Bicycle theft,-0.105131,51.513941,26,0
8ee82a4c63d1b4bb4dfea15408bf08d48cb629025c56caeef709cf569b1014aa,2025-11-01,Burglary,-0.105131,51.513941,26,0
bfa872379b6d9e926f6a220501e84bf0a2c641f9edc6bca257c8246a7dec97bc,2025-11-01,Burglary,-0.101621,51.516906,51,0
916b777377eb876b4a16beb19bef89d68b1855ce7d17efdad6c812f439aea168,2025-11-01,Burglary,-0.110474,51.517193,49,0
1313a024fd589fb4220cc871265c59231055699be4ab05e10d1eb4a76b1efaae,2025-11-01,Burglary,-0.102726,51.513911,27,1
ae5596298e7088b611e74f921d5986e711fc8393ce211226bb1639b0e2a7144c,2025-11-01,Burglary,-0.103896,51.518346,50,0
2e15c7390b64363f613cd5b6b7931188c1569040781ba17feb51f483be3cdec4,2025-11-01,Criminal damage and arson,-0.110474,51.517193,49,0
6901a559460668176bbe99c9442bd746176c57bfc746a6dd7b715dd89ad53d6c,2025-11-01,Criminal damage and arson,-0.10498,51.512033,14,0
e9a4ebcd543bf0ebb142c18f50645e1fa84f1adc1c5edcf812d9f31bdad0c81a,2025-11-01,Criminal damage and arson,-0.107997,51.513313,25,0
9cfacc55fe8a4cee9f66495f4aa348f725f26c49f56813aaec0266b7c2d38c2d,2025-11-01,Drugs,-0.103393,51.517978,51,0
97813da9e398d7c87bc2e45b32a6601100c315c890dfcbaeffa862ca32d3b187,2025-11-01,Drugs,-0.108027,51.511884,13,0
b3a4718b4304ea8cd51e202c91793e3280c6e357870d8e0bcbdbd7b256e39637,2025-11-01,Drugs,-0.106076,51.517239,50,0
a2d9ba968eab547eb798bbc3964fdc0e1336eb400398e4ddbc3755485d56ad09,2025-11-01,Drugs,-0.11069,51.517916,49,0
3f20edd8588ac0afff99369be393404d5eecf143805f7aca7b46c91ff1b6c89f,2025-11-01,Drugs,-0.10845,51.514202,25,0
6c728e614ceedfaa5678eae6d0e0e30856e493fd53ad0d2c9b5c1d1a41e1c322,2025-11-01,Other theft,-0.10498,51.512033,14,0
ae791b629a21660f7770a75c0e56e39a87e30ebc9a215469638395107ee4b77e,2025-11-01,Other theft,-0.099803,51.519026,52,0
1b27020c7383279e8cc02a31543f9938c896bd44726a523082d6c0c1b3b1c87d,2025-11-01,Other theft,-0.109164,51.517846,49,0
b101ced5201c739813f16b84dab41895a8076eea145910ab68a1ec552aed732e,2025-11-01,Other theft,-0.101359,51.5187,51,0
d825df7054aeb72f9a18ab62c5373cf4a1d736266d7b9929bc80a3f3578ef80a,2025-11-01,Other theft,-0.105909,51.513262,26,0
3a3db18c44eb3f3a898e840d6201f700557f1fba6b304dcbc0e6e7f973ba68c1,2025-11-01,Other theft,-0.098017,51.519689,64,0
090e6acc6b3d6a2c2d8686a604f9634364ad5719eaed58253b6e2f809259bf35,2025-11-01,Other theft,-0.106076,51.517239,50,0
ecdd0e66369b01ec713ac69da702838c9e31ee55bb73d2f7c01aafc349ddfddf,2025-11-01,Other theft,-0.106076,51.517239,50,0
b29e5f60d1a1dc9d8ea075d6f27fdfe90c366a152817b46562d848e594d3b023,2025-11-01,Other theft,-0.10498,51.512033,14,0
b3f6d42a7da37bfe6624a2285eab429d4a956673b80710f93e5c09fb015c620d,2025-11-01,Other theft,-0.106076,51.517239,50,0
d676056ad920667956da3c45716b4de0feb6ddff185edf54e06aab91eeeca52d,2025-11-01,Other theft,-0.102812,51.517051,51,0
07e2d3fd51dfadfbb9cc376a84be7976cc7da32b661aceb00718e9fbb5b6397d,2025-11-01,Other theft,-0.106076,51.517239,50,0
64825c7908630fb346951b7388d4ac6f885c7508ad88b4ce0dafc61d6067f25d,2025-11-01,Other theft,-0.107443,51.515534,37,0
5d013744c994549ecf532ba747856a41669045019919a2eecc1b271a35c51c49,2025-11-01,Other theft,-0.102812,51.517051,51,0
c05a2f02c4b5ecd1d804a9356b1f722046ec0ed0aec09556b32a7e2b77bbced2,2025-11-01,Other theft,-0.10349,51.513897,27,1
49d5ca11a91fc007cb7f62860fcf14669f3f6df439e747310d2b3333ef89872d,2025-11-01,Other theft,-0.102812,51.517051,51,0
30423d81ce997ba5d6c05f1ffa153e1023d89b48dd9a7c8e4b2185499bd3c528,2025-11-01,Other theft,-0.105131,51.513941,26,0
c41fe413ade9c9427e4a8d7c8e5256e80e4ea2ffda1067f0ef3305fde2fedd00,2025-11-01,Other theft,-0.107201,51.514092,26,0
59e00ff849887ceac5bba14035a27665b0e47350a02739d638529bcca8cdbb38,2025-11-01,Other theft,-0.102812,51.517051,51,0
ea030f2036aafaa9b0f6944ca6664c5aefec4049732095f2f7ac3c57e636482a,2025-11-01,Other theft,-0.102812,51.517051,51,0
4a8adfbafba9d96999028c1b90f3dcd8f528cbdb02b1b11797846102e0adc11e,2025-11-01,Other theft,-0.106076,51.517239,50,0
b16f2102abb619e76b1c3265b98fb6c44bb25c50c08ad44d40a56ff01b0bbe07,2025-11-01,Other theft,-0.099301,51.519674,64,0
2df707f9cfaffd40f005da0b167f1cc18aa9ef5ebc4294408c1fde847dddfbff,2025-11-01,Other theft,-0.10498,51.512033,14,0
db17f5d76681f1edd5ad6da2017e5816bed5acc5676b74030397f6485061fbc0,2025-11-01,Other theft,-0.112953,51.518231,48,0
05fb3d9c071532c6a11f4972d3c1ab807f79a6e2f1b54d4ff646723566a302d2,2025-11-01,Possession of weapons,-0.106076,51.517239,50,0
b6dacf66ad381af6feefc70e012f9f3d52cc4827c2fc6d93ebf291af9e4a81ad,2025-11-01,Public order,-0.105131,51.513941,26,0
2f345fbfabd4f0bfa3eea61c29e356e443043c2e97ca91de8d54bd114686984f,2025-11-01,Public order,-0.108027,51.511884,13,0
192deb437816862f61e44067262a869824f246cc5f7b62d1ee876ece5d442ce4,2025-11-01,Public order,-0.108069,51.515041,37,0
103e7eaff7e2049cd975e0d351aebdc0581db3dd4c4d1399857bd5b13028f7a1,2025-11-01,Public order,-0.10498,51.512033,14,0
d59c87f25376d4303f1bef57a38d778278705146c15622e854ebc9d390965f03,2025-11-01,Public order,-0.109387,51.513839,25,0
06546c7d108b05c1d410e5dc1538034236d8bcb499ed43193ec42a3ff58adf65,2025-11-01,Public order,-0.101359,51.5187,51,0
0b80142643cb4c7c90174b92aa319cf68ec4f9b261b18095d83c98ef7778e526,2025-11-01,Public order,-0.109164,51.517846,49,0
4b0d68b82e9c9d673f43f1db38978071fb9781db21182680f5a9dc63fa58e771,2025-11-01,Public order,-0.101359,51.5187,51,0
9a33650c21222c90b5ef461743e82d6b132355badbf1fac6b6540667c3f1beb5,2025-11-01,Public order,-0.101621,51.516906,51,0
a4cfa2b0c58c58b4cfd37594df1585b307cfca1f2bfb412ff59282467f26410b,2025-11-01,Robbery,-0.112953,51.518231,48,0
7df3e142e541f6a65ccca0c35179b258f1ea710a841a2f007076563741e729bf,2025-11-01,Robbery,-0.112953,51.518231,48,0
9e132a4a68ea8fd607878e1f3024e50da6b73dcf31375df4c6cc4b336fbd23e7,2025-11-01,Shoplifting,-0.112953,51.518231,48,0
1833d39c45ee63f27b1319be9d52b437af6adaa66b43c604f869b7a42e3c89ea,2025-11-01,Shoplifting,-0.102726,51.513911,27,1
bc9c8affb73dd27774ca43a1710e15f8a0ddd2677ab54e0a8400feee566a885d,2025-11-01,Shoplifting,-0.112953,51.518231,48,0
5b43838b52f78695405b85a948b92fc8cd864d4991a1ec8d27e295f575cfa5a4,2025-11-01,Shoplifting,-0.102726,51.513911,27,1
334fdad2c6d78e0b8ddcc9d0330c403839190a03867024bbb4cbc8ff66534fb7,2025-11-01,Shoplifting,-0.112953,51.518231,48,0
f7d320e30d0ae5b4803e9a62ea650b8aaaf45df170b9a2031129332a93ede394,2025-11-01,Shoplifting,-0.112953,51.518231,48,0
74442d59a516f0ca96abed61032c1c658abab07c1ebefeb25df1f7e5b49fb6c1,2025-11-01,Shoplifting,-0.10498,51.512033,14,0
eb197c88e7bb30dd8e6c36220c2fe320cefb7b079b2460524a9865f90eae154c,2025-11-01,Theft from the person,-0.106076,51.517239,50,0
1505f92181903d5b8739e467dbf734bf71d64e21de7d17b95cfbf4a2f0904bc1,2025-11-01,Theft from the person,-0.10498,51.512033,14,0
1efe7a7b99aa5b8a2b8bdbd79eeb8cf0818306cd0af4195a40ad1f723d656f4e,2025-11-01,Theft from the person,-0.108027,51.511884,13,0
aded1c4e4d95b1557b0714d5cbb6a50bcf6e8abaacef18684d1199d8803228a2,2025-11-01,Theft from the person,-0.108027,51.511884,13,0
66b8f625f4eb88095a201a1378b628b5b7c9d7fe0d21d3e7542ab04137bb0996,2025-11-01,Theft from the person,-0.099803,51.519026,52,0
7ea89c3708ce9027e1c7d1615e3017466f27d004689fa2bfb5b446504e78dbe6,2025-11-01,Theft from the person,-0.10498,51.512033,14,0
129dc53ba1b19509776617067775a6e1edbc2351436906f5d06873cebfc0fd3e,2025-11-01,Theft from the person,-0.108027,51.511884,13,0
856dc59c5ec2064de22d7c03225e6571a914b492ac7e85714f266e1638a97ca1,2025-11-01,Theft from the person,-0.10845,51.514202,25,0
35d0ba1361d607a042bf6f659b44960c1b30fa123c5ed7e0368c575c36a26d20,2025-11-01,Vehicle crime,-0.101621,51.516906,51,0
b11fbe1ab64f5d7e5cf1e60d7c1d0fb27559dd5fdca5a1f86a161a3bca9834e8,2025-11-01,Vehicle crime,-0.101359,51.5187,51,0
8c81cc9035e485035233c19ba11361f0469dceb629759a3eca868f4eb1a9d519,2025-11-01,Violence and sexual offences,-0.105131,51.513941,26,0
d3059351bc4c0cc0b3c6e4914375b2dea64557634c07bddf609d6abcb653afb5,2025-11-01,Violence and sexual offences,-0.10498,51.512033,14,0
248eea16c8a607e00fbd139a99bfaf1ff683d9c14425d97371f11f75a2244962,2025-11-01,Violence and sexual offences,-0.109387,51.513839,25,0
1d117a1ec1692ddb5a160024a9547424d5495dbcd78dd426db5557a84edcf689,2025-11-01,Violence and sexual offences,-0.10845,51.514202,25,0
8953861be4d60ae3ffea3b166dd7b66805d02470f62a5135aff4c90b6bdf94fd,2025-11-01,Violence and sexual offences,-0.106076,51.517239,50,0
fa98e426ec54cf48e8fe206ccd79522dd24f6f6be0bda0a7cab4ac6e935f2c6d,2025-11-01,Violence and sexual offences,-0.101621,51.516906,51,0
9dad25ac67f1c28eb82688d7359b5e3b398cd044980bab7203725a58c77a192d,2025-11-01,Violence and sexual offences,-0.098017,51.519689,64,0
5db54a49168afc3afeba2a810f078ac0e30a49542c5e16193d4dd8c472cdd474,2025-11-01,Violence and sexual offences,-0.10845,51.514202,25,0
97ab299860136d33b58bb4087d4442aded4d46ffa5d412325367db8151ec70f6,2025-12-01,Bicycle theft,-0.098519,51.517332,52,0
7c1f268635d058d6a5daf32e0aeea9454085136c6edaf7b16de5c79c8c5e3045,2025-12-01,Bicycle theft,-0.098519,51.517332,52,0
453d00e4d3995f71e0261865d209d0e0f1bc1374bf76d34c7552f3d0ecebf648,2025-12-01,Bicycle theft,-0.097245,51.515387,40,1
3df0eadd4b84653ab1843eeb87c3eb22e0da2c1424d220d1cbfeac25d7350cc4,2025-12-01,Bicycle theft,-0.097078,51.519045,64,0
7be6162d3e2f117bcb809a7269439d9e6276f236f073e7a791cc72d93f12adf0,2025-12-01,Criminal damage and arson,-0.097103,51.518461,52,0
c6a9ec33f1f6ce2e3c3ba7040c268fe2835cceaffea48282d0ea9feea239d6b7,2025-12-01,Drugs,-0.097103,51.518461,52,0
988b381ef974b2452e589e1cb849d1d43975905fa944ee36073e85cbc39b38b3,2025-12-01,Drugs,-0.097078,51.519045,64,0
bbcb6cfb7815079eb1ddf3f21ec524b1e317383f943f8e42428f2382252d43b0,2025-12-01,Other theft,-0.098519,51.517332,52,0
64920eee3222fe77748c91e55c060ae3d3dabea09152c75ffc64c04129ab4da5,2025-12-01,Other theft,-0.098519,51.517332,52,0
6c3d70a29630479f0d76f9f916133444a088ae386200e5f203aea091ff23c834,2025-12-01,Other theft,-0.098519,51.517332,52,0
f980d2211761106cb7051bb10196c55f3b5f7b26e7d6676d49b78fdb58f29b8f,2025-12-01,Robbery,-0.097078,51.519045,64,0
bc41a044a25f99c613c8a74c90f4199ab11291d9205874c17b22698abfe7f4ce,2025-12-01,Theft from the person,-0.098519,51.517332,52,0
1d72f274603185b9bacf13dd0ff2ba0c8cf8866cfe414c3b0120f7758d408389,2025-12-01,Theft from the person,-0.098519,51.517332,52,0
5ee8fcfb3d105824ff15cc17db29795a3825d1c0a1432ac3c8f1e1c520c115fe,2025-12-01,Theft from the person,-0.09729,51.521575,76,0
b83d054b2f48e78a3efcd5dc6d5916f189c462c60cd3dece84b62ad8c3a8bcbb,2025-12-01,Vehicle crime,-0.097103,51.518461,52,0
8f497fd25c88b00a07d9084bf6bbb5872f4a78e578c43b07ca82cdfb5cdf5364,2025-12-01,Vehicle crime,-0.097103,51.518461,52,0
9ff5e473dafedee1bbac2b2b70304b2390525c1b5067b3c13f677293af23ee6a,2025-12-01,Bicycle theft,-0.09413,51.519961,65,0
1d29607a4cd3ec6dafa0b4d44dd2254b539e78668b7f319a0f76121bf603151b,2025-12-01,Bicycle theft,-0.092488,51.520598,66,0
c9e94981c5596234f99da6ee2ef95bf08ee9f31ab4e79b9092ea34f24dab6900,2025-12-01,Bicycle theft,-0.09413,51.519961,65,0
150051b47dc4e3868a93317cd971c6d132b6843e9b29f1f77a0e623965990c1d,2025-12-01,Bicycle theft,-0.09413,51.519961,65,0
fa58984c70beca49cf268f98732acd4a289bbb0e8f4ab563fb66850c2946da9c,2025-12-01,Bicycle theft,-0.093969,51.5193,65,0
1695af78208e188fa0a38bb9e3c175f3eba0c4b6e4f8c9cd21bbed319d87d3f8,2025-12-01,Bicycle theft,-0.092488,51.520598,66,0
b7e46900dc3e8825c28b8ce3d56783772d9532058a0752979f526fe64b8f4135,2025-12-01,Burglary,-0.092971,51.516271,41,0
4a9ef9d068d2868f1fb89fb7820f44fa5ece82a45d9b5e42c626be1845748001,2025-12-01,Criminal damage and arson,-0.09413,51.519961,65,0
1fd65492a1da223906d6693a54236e526d0668980261aaa130d02550c4a0d040,2025-12-01,Drugs,-0.092971,51.516271,41,0
57ba441d6e97cfcf9f4666cbb6035f9e0f8175e5ddfc1197d872e1348a76a2bd,2025-12-01,Drugs,-0.093271,51.518066,53,0
9776130736ee102eef47b3ef9fb4d8f4a8fd8627bb3de0afdee78d95b2976740,2025-12-01,Other theft,-0.095704,51.516747,41,0
11066300f7fa5e9861ea7b9026b6353aa6db47fc4c31e5cf922fbf325132c387,2025-12-01,Other theft,-0.091495,51.518145,54,0
863585d354553f2292d0c8ff964316cfa96f13875463b5401c4a535f6f3453bc,2025-12-01,Other theft,-0.095704,51.516747,41,0
827f77f4f77189fa4825abf9574250312638428d3268fbde89dbe08550c75cb4,2025-12-01,Public order,-0.092374,51.519517,66,0
e89e817c914595ee96218f9fce2b2462b3e4bd0273bdb88b785c03f85e82402d,2025-12-01,Robbery,-0.090553,51.518948,54,0
261a8737fe0101a807de42f33e7aa17a4a9b459d9efde0f46fa5cb6f20a9e4a0,2025-12-01,Robbery,-0.090553,51.518948,54,0
14356a06f824524ee3377ac961ec31abfee7cfe65ac80b5b337297fc196a8740,2025-12-01,Shoplifting,-0.090553,51.518948,54,0
9c91f6e85a4f19f9f1df33dc3a7feebb71f5dca833a5ef4d8843936e05c4317c,2025-12-01,Shoplifting,-0.090553,51.518948,54,0
c07f4991f288eb6fdfb262a8d9bcaf376c7d24e315d48141374d95a63b8b5eb2,2025-12-01,Shoplifting,-0.090553,51.518948,54,0
9c1de798da8cb0b9f5551c10dc32807b81fccd90f715a201965afac3fea4b971,2025-12-01,Shoplifting,-0.090553,51.518948,54,0
4cb119a2f339d1bdb2e154dbad1db31d608b7f7e1748bd266a14af28b2d35b21,2025-12-01,Shoplifting,-0.090553,51.518948,54,0
fda1805ed061b3ccc76b4751c62d1828fc0c9436a2d087bda35d0f9eecb8fb8e,2025-12-01,Shoplifting,-0.090553,51.518948,54,0
50a09f3cd4adc04dfcf84a80bd6b0bd295966229372e71258e797a90b920466c,2025-12-01,Shoplifting,-0.090553,51.518948,54,0
99894cffc66d59d9f48bbc4873c5b9151f4d6090b964af3384e2ea215574262c,2025-12-01,Shoplifting,-0.090553,51.518948,54,0
519be71c45e5435861b33660e0c38ed09822c3d6453984460081e3170f4cd82d,2025-12-01,Shoplifting,-0.090553,51.518948,54,0
e5846b5040e720b95a237bfad4a6f50a3ade558255a295140a9932530c327180,2025-12-01,Shoplifting,-0.090553,51.518948,54,0
c60ff2b866710e1abab3752ae460dd3e51a723f1457bb95676e2b5430ab787f7,2025-12-01,Shoplifting,-0.090553,51.518948,54,0
c460c4eadcf0c5fee1974233d17f8336f3f221aecee270f8043d721f897ffe4d,2025-12-01,Shoplifting,-0.090553,51.518948,54,0
ec020a43fd1f5fdb0c0e22d9fba940ed08b7e8405ec72b4956917437270ef92b,2025-12-01,Shoplifting,-0.090553,51.518948,54,0
6253fd0af558c1d1c9bb4cc7b7687efac476bfa3a55c66838bc9d532478be5ce,2025-12-01,Theft from the person,-0.090105,51.520001,66,0
bbc350bce1c435e12abf0159720d18c37deea0b8e177e1e379fa28731f6e8fd5,2025-12-01,Theft from the person,-0.092971,51.516271,41,0
cd0003c67678ce2cc2fbc7d25879d7fd7352362e027a9f36230cf6dc364f1c12,2025-12-01,Violence and sexual offences,-0.090105,51.520001,66,0
f9e8d1df1ef152253e07ab0f366a5d8896c98f7a33c647a037b6e25c225c1f87,2025-12-01,Violence and sexual offences,-0.093271,51.518066,53,0
6a51b12789b6c4eb010e0a4078c906af11457174b3c026e64944716fc2dbdcd1,2025-12-01,Violence and sexual offences,-0.092297,51.518949,54,0
800a5dd35203d0c6b08b8f9c5cf34fe4df975864069aa9a8de2dc272061417f5,2025-12-01,Violence and sexual offences,-0.092971,51.516271,41,0
,2025-12-01,Anti-social behaviour,-0.094017,51.520901,65,0
9ce71d5cf3a801dda95925b9f8f203376131a2cc9b55742b522780367d87cb54,2025-12-01,Bicycle theft,-0.096114,51.520747,65,0
8501f79e229465529c700010bb0a8cf8d46776316bbd9fff4c7cda37f490440f,2025-12-01,Burglary,-0.096984,51.522426,76,0
70a762e476596b6ad94b23c378d075af595d82f4df4e542e91be11617b23bba4,2025-12-01,Burglary,-0.095648,51.521198,65,0
13d4baa636261d6c3c5fcd502ff72817bf0a4637d102a2061203cc7c1cebd9d3,2025-12-01,Drugs,-0.095758,51.521667,77,0
ac386e7ea3338bc512d5ed2601df4adf3686965195c85a30b923f2669cb26d12,2025-12-01,Drugs,-0.096984,51.522426,76,0
0fd2e98c79bfa44cb3caacdc3e83129c956606da38a82891dec3df84b40f6a6d,2025-12-01,Drugs,-0.095758,51.521667,77,0
edef9a16127b6c004ee9a6b4814b72031d665d4427cea3947a6b492157ecc03b,2025-12-01,Drugs,-0.095758,51.521667,77,0
8f6162cd18db8e3f01d83c0046791de316cf4cccfd16619ca7ebd8209cee8037,2025-12-01,Drugs,-0.095758,51.521667,77,0
8b95da1f8a7234c37e79227691ee48fdc9f6dd6874b3c117b134a1627702011f,2025-12-01,Drugs,-0.095758,51.521667,77,0
4b7ce4dba4096a5c7b745a65adc9175327dd2ad7423c6a8ebfb945523847534b,2025-12-01,Other theft,-0.095758,51.521667,77,0
3466defc6bb6e31565005b270b30d1e1e28cbe6cb007ad677a7e0b865d9b1aa4,2025-12-01,Violence and sexual offences,-0.096984,51.522426,76,0
6c6f7d454b698899de303f8493c48f1c3a28ebdaef2ff6bed9319e9f7a5c4873,2025-12-01,Violence and sexual offences,-0.096984,51.522426,76,0
,2025-12-01,Anti-social behaviour,-0.07508,51.512625,34,1
2c447c548ba62549ce7363fe05c4ea7297eb426a57a6e0a47f6a4e1c2a3220b9,2025-12-01,Burglary,-0.078839,51.515753,45,0
76e767402e70598c65d768200b6059256c2aefbdccd2ef4ab6a92839a4c98257,2025-12-01,Burglary,-0.075401,51.511164,22,1
69781aa5ac17ce6098d2a3526c5204287aed81946d967d519764274b862f4e02,2025-12-01,Burglary,-0.07508,51.512625,34,1
aff4d5cb3900b0f28e9518b3311eb6488206f23f3695392fea36b586e5e246f8,2025-12-01,Burglary,-0.076145,51.512642,34,1
0ca34db1a1e215b99153ec293f096e94e634e923445c8340ba6c9b6e41aa1474,2025-12-01,Burglary,-0.073456,51.513542,35,0
3cfe9e4cbc1f8daac109d1b9e925f8645205fe85be47c2acd9bcd83e44d92706,2025-12-01,Criminal damage and arson,-0.073727,51.511218,23,0
b6fe15eef7db357589c952da6ba1bbf246329c4305fb2155bc8d58bd93192219,2025-12-01,Drugs,-0.07433,51.513647,35,0
f70a1fec2298606d9ede6fab95640a8d8513ece0f6a0ceca901e0eb1ffbb85db,2025-12-01,Drugs,-0.07433,51.513647,35,0
d8708c23ebafc9c525e82d146049b8fd22bdb42f1dd8a3734e838ba9ac5d868f,2025-12-01,Drugs,-0.078883,51.515385,45,0
64d333fd50d663bb729a4a1260c92ee8d23b8ea9d2db94bf30d54c982978d3b2,2025-12-01,Other theft,-0.074925,51.514924,46,0
d17245e345a1646c69bff6ede3d8b5c396da206d6b8f7ecb4753440734b428d3,2025-12-01,Other theft,-0.075453,51.511965,22,1
da3f6490b05d73833f61ce12e4208e8cd1acfc9a0bb58c337aadc55ed1a383f4,2025-12-01,Other theft,-0.077169,51.517083,58,0
d5e9cad6e9d9be04934fb29b6244f11f53abb8a2ede39146ea6ed99e0a186be4,2025-12-01,Other theft,-0.07508,51.512625,34,1
c987b7b6e76ef5f69c16b6a87463cbcb73a8eef5593afe0b64629d4cdfcfbfe7,2025-12-01,Other theft,-0.075401,51.511164,22,1
6685447b25554825839d002472c049070d01bc0c5166f53eeca4078e7f793f7a,2025-12-01,Other theft,-0.076145,51.512642,34,1
7f25d437417866e5f2196ebd1771475b0a5183d0d686aa8029eab2857148863f,2025-12-01,Other theft,-0.074925,51.514924,46,0
5a2fd1ee8e645e5e99ed5fc3016b21bcebc7b01a2badc3d69931c6235962f1b0,2025-12-01,Other theft,-0.075401,51.511164,22,1
4ee0d2246a8eebbff5964bb2bc1b03c0b4d80f371cfccb48f6cc30e33565ac2b,2025-12-01,Public order,-0.076145,51.512642,34,1
d8c75b097a3bdfe60ca2fddaec808369ff6791722b755852a808927f86d71227,2025-12-01,Public order,-0.076145,51.512642,34,1
ed1c70bcddb20ae81cd47ddeb2b324fdc64c85f7c1eb48f6ac28c3636670ec06,2025-12-01,Public order,-0.075453,51.511965,22,1
cc9eac47adde8048a5fbfc753e8266bd0bfa0d897a8bacaec35aa7f1424703e4,2025-12-01,Public order,-0.077511,51.515812,46,0
fba006ad3c49ffdabe9501d6b19602079932882a41ebc72d6e4b6727e6ec7df0,2025-12-01,Public order,-0.076716,51.515178,46,0
0441354fd7c62ee8186ff85e2b81524d488f978e68ae027c49ac34b668a7f467,2025-12-01,Public order,-0.076145,51.512642,34,1
dca1d298c6b8b9f2dc9e5e6d575e068cce39bb30c379cb4118e495f467a13d2f,2025-12-01,Robbery,-0.073067,51.511809,23,0
b04dcf480748660f0ab57ead08e145370fdd066503d6a6e20693a31f5de53adf,2025-12-01,Shoplifting,-0.076145,51.512642,34,1
77ba887e900af9b073894b3d444cc495858f1d2ab9cefa21358679f7183c8e99,2025-12-01,Shoplifting,-0.076145,51.512642,34,1
2834d41c2e502638380a8c3d915fece92947b6d18af97054e083e9c9ce9b09a3,2025-12-01,Shoplifting,-0.076145,51.512642,34,1
189efc369dfb8536cc1a6ef02b7d58d1bfb8b95184e87efea605c3dc0ebfbf86,2025-12-01,Shoplifting,-0.076145,51.512642,34,1
994d3d2a4723cbde9d8be8d2d2488eead57f1e3aa58359b113d09524c1859ec8,2025-12-01,Shoplifting,-0.076145,51.512642,34,1
4c4e5d9111d2f271f3fb7c3e068b752e190bec917514603b96ed05cb65735c78,2025-12-01,Shoplifting,-0.076145,51.512642,34,1
18689235499907457f4aa79fb9569d3027462a9913241e3450da99468e6287d9,2025-12-01,Shoplifting,-0.075401,51.511164,22,1
5f781f317e12fa724c62fa22db5da08bcae6b45febed2577074d89234b123c86,2025-12-01,Shoplifting,-0.076145,51.512642,34,1
150b7526be7a825047036b399845c4c2038c94ee4a9085bb4f8f1d7baa71227b,2025-12-01,Shoplifting,-0.076145,51.512642,34,1
19ca13a7d0ccfe7a72dd73bc85cc632472a036e954a585d93e83ffe06144f8af,2025-12-01,Shoplifting,-0.076145,51.512642,34,1
a1b690df7eb2399564c57789c8e3a827f3ab988233dd51c3222ac1c4ec3a22c6,2025-12-01,Shoplifting,-0.076145,51.512642,34,1
1056d0955ba46a9e6d894f8aa651588ad9b06f60832412adbff8f66b2eb6ce63,2025-12-01,Shoplifting,-0.076145,51.512642,34,1
a5b9d93cc4685e29a039722ef57ba17ecaa74e910e61e516ab86517e9f3a4b0c,2025-12-01,Shoplifting,-0.076145,51.512642,34,1
39ea5e4fe179520fb630e08687c0b48ca45172741d81a77bc7f0814ae195889a,2025-12-01,Shoplifting,-0.075401,51.511164,22,1
2181add42c8ec0a07e79f6f70d91a4c098d803bbd74dedc3f57dbb13d67f8dd8,2025-12-01,Shoplifting,-0.076145,51.512642,34,1
3169610632aae55b7059d520dad5f552132d4abe5090d19a104ea605ab624c64,2025-12-01,Shoplifting,-0.076145,51.512642,34,1
a3532dd41dfd26b215541275261447e962bd2cc3eef4420b6aff004cf7aa3d48,2025-12-01,Shoplifting,-0.076145,51.512642,34,1
892fa34d44bbf17ad1b13d82bb36b871554b631df362ecf138823b3dd898229a,2025-12-01,Shoplifting,-0.076145,51.512642,34,1
6070cd91236c7daa7e4dde75f11b2990883423af062f2eb3baea6ed399560b20,2025-12-01,Shoplifting,-0.076145,51.512642,34,1
114dee6b045de5786fb41b48233a269701f36321fef6c2a031c03ff3cd1498bd,2025-12-01,Shoplifting,-0.076145,51.512642,34,1
58979365312291e1fae9e3c52b0617bcd0f7f513d522287f1358a2c9696149ba,2025-12-01,Shoplifting,-0.076145,51.512642,34,1
ea30fb873a8aca1604697feb03777a7fdd36d23ebc31a69945c903e0845d961a,2025-12-01,Shoplifting,-0.076145,51.512642,34,1
8f1f62087a342d8e328b26a0fd69458365c117970f15b12897f69800c46b8219,2025-12-01,Shoplifting,-0.076145,51.512642,34,1
a25e54b5463a12876ac8f183d0952fd04a0cc4d4aa8c8a47cc622e75df715a04,2025-12-01,Shoplifting,-0.076145,51.512642,34,1
ede70ba3b35c445477b92fe48175f4de9c14c187b3c5b4eb3bf394bf7cf46563,2025-12-01,Theft from the person,-0.073704,51.511748,23,0
027e66cdf93814d2068945b49b54344b3fb732ca3f17c63cc104b4b8ee45a79e,2025-12-01,Theft from the person,-0.075453,51.511965,22,1
7bcc0acdf89f7c94bea37d0641c25ffd7ed5ae4ce3cf1f182a7b0b496177dfc4,2025-12-01,Theft from the person,-0.078849,51.516212,45,0
a217906d62943bd58a9b341db4a32e183f719e0c13c37327ffcee8f5b20ed7d2,2025-12-01,Violence and sexual offences,-0.073727,51.511218,23,0
e1d4319762db69acba9426a14e0f90901bfc1cbd682a2b0ada3289c77e6435fc,2025-12-01,Violence and sexual offences,-0.075453,51.511965,22,1
0606557c2aa38192ad03617808db1dcc09974cd0425acc000086a975e9d9928a,2025-12-01,Violence and sexual offences,-0.07508,51.512625,34,1
cb1d432671c38fb9d25c22e6e083b84cd6c54134b1e2b705903a55e36e756f82,2025-12-01,Violence and sexual offences,-0.078849,51.516212,45,0
d328a1b1319a7d1ccf10853f48370e80847ce85b21e155fc4dd5b38c2fe429cd,2025-12-01,Violence and sexual offences,-0.074925,51.514924,46,0
0723b291d790b898fab562f4581bd31c31ad05f3f6004eba46bc0d66423cd00d,2025-12-01,Violence and sexual offences,-0.075453,51.511965,22,1
1c8a9b3244e51d7126d4711f9620ab5a0547dc6bdf5834a4dc4c276a2661bcab,2025-12-01,Violence and sexual offences,-0.076425,51.516271,46,0
d5c00da3451b86b73d072fea67d364717234f4a520ec16027151ff88ffb392a0,2025-12-01,Violence and sexual offences,-0.075401,51.511164,22,1
,2025-12-01,Anti-social behaviour,-0.079521,51.511196,21,0
,2025-12-01,Anti-social behaviour,-0.087157,51.512624,31,0
,2025-12-01,Anti-social behaviour,-0.079883,51.517326,57,1
2e96de0143fd6fe5828fe802019a4f61365b05e72450c1733268b31789a39654,2025-12-01,Bicycle theft,-0.084844,51.5097,8,0
e53db6ae1afcad16c1dffc39432a4e17d702ef948ef8664cb45704df801a3c28,2025-12-01,Bicycle theft,-0.079907,51.517785,57,1
e099baf4e214f20e1669eb5bf2d92b30b0776f10ea22726667b4aab015861c79,2025-12-01,Bicycle theft,-0.079521,51.511196,21,0
fff53feaca3096aacd27068a7f263d4fb253230e12ffec4aee2b141947dee207,2025-12-01,Bicycle theft,-0.082133,51.515222,44,1
54088684f2fde2802380f62aa67f72b4646edd75114a075931d4c89f4d1510c1,2025-12-01,Bicycle theft,-0.078424,51.518093,57,1
147fe7a83dd31c8a59215cd797dfaea53405db525bf224037db3e081c50b2fe4,2025-12-01,Bicycle theft,-0.079127,51.509607,9,0
c9517bc3b62556ce8459c49eddbad442abf22302d54c9a69cbdacc78afc9233b,2025-12-01,Bicycle theft,-0.080769,51.520236,69,0
a39d51a4959d8be5f149333b053cd4bb682c5c6e35b667741fa108adbf570d57,2025-12-01,Burglary,-0.084754,51.512882,32,1
593bb8afa88d130f696b659a29130264db6763eacc0f604be8dcc038e091d8dc,2025-12-01,Burglary,-0.086019,51.513631,31,0
05da025530f42661903268fa8be30afc84c789e9f315dd3d67489c78206f3655,2025-12-01,Burglary,-0.0836,51.509797,8,0
bb9a67270af73d73f6e68f06a76e0b164e091ce3a5f8aa2bc529e250ee753c95,2025-12-01,Burglary,-0.078278,51.513666,34,1
4d99fc72e243e97e9cfd619b82962967913d5d880802238aab927fc9b1407874,2025-12-01,Burglary,-0.085228,51.51119,20,1
13d585f198c71b15cdd0353dc9c9dbb28c76a08c38688d45f804248eca8fb601,2025-12-01,Burglary,-0.083977,51.510441,20,1
79bb24924d888683c8fcde567dbecd5f0e0dc633db5660553596ba02b74c126e,2025-12-01,Burglary,-0.084754,51.512882,32,1
bde7d78e0990d0dab6de806efd3ba0c18806f462d0373dc03b37d9ac71430cf6,2025-12-01,Burglary,-0.077372,51.51259,34,1
7a494f7ded7e6bb67794cfa036436f9be2c1629bd5db39c0543bd70b49fa46c6,2025-12-01,Burglary,-0.086019,51.513631,31,0
28bb55dec5d8154edc07bd53f5b4268fdd3edc4fed580e5bca1011f631d0aa19,2025-12-01,Burglary,-0.102134,51.513929,27,1
8220e9d52a07d99ed17ace385af0570b6ce26334b12d47fcd92f719b1a485e9d,2025-12-01,Burglary,-0.078278,51.513666,34,1
b7eb7d3118964afc421f9b6c82d8923f1c45518ccb8fe16cf49e783daa5d6420,2025-12-01,Burglary,-0.086019,51.513631,31,0
db134529369530c87a9f34563ab183cfb9bf790b6903f140916d81788be8c2c7,2025-12-01,Burglary,-0.086019,51.513631,31,0
1006fd1c6f754e27a971883493034e572b1a568cdf45634b3997a8e8b281df55,2025-12-01,Burglary,-0.086019,51.513631,31,0
8e04f7307b1979ab0e4d0196ccaf725d6f9f7ae1e0abd12eec2b5418e6fcde07,2025-12-01,Burglary,-0.087772,51.510665,19,0
70d9f19b5a3d749815839a6586f6dc7bf3a0162d84dd5daf0baf2dac954cf4e8,2025-12-01,Burglary,-0.086019,51.513631,31,0
402cd42a60730d4c5c275ed13110e1e61a4f46cdd6a2c7ecc53eb9585faadfbe,2025-12-01,Burglary,-0.087157,51.512624,31,0
c008d1cd4fed944420c7693855c54e9c4df71d1d0e148cf31138b9ac1b760d8f,2025-12-01,Burglary,-0.077959,51.511332,22,1
95b9e6af1487fcdf75b1a56e0c72f3372b1270a32782f80edf58e9cc66335061,2025-12-01,Burglary,-0.079196,51.513789,33,0
1ac03230fcc84df148a632fe87c41af79d1c582f3d4eb934da94697615ee3ab7,2025-12-01,Burglary,-0.086019,51.513631,31,0
1912a1648c231fc3ded1fcaece10b487506b677b6eb1f7460a4ffcbc6208834a,2025-12-01,Burglary,-0.078755,51.51844,57,1
356e2990ed53c9390694dc4fcd4766b93be6c801c2c2a3ed01ab30c75284e7cd,2025-12-01,Burglary,-0.09154,51.511896,18,0
548238321d8148eea6b032cb27eee1d9aee4c4a3c54d45f73e7dc8b559a8452b,2025-12-01,Burglary,-0.102134,51.513929,27,1
fbc7738de84699e9b248cf16942071acfcec166b1da8294079d7964f32fa3b0b,2025-12-01,Burglary,-0.08491,51.512588,32,1
e57ba80749f461a67062f2f67ec1b0e42b3a8d04233bd4890f902aff5d86ce86,2025-12-01,Burglary,-0.084754,51.512882,32,1
2615a42bee63270ffa9157857937bb93f161e3e9bbbe361e38555bf4d1ed936f,2025-12-01,Burglary,-0.09407,51.513079,29,1
1f3c6cd779815ed732a6f5c73806779896ae2ed7154186162580424975646e5f,2025-12-01,Burglary,-0.078477,51.509965,9,0
a77d1e40684d46acd529fd038aad61bdd4f1e5f8c51c2ab573213358c4c22fe8,2025-12-01,Criminal damage and arson,-0.084754,51.512882,32,1
c910a1e0d4affce1383a0a2584ee39c1262a2039acb476e660a08044a800b9f8,2025-12-01,Criminal damage and arson,-0.092531,51.512658,30,1
e466a1031979fd26af02df9730408575cd500e3a19947d49edc59268213b8623,2025-12-01,Criminal damage and arson,-0.081512,51.518692,57,1
4db32ead8f6da1b7d0fa7d0058825e61a3da501c983a70719c51ba810977e38d,2025-12-01,Criminal damage and arson,-0.081512,51.518692,57,1
379d075dad3ff7905169f608d488750718e868dfbfce5d3c0620c6c760d44054,2025-12-01,Criminal damage and arson,-0.081512,51.518692,57,1
21c6f9716e872dd79d7ff5ab42839c48a55a09ddefc6885127f5a9180d95b9a9,2025-12-01,Criminal damage and arson,-0.084844,51.510725,20,1
fa2b4563ecc3586f3e62ca04bfd5ea14d936452e05b5dd51a38cf780fcebf8a6,2025-12-01,Criminal damage and arson,-0.087772,51.510665,19,0
f876e57814ef6e65783d006be2afb3eadc496549cd0db48ff6a174f56533648b,2025-12-01,Criminal damage and arson,-0.081643,51.51007,21,0
1480cb1992a92bbf96d26d6a23705e6f13966aa18b86d64497fc6d8d6104afff,2025-12-01,Criminal damage and arson,-0.079883,51.517326,57,1
1ab516d222b54b85a66ee93205d5d20bdcae47dd54cb6a2599d2e22fb4092765,2025-12-01,Criminal damage and arson,-0.081091,51.50882,9,0
2aa278f010ff76c2a4815ce808a8496b0701810fd127b54f8119d138884ce89d,2025-12-01,Criminal damage and arson,-0.100888,51.514448,27,1
2aeb6b8d726540a4006dc581ed321eaccc0fc83502ec957fef4cfa015074d42f,2025-12-01,Criminal damage and arson,-0.081512,51.518692,57,1
954c0ea6a0266daecf0e02a026f5d9ce53f7bade351d3b0ed5650170a7a65fb8,2025-12-01,Criminal damage and arson,-0.079521,51.511196,21,0
e74ec05bba046c4a9d5710b1ba0f1dbcc73ec1ff31edf1c46d458e43fc5a2612,2025-12-01,Criminal damage and arson,-0.087157,51.512624,31,0
06cfca211a25c8b9b24a67cd376b85f1681979c55f7e3c2e2adc13cd8ed04853,2025-12-01,Criminal damage and arson,-0.100201,51.513286,27,1
b2f0dc85e46947e9b61e803c490922fe0611b261edac48a698297684e0d61d68,2025-12-01,Drugs,-0.081113,51.516869,57,1
2bf1d934229a047183d7a852bee42481464c6981860b6b0a2d887de616052a21,2025-12-01,Drugs,-0.101906,51.511794,15,0
dd6c64588c62953023b9773ba52c5a23fef993b060280733dd1cf3b3820687ec,2025-12-01,Drugs,-0.079883,51.517326,57,1
720a143b73e4cb047c6d54794394bc04d8888eac7c90b98b07ecc32283631257,2025-12-01,Drugs,-0.097291,51.514626,40,1
1c4cf60393c329a9e3e20c2079345bab53815437b006b3be88bf4ab8bab96a19,2025-12-01,Drugs,-0.079907,51.517785,57,1
6cc87b1b14dd6cc639f5a283d34a95ebcede11271fa4d4ce0b8b5b4645595903,2025-12-01,Drugs,-0.084844,51.510725,20,1
52415b35e2a28c1178514983360b49312a454a0726274342c7860fa0c84aff1d,2025-12-01,Drugs,-0.086815,51.517007,55,1
20b3b542fa8ac43368ef84c84a934d21c6fcd9d61544258b411558c7970738a7,2025-12-01,Drugs,-0.088785,51.517102,55,1
c9ef0e911869c2713937750bf4e222ede55284afee5e07eb49cb1ce9c0ce15c6,2025-12-01,Drugs,-0.088785,51.517102,55,1
6be9acb2869c441119bc47ae381bf6dc2aa94349d07a8cdad7ce6f153400faf1,2025-12-01,Drugs,-0.081512,51.518692,57,1
ed6416deabed38a6de12866239082e0abb4d9cbde9fe745c72f3ed7755987682,2025-12-01,Drugs,-0.089208,51.509744,6,0
1c9d8448b935d22985aaf3e7a1660d809a57a1b6ef4c9e6bf09341908ed298ae,2025-12-01,Drugs,-0.079907,51.517785,57,1
05cdfa2ecd73b059e3b5988ce443246a2b8fed5c6b6f5aec17e9685a7fc890dc,2025-12-01,Drugs,-0.086815,51.517007,55,1
b5b17c052608e917571831a18e59066b8a4e915a48f13c5baaebbd48f79077c3,2025-12-01,Drugs,-0.078278,51.513666,34,1
b446971f7f359541172ef1a3c5672acd853ea2544f203c745d894302800a62fa,2025-12-01,Drugs,-0.078278,51.513666,34,1
ab0ef8789c35660a73307c7d541f42ea8f643274babdb7ee503588568f6347e4,2025-12-01,Drugs,-0.086815,51.517007,55,1
38887d558551ef26d68b2108d2d197be74b49a4f67bae41bb2e6bb82215cdf3d,2025-12-01,Drugs,-0.078477,51.509965,9,0
410b08236f61dbff297bce70e1546f5a8beb132a00bb83eab8ff447f761013ac,2025-12-01,Drugs,-0.078477,51.509965,9,0
729fc70f663a39ab1a1ea6fa2e936c1f19fa95c632c14afeb6c9c14c8825333e,2025-12-01,Other theft,-0.079138,51.508312,9,0
e67d77f2d951d30eca160b1f659864d817d9ad4df6f3d7fc26aee266217ca1d0,2025-12-01,Other theft,-0.083977,51.510441,20,1
e9f5df7f655ab08fa54d29af30b8a19bd93197e3097cba38dda25b18efe4f763,2025-12-01,Other theft,-0.095224,51.513736,29,1
e89d63da0aa432610625ace01e9433b8c121c80ecd2b364ead62e81484cf49e5,2025-12-01,Other theft,-0.084844,51.510725,20,1
7f6f3c77a75ae38c2d0f52aa28450eb4ed69b29cf1324fc729c8825dfe11110b,2025-12-01,Other theft,-0.085228,51.51119,20,1
c4e85d3f3e3d5309198eb166687b08d01425f04b3e190b5ce1ea8bc92afcf0cb,2025-12-01,Other theft,-0.102134,51.513929,27,1
511fd78380d96b6f838bd666d08daf40387acd08dd016ac48d9f50c79ee4f20e,2025-12-01,Other theft,-0.086815,51.517007,55,1
7f0c33c63122e799252cbed95b5ab17709a26cc6f3bff486fc102b11d56f49a0,2025-12-01,Other theft,-0.09407,51.513079,29,1
b98ab2f26d97d731703e336e28eb1f87baa7e4ba947adc8829badc706a017256,2025-12-01,Other theft,-0.089479,51.510864,18,0
073a11edcad71bc2db48fd3d3c2eebda8728218c0c2403a34456cc7ec5afa8bd,2025-12-01,Other theft,-0.084836,51.511939,20,1
1b4ef68bbf559aff83f10ea4a7fceb8823311469391f4209d6a811325b6711f3,2025-12-01,Other theft,-0.09407,51.513079,29,1
7ef2f9f4ada9a122d634392f9920c67f694191c9e51dc872f520f949e69091b7,2025-12-01,Other theft,-0.084836,51.511939,20,1
c6d81c072d95e2aa8edae9848bd32c45e3136d5c32fdd00a26ac2e6b7996931e,2025-12-01,Other theft,-0.077959,51.511332,22,1
9a98a2c37b04788023effddf2935ab7e91ce2a1d8cab1254c71d7a030fb8e9df,2025-12-01,Other theft,-0.079138,51.508312,9,0
1c9fd75cbab95954de6031557a3dbac2ba8f2c0e2d95acfec5f61bf7b286f0c6,2025-12-01,Other theft,-0.091947,51.513188,30,1
40e84999f4dc1a425c8a780d470f05e7cd39ba56ffa1be964d72e4aee344bde2,2025-12-01,Other theft,-0.088456,51.514975,43,0
abad52ab9144ebd385fd05093e560e3ecfe7dc496559436c8aa2742406f82277,2025-12-01,Other theft,-0.083349,51.51483,44,1
ee92feef2083b01b30925de18f28a3f3cdb47fe771cc6d46988df27c9f37c395,2025-12-01,Other theft,-0.101292,51.51477,39,0
2d4f2cdc781e42f02864cd2f4e1bdd56345f677c3da8aab83dad51e1cd86a6fb,2025-12-01,Other theft,-0.078477,51.509965,9,0
62d3b98970b544c4751d3bdce4409104ac7117f20421f743b889cd1204a374d4,2025-12-01,Other theft,-0.081113,51.516869,57,1
a03cca27313f6e50291d0cd2f3acccf59a2c9f944ad94d835099e5d7d9b5fe53,2025-12-01,Other theft,-0.090578,51.509722,6,0
51483514736bc2aea920c4a7076441e2bc0e626e5ba1e6e39a2ebadfc352e9b4,2025-12-01,Other theft,-0.084844,51.5097,8,0
33022aa304f71b09c70ef8a673e38eab580c689245d93ede9977c8cba05b6d8b,2025-12-01,Other theft,-0.104276,51.513712,26,0
01cc8a6cbcf6d9fbefa240caa89ba9e6d0fe8faca368da7e6c1f83dc079018d3,2025-12-01,Other theft,-0.095764,51.512549,29,1
b25eaa22cd9ae9145af4394300851b6fd85a81f137bcbc778cf120a19e97c0e2,2025-12-01,Other theft,-0.083977,51.510441,20,1
a695cc9ffac44355bbadfbd5e8552461ce781619580cf938484e08f99180e382,2025-12-01,Other theft,-0.09407,51.513079,29,1
2751d2a3f1069fb99c5802d80eb593b326f0780f10eb613a9289c1002a3e5be0,2025-12-01,Other theft,-0.091947,51.513188,30,1
2f930140255a6e59dcef287b8fa910d673b1198799dde95050e7f44dbef18ed7,2025-12-01,Other theft,-0.091947,51.513188,30,1
242468509bcb0ef1d09ed45114ebbcacff0d4c284b4a02394cc64b8a8706ff1f,2025-12-01,Other theft,-0.086019,51.513631,31,0
12b419cc097e9a39c81210304b743d8dfa6cf11cd792588822a277a6f3c22c09,2025-12-01,Other theft,-0.083977,51.510441,20,1
40c098a663f13d0437c605c65c197505bef0fc29ae4fb61321afd5996307cb4d,2025-12-01,Other theft,-0.088785,51.517102,55,1
abbb4b2cc6b6cc69bc6d2b8e6e3aaba894d5884ff1a9301cf1afb5a0222620fe,2025-12-01,Other theft,-0.082993,51.51636,44,1
5460697c432398ada8b18e83cbba102cc69ed13c6b4d8a6f5f25ea48be485f41,2025-12-01,Other theft,-0.086019,51.513631,31,0
066e7a30adbf87b785e62dba066501a5afa0eea42ddf5c4775cbbf32a653b0fb,2025-12-01,Other theft,-0.087772,51.510665,19,0
4ff7fa766d6e9963079accaa84050b4ef3189773ba36e535103e6fe96974e8a1,2025-12-01,Other theft,-0.084754,51.512882,32,1
1fce7704a5c6b18803daa9841a0bbb3b1a97d19e5c353d52bcf53aa8a0bb60cb,2025-12-01,Other theft,-0.084754,51.512882,32,1
dc02b62e09ff37cbaf9688dd0acafea66a07ffa86fe509f01eb035a48fa68c25,2025-12-01,Other theft,-0.09407,51.513079,29,1
4973c0349cfba999204fc4ec34bc3d8c9b4ab4c3433fc77033451c2395d1dc5b,2025-12-01,Other theft,-0.084844,51.5097,8,0
889efea762c96e658d7c9890d74c86fd3dbdf898e73f92c0b90aae992c05f9c6,2025-12-01,Other theft,-0.083977,51.510441,20,1
d79ae0c924d7b96979a57b14539eca51f155a1d4e33094aee27290842d0dc1b1,2025-12-01,Other theft,-0.088785,51.517102,55,1
fabbb72e9a0bc5e838e584210295c85a9b8dc0963220a0b9b7d80284a3f48ab3,2025-12-01,Other theft,-0.101589,51.513515,27,1
d55da36382b93a0441469fb0d8cde4e6aa551ef46196da49c647e44da18f0424,2025-12-01,Other theft,-0.101589,51.513515,27,1
63174b742f2a1ad324e6c74d9ad4262d8d033f2b1c8e48d028884c74ac2cda9e,2025-12-01,Other theft,-0.081643,51.51007,21,0
d22e617d3015ca2b1531622a866e777277f8e74f643fc839d630a3548153d744,2025-12-01,Other theft,-0.092531,51.512658,30,1
db2e575c0148e715a45d5993405f90254bc600c8a56dc4f55ae4b0b72a6fca71,2025-12-01,Other theft,-0.084754,51.512882,32,1
7aa7fd2f0f98dbc6a0d67ab3307184d17c95131e75a63bae6f932c8cd86f8ac9,2025-12-01,Other theft,-0.081113,51.516869,57,1
8c4d99849163a1ca1532f9353ccb34537ba217ef6b8ed7ea70c2022714d7fc9f,2025-12-01,Other theft,-0.089479,51.510864,18,0
7b092afef83fc0fd8382201ab5a1ffbf8c28ebc1c04a3da985c6c61303b6aa62,2025-12-01,Other theft,-0.085228,51.51119,20,1
9216f4a2d1ed3bc5bd6410367c7a93f77e43bc51a15d6ed920dc158d559b4c53,2025-12-01,Other theft,-0.088903,51.510836,19,0
e5cbd874e65718f266b434b7556a415c0082063dec38cc5896bb2a1db11da4c6,2025-12-01,Other theft,-0.08491,51.512588,32,1
bac2b5b99288857eb0a7f0090f40174ee829c8424d00a01fd43c3e27fa771b04,2025-12-01,Other theft,-0.083977,51.510441,20,1
ea305df4432f842ed99f34aae9e4c6f9b20fb125b1189d3a59a81e3569108b70,2025-12-01,Other theft,-0.083349,51.51483,44,1
dd92e197799b3737580d9258d018ffd2efa1c8c9678e81414c860f0085c1355c,2025-12-01,Other theft,-0.086815,51.517007,55,1
c45af8edbf30cfccd52528ae88d27707d3da25fa76f8b410dc12d5ce7756bb2b,2025-12-01,Other theft,-0.082993,51.51636,44,1
112ad3ba75cfd6d0a53a20ff504a33b5966331645aa349f2e27a111d17bf1156,2025-12-01,Other theft,-0.084836,51.511939,20,1
8b50e39cfc105605a03ccf5e5bfee7d2fcd8f7d423f98ed50d60f7674e12455b,2025-12-01,Other theft,-0.088785,51.517102,55,1
072004f437bd1a329ceef5d2ee689c74c523bbe68730116f329c9d7c4cec56bd,2025-12-01,Other theft,-0.079196,51.513789,33,0
1a996b8e84011bddc3dc25011190e9bb6f8079776b9ecdc367496d38e370c3fc,2025-12-01,Other theft,-0.081902,51.517296,57,1
abbbd3f1d9f955dbd06a12014ccd736be5e70f7f32c7b458a1f15d71c8d568a8,2025-12-01,Other theft,-0.092531,51.512658,30,1
9bbc21ad81e1eefb2a12ee969f79945f6ef732c811d98fc3566ef7b7dff5d434,2025-12-01,Other theft,-0.083349,51.51483,44,1
4f9802262e11bf13be1822e5bb3f342ab0ebd57f5ff092751000e28e76f1d12e,2025-12-01,Other theft,-0.090578,51.509722,6,0
bb1992540b616d495eb19c4c19814a66b22b9c2235143c38bc0e40184955b64c,2025-12-01,Other theft,-0.082133,51.515222,44,1
6a6d8d1341514d66abe893a95af59d3c37928f7ec2360a6dffd6c62cf1b08be5,2025-12-01,Other theft,-0.086019,51.513631,31,0
44a7dc464a2a381f4a55180b4821c4ae443c1de459eec0eb5b5911c72808fd6e,2025-12-01,Other theft,-0.087157,51.512624,31,0
c225dfc595d535139d7df58782583b42e0afe6a681d3ba69a0a18ddc3961beb9,2025-12-01,Other theft,-0.080769,51.520236,69,0
91eaba011da77bb4eb3acd5b996b74fd71c70d63504c63f19d664a05d21b0261,2025-12-01,Other theft,-0.07912,51.514912,45,0
45ae087d43df2612689aa9f6fa7da9090847dccf5146b48f09072bcab14e0246,2025-12-01,Other theft,-0.085089,51.512105,20,1
aa07fc08dd67538ab88d096565b659fabbe1bbaff57cb7de47f6688f4786097e,2025-12-01,Other theft,-0.093339,51.511557,17,0
1b24b2cefc2914d6e7a5ece0ea8d959b163ff86a5506230aa3f6367e9ced9ab5,2025-12-01,Other theft,-0.078278,51.513666,34,1
e23acca231d31730edc052fc0532cbc2929c4ea8e1a6c0e66a0fdad59b4a25dc,2025-12-01,Other theft,-0.079883,51.517326,57,1
9aa0a994e2f2ca6558b2f556efc5ae868d973fca1eac91670f18309e424705ff,2025-12-01,Other theft,-0.087772,51.510665,19,0
8b7a771e702a47c1f9cce29c1403fba54a8789a5d9b7a962651e79a88c9c13f3,2025-12-01,Other theft,-0.086019,51.513631,31,0
e9556292d7f58eaa5cb09a5abb4fd2922bdedac5b695197995538175a0614cd8,2025-12-01,Other theft,-0.081643,51.51007,21,0
af944c6dbb785360cc9e8f8f85cddbfef022bf51d5c5e3964c9d17212bd6e2a5,2025-12-01,Other theft,-0.0836,51.509797,8,0
2e38ec82ee09d156af881ef7808d459cb8996a2ec8a33bb80bc856ecbf071c32,2025-12-01,Other theft,-0.089822,51.516103,42,0
15d06c1610b1c500ffbfedbf6213d47ebcb2e4aa1d822c34eccafbc1c413f57b,2025-12-01,Other theft,-0.079138,51.508312,9,0
7899108eae97e2f31098ce4016efefdb960b677d5e9cb582a46fb0e6dd3dd99c,2025-12-01,Other theft,-0.097176,51.510836,16,0
92ed8739a5a74db40aac17b6a6b916489171584126e99f76c9e8759242c0df77,2025-12-01,Other theft,-0.078477,51.509965,9,0
44aa769c798eba90cf6a13f3fe75ead21a314fd869bc69bb93042028e04d2785,2025-12-01,Other theft,-0.097291,51.514626,40,1
14779b7ddc58034d686297b5d9a0aba48b807c5b9a6e0e00d8a6c546fdf6f3af,2025-12-01,Other theft,-0.078495,51.51777,57,1
11abf85d628a9524c781a35e128e9c7deb1ceda2a0f8cbd401e9314cbf0cc5d0,2025-12-01,Other theft,-0.078477,51.509965,9,0
6e8586b62e686adab1ea2f543928ea5a945383b53a56367394a2b084352816c0,2025-12-01,Other theft,-0.088785,51.517102,55,1
0ab67f508a1416d4421a9970618d8fb44650764be6177edbca06c10d19c6b5a9,2025-12-01,Other theft,-0.084836,51.511939,20,1
fa197e0d438baa24ef0d0aca1a14649f06f0da1a6f217185e6e21be9e7b24fb2,2025-12-01,Other theft,-0.100201,51.513286,27,1
d6ef36f9e46c7fd52846d24c339094f64a9d2ead7df387a08c6f96af071fbc87,2025-12-01,Other theft,-0.085089,51.512105,20,1
d8a2b5832175fe37456e913429de0fb5555bc2785c35b95ba131699f5fe5eea4,2025-12-01,Other theft,-0.092036,51.511049,18,0
d4aa6a6bb22c9bcafdff5a84fea2762010096895e907c8082c9a807b66790594,2025-12-01,Other theft,-0.083977,51.510441,20,1
510e5d7318dea2905890a494f46818e80e869d2c00ff27b172d396e50f5f4787,2025-12-01,Other theft,-0.079138,51.508312,9,0
eb2374ebbb8f923ad553015cab527501dd318a5b3b9c464a076c838c05983a31,2025-12-01,Other theft,-0.085228,51.51119,20,1
5e9da9ce28ad7b912f988f6166257e40cbbbd7608354698c7c24e66ddd6303c0,2025-12-01,Other theft,-0.077959,51.511332,22,1
07be3d6e132b130290400ca5ad5cc3e1586c4679433e2ad62630569df6a4a736,2025-12-01,Other theft,-0.084754,51.512882,32,1
25c66a9c61c0cb538acf55ccb8270737d8db0bd5d70251b0206162138b5bdeba,2025-12-01,Other theft,-0.084754,51.512882,32,1
7eb1cea454b53f5e704ce4942710ac52b1f628e0b248a540a370a9b535d95694,2025-12-01,Other theft,-0.079907,51.517785,57,1
52c5c710d0a64e9d1b866851863282d5a6bc52465252bfcdcf582186b1f301e6,2025-12-01,Other theft,-0.079138,51.508312,9,0
16ebd1d011674a1acf4a1a92598162b530630103ff3d271ed88786b802c12572,2025-12-01,Other theft,-0.085228,51.51119,20,1
e293cb2f13d9edad0b58a59440a0119f660ac81b298c6bb51f90ce955da4b57b,2025-12-01,Other theft,-0.104276,51.513712,26,0
b96d601bbc0ae978e7dbf903792346d60d869fbde98017d537fc7b31074e1575,2025-12-01,Other theft,-0.079521,51.511196,21,0
1b5d0e2d3b60adddf78ead64df57ae82c8fe0835efef144d9fc011735e5965cc,2025-12-01,Other theft,-0.088785,51.517102,55,1
b40eddc22c10ca8b8713400028d07401dbc8c550da730f82d10b1ad11b1e4c8b,2025-12-01,Other theft,-0.082993,51.51636,44,1
b7cd008c9c7d221edd42e8e917873cfe21fd4625cf088be601215a8e90bf6fbe,2025-12-01,Other theft,-0.079138,51.508312,9,0
cc4cb4d6a8f6776092c572e78e120e8d65502e4f7d11e9507500153a8d64d571,2025-12-01,Other theft,-0.081902,51.517296,57,1
86e7a1ca40e94ef62530fe9553fd8b1588e34d759bdad4ae524294b5471f8f52,2025-12-01,Other theft,-0.091947,51.513188,30,1
c5671bd24e088d82115e73862c495cf4f250334d671c10462c3bbc9227829d85,2025-12-01,Other theft,-0.07707,51.510877,22,1
9831c685b02e118a86167948a920ea9fb721c417280012c842f02232aee2897d,2025-12-01,Other theft,-0.085228,51.51119,20,1
694f300b641f03dbb685bd25e41ae6e332b3eb8ebdc3abd2c0bf952e346d70d8,2025-12-01,Other theft,-0.104276,51.513712,26,0
645e38dd107583a59bb8d93083211a36bc3a75285f95dec2e4428aeaa7021558,2025-12-01,Other theft,-0.088303,51.510728,19,0
48de71d6c2e24686cb4dc81ea327acaac4e1fc9ae379fd90c86ed0014f1be5fe,2025-12-01,Other theft,-0.09407,51.513079,29,1
ae8ff50afe4d6c29455ea4f747c5d6e72262fcb31d50fc21c8a288a171f70eb5,2025-12-01,Other theft,-0.086019,51.513631,31,0
d3c1a1437112f51f99d96cc19af766201bd3d34fb00dc4f9012c57fbd02bfec8,2025-12-01,Other theft,-0.079521,51.511196,21,0
4f94972a1fb9e119be520ce5e3b283e86de629b498c6191b73233e1bf7840986,2025-12-01,Other theft,-0.086019,51.513631,31,0
497171aa0ba26d34af0349981ad39fb02e8701399d4ad6d0529b84e6946d6f85,2025-12-01,Other theft,-0.086815,51.517007,55,1
c2ac904b7ee98a7951e1c461805b0bc3f45f0010d1267b419e2461232931f430,2025-12-01,Other theft,-0.0949,51.513209,29,1
772372a3df7051c75e3879e06235d06b0ed9507b7dc2fd662df515f5d6cd26da,2025-12-01,Other theft,-0.079883,51.517326,57,1
3a0107e025d8fa8dc85cf902e00a37738397b40c05d5ba89947866a7994df500,2025-12-01,Other theft,-0.077563,51.517656,58,0
99efcee9e8df3837c822f2fd70af356a2f2f58f8878fd42b29a00043e8e30693,2025-12-01,Other theft,-0.081113,51.516869,57,1
c5cc5dc2eb371d033b12d237f0d6582a9a8f1068db5146e989debb258cadc640,2025-12-01,Other theft,-0.083977,51.510441,20,1
81dacd8255823769b5243c46924171b9f39e7606d988cdcbe3e8286566d8f639,2025-12-01,Other theft,-0.079907,51.517785,57,1
aec92639fc8d281b44c5307acb5f113bee86baa34e7ac301ca8ded502e223386,2025-12-01,Other theft,-0.083977,51.510441,20,1
4e30c663f25d982422695b8af7eae49887d2252e5f847fdda4746b5fbe127fe6,2025-12-01,Other theft,-0.092531,51.512658,30,1
5014501008f7ebda8e2b414f4b04f35f0553bedadd1d87e6113ee9121d344f8e,2025-12-01,Possession of weapons,-0.079907,51.517785,57,1
a0b566d9edf5834400a757706c340cbdf27c04c7cb6ec2e8034a8e33b0f37df1,2025-12-01,Possession of weapons,-0.077959,51.511332,22,1
7234142c1058dd67df12059aff45210058947a62ba9e30d04a79fded8da04765,2025-12-01,Possession of weapons,-0.078278,51.513666,34,1
582d8c0f07791305b9231e59361bbbf9a25cf5a226882a0889024c1a1c58ef3b,2025-12-01,Public order,-0.087873,51.516503,43,0
5122695d79edc4530a20148224493164d38f72412890e960ca07aaf200f2dad8,2025-12-01,Public order,-0.079907,51.517785,57,1
cd0af33a4272f6c91319f01e91c45d87457479d03820ab2e1bc4aec3c2911e5f,2025-12-01,Public order,-0.081643,51.51007,21,0
711c02f0d51673fee351ae94f8f587a1629040d3f02c67b5f9a5eca2e72f2478,2025-12-01,Public order,-0.09407,51.513079,29,1
542436a5a654c1d5e46505b2302745efae59a024eda11136c7d0060217652c6e,2025-12-01,Public order,-0.095224,51.513736,29,1
3299295118c15baab2d85fd36eaf78b63baaa811dcaf026e9831ed8fadb1c612,2025-12-01,Public order,-0.095224,51.513736,29,1
7c5341c2849c9df84b21026c64faf214b0c532512af2a5a2f12738ac3ed3ad67,2025-12-01,Public order,-0.078477,51.509965,9,0
718f89cc7e1ac7bbf40c90be9ebf65d4e58026d4214fca12faef94bb0f62ff8c,2025-12-01,Public order,-0.077959,51.511332,22,1
6542587b3df46b19bd8568e1aa904fa7df3955691c7735d01a1321eff03473aa,2025-12-01,Public order,-0.079907,51.517785,57,1
961332d2438a2d03fd01c2dce14a22bb42a9ef2968dd71412a49536801d89239,2025-12-01,Public order,-0.079907,51.517785,57,1
a96a49d830ebce17b660d9ca9018e47c7fd899472f0c6c889820446a297e3246,2025-12-01,Public order,-0.091947,51.513188,30,1
10ce5a9993802cde54523f8fda783ac77263191d8fa4e55ab9c5d5e854836838,2025-12-01,Public order,-0.102847,51.512717,27,1
2a9d6afc3dfc0f96a5599138228cd2cb564670f3b69a4ddf0c87b428c32d04ce,2025-12-01,Public order,-0.081512,51.518692,57,1
0b4ee1d3e8580013ee354c0fb2f2649082fd17d7e994d630ad94f279a5a93a72,2025-12-01,Public order,-0.102847,51.512717,27,1
d925379591810f41f3d5678f440f50ac3edb5f94ae254e0e21f4835026b13ba5,2025-12-01,Public order,-0.084844,51.510725,20,1
1038546f8258d69cfd3296d0f74c00d3d70375166fbcea5bd705563ca794f8e2,2025-12-01,Public order,-0.078278,51.513666,34,1
6911dc2bda041ae13cb43ed87eb04fe61127aca8731406d0718b7e1ecab673bb,2025-12-01,Public order,-0.085228,51.51119,20,1
c5f3c918a2de90f1fd56215c8e16c21a519d6dc976fa1a678d0db9f3620ba2c3,2025-12-01,Public order,-0.092036,51.511049,18,0
9b10100d22afb0a77abdbd122d456ad546ec035444be99edef5ac57e19085a97,2025-12-01,Public order,-0.088785,51.517102,55,1
15de4f7a0be57c8a2475a6a006cba70238634d28a2b9c9e3fe41bf38de763150,2025-12-01,Public order,-0.084844,51.510725,20,1
d3c19da389f12bc2df878cfd68e1e398cd4e7838f0512038129c4c22fd9f069a,2025-12-01,Public order,-0.081512,51.518692,57,1
829baced04f226c81cc7448d0cb59e06f4e34df95ae8426e3d6bc994f1ced0b2,2025-12-01,Public order,-0.079883,51.517326,57,1
3dd17299d4cecf928ee41f95aca624e02445e2a3eae66343adecb04b0a672022,2025-12-01,Public order,-0.083977,51.510441,20,1
2c4f036a335197f1ba1e59c0c97cef05a255246323c3c54d73f6c660e769e9ff,2025-12-01,Public order,-0.079196,51.513789,33,0
32c000629ff55371ab0da222c578efec61fc059ff27de10f8bea545ffc7c7b9a,2025-12-01,Public order,-0.081113,51.516869,57,1
a82abc6b77d686641008fd4b0de00912ed9f27f7cfa1c24f38fb7264ed96a675,2025-12-01,Public order,-0.09154,51.511896,18,0
c15a63c5849d13a7ccb2cbfbb8c4c24eb3663af53189b782f52c04537eaa005a,2025-12-01,Public order,-0.081113,51.516869,57,1
bfe37a4740eff5859443e68c3a894729a12aa48c701439fbda12a3c5b1f2a40f,2025-12-01,Public order,-0.07912,51.514912,45,0
0a4a7356ebb9a6ab62ca086027b597a2fa10ff2a36e003e3a7f9077ab9db636b,2025-12-01,Public order,-0.078477,51.509965,9,0
5ade08b6fd8b1493f2ac906110e64bdbb8e344ddf4d46bb301ccac38cfb5fa6f,2025-12-01,Public order,-0.081902,51.517296,57,1
541a4f6e09b5d2883df2053aeecfe0fc437b496b90ad22cba001de69e7782d69,2025-12-01,Public order,-0.081512,51.518692,57,1
e4b77bf816cadea39ffc39c1462db8f300b4c5ddf6d70f6c59646f5e1676b6c9,2025-12-01,Public order,-0.089822,51.516103,42,0
e8d028dd36c9e254c315304ad1f43047b4f1af9201424d66297950a1d58c594f,2025-12-01,Public order,-0.095924,51.513882,29,1
88cca6bbb66daba4c2988b9df1c463fff1348746bf64898e6f410e9558ff8fa6,2025-12-01,Public order,-0.09154,51.511896,18,0
963e581c6a694e20b5e7969232357519bdd4e810160e7c9e4f0899ea59ffeee5,2025-12-01,Robbery,-0.088903,51.510836,19,0
5debace7248e8f4edf8d6cc2c919502ea068b9b65c67e71e1bd7410fcae5f564,2025-12-01,Robbery,-0.084754,51.512882,32,1
3704dc7749d06c6ba9ca75f6808ced9968e1ddf7d8201dd572bdc1f52d3fab47,2025-12-01,Robbery,-0.088903,51.510836,19,0
5b66289ca34fcc3e22a05f415ea7f9be321482625237f362d0adc3c400bc2ba6,2025-12-01,Robbery,-0.087157,51.512624,31,0
2cc927cfccb9de087eef3274c8cad73eed6ca1e19a1b3564f03dde9e92217689,2025-12-01,Robbery,-0.082993,51.51636,44,1
e679d875130b2e071dbe7a521dd5cef6be9931d2dc4fdb4394c738ecb1a3b59b,2025-12-01,Robbery,-0.081902,51.517296,57,1
295ce99f0f7cf1020d4dc1922c8c9176ac2a96e4d44c8fd114af68a3e0f6e1d0,2025-12-01,Robbery,-0.097291,51.514626,40,1
83d9dab12108a088e74bc4eb62527bb6b68f57550347a9949ce76399933e3fc7,2025-12-01,Robbery,-0.086815,51.517007,55,1
89fe0624a4a5f6aa31c0bb4af3371004b52cf7cdfde1ab6eeac824b10a2e5af4,2025-12-01,Robbery,-0.085089,51.512105,20,1
3ed528ab72a3544c248dcb3dc0daaa052d001447a97c4267fa6f2fe81186a550,2025-12-01,Robbery,-0.087772,51.510665,19,0
878ebba4bfb7785acc40d4ef5b1df4bb52246bf8bbc407d8d46d989e1506b2b1,2025-12-01,Robbery,-0.087157,51.512624,31,0
5518cbaae2f8c2013752a9b0d8fd3bbd79729a408d9ea59e8bc2336329f25925,2025-12-01,Robbery,-0.084844,51.510725,20,1
fd8edf727ce28efa930560d004ae195911e7f1da98bfdc65fe52704df65d1786,2025-12-01,Robbery,-0.09446,51.512024,17,0
9edca3b65754bd8b9feb6b922b5224c3b7521d7eb302b57122da79e6a2db7976,2025-12-01,Robbery,-0.084844,51.510725,20,1
980fcb9f57b488cb0571e9f647e7f31be256b12d6b9935ed2fe00a93450e4d3e,2025-12-01,Robbery,-0.077372,51.51259,34,1
2a7329a7690ce5233abde46cca5690f664bfe9475525149a054eab49a57be759,2025-12-01,Robbery,-0.087157,51.512624,31,0
11abc7ae59c847c018c69e8cde21aeef3770993e051cf41c3df7df8cce76a0bf,2025-12-01,Robbery,-0.09446,51.512024,17,0
8015ce7467a8824b7cf276a2622ed27ccf07826c421ce9f2f3c859ae274a6e2c,2025-12-01,Robbery,-0.100201,51.513286,27,1
01705c12c5116f04c8f84e26b64e2336c6cccb4ef1151391f38eb131392a5d1d,2025-12-01,Shoplifting,-0.095224,51.513736,29,1
f8db6bcb4471b10db8123facb15e2aa07bd15c3ce58f50a3be10e3e31e2ff896,2025-12-01,Shoplifting,-0.084836,51.511939,20,1
9792e086b9695e6fdb6fc07bb53cb30c5aa59bad51bc5d18e4ce1f332afb7915,2025-12-01,Shoplifting,-0.086815,51.517007,55,1
43d88d142f3cf36b912cfcaa4eb51cada218e826f9063ce4c8433aa00974dfac,2025-12-01,Shoplifting,-0.086815,51.517007,55,1
77698da753c9dda2bab977c3960953af874d5ff9ceb4ff88addbe67e6169f54f,2025-12-01,Shoplifting,-0.087772,51.510665,19,0
1fab99661fe560db269d765f433d413ebd4146c5fc734bcc8d037a926fa53d12,2025-12-01,Shoplifting,-0.097291,51.514626,40,1
703074dbb2a5818601614564448956c09c43461a8064d570378ca4b1addbdb8d,2025-12-01,Shoplifting,-0.079883,51.517326,57,1
78c809e2fe989e5d37c5c1acc91d06585c548f5630e35325dab68b9f9d5e8ac7,2025-12-01,Shoplifting,-0.081512,51.518692,57,1
247ed96b540e6274322802675e6dcfb21f62084e8f2b4586ccd750fdc3d8fce9,2025-12-01,Shoplifting,-0.081902,51.517296,57,1
f771702f9fcb2510159a056925a363feb03ffc8af0fdef155601c1a289ba1b69,2025-12-01,Shoplifting,-0.079883,51.517326,57,1
aa1f88e2b934ebbe53b59d3b9b2d1689d93bb09a5fbd4f752657528b41a58d33,2025-12-01,Shoplifting,-0.085089,51.512105,20,1
b2c268e0f6d9c81ca21540d29c2e3988416b971c08ef1d0ef106196d8eeb33c6,2025-12-01,Shoplifting,-0.097291,51.514626,40,1
9e59316bcc580b2579a598ca42bd26c76460a1b7cb0aeba962b87405a8bc75bf,2025-12-01,Shoplifting,-0.079883,51.517326,57,1
f7c7f9414486ad348c51bdca4a8fb2a44b4c05bdb120c82f4ba41ed8f907bcea,2025-12-01,Shoplifting,-0.095924,51.513882,29,1
12572e9a3d19a2fa60d57c68d49f4327e3c9fce2a27f1bf3824c01fc4309ef58,2025-12-01,Shoplifting,-0.087157,51.512624,31,0
71edbb4411eeeec4b8a37b82ba87fe7c47069ab7654bd8af67bddd9dcc3151ec,2025-12-01,Shoplifting,-0.095924,51.513882,29,1
c879ff7d894df2359cd4664382271dfbf8375cc83f954f1168f8986a99b18b8f,2025-12-01,Shoplifting,-0.095924,51.513882,29,1
9b384e3a9646aff705044cb09635b136b1bfd9fc2b36daa7c2b04c4620030698,2025-12-01,Shoplifting,-0.082993,51.51636,44,1
b24847c483351b7d008d8be9dc51d5caec87ce39a347358a83c42f65e1e207d0,2025-12-01,Shoplifting,-0.091823,51.514427,30,1
479042930d1c012b15f08ee9159772b63ec16a816b6146769db987baa1e0de35,2025-12-01,Shoplifting,-0.097291,51.514626,40,1
adc71190be1703ec0642e419866899c34480711ee6ff2f986874e2dcacbe40e5,2025-12-01,Shoplifting,-0.09407,51.513079,29,1
064f712b2b32385869b1de691e1d98b3c339b057aa3a2116e2ce7da523df9ac2,2025-12-01,Shoplifting,-0.096501,51.513874,28,0
4766f329fdb530ec30a423b5f8e80181b10719be9e195d9044d8403865f9fb21,2025-12-01,Shoplifting,-0.09407,51.513079,29,1
3f07302c69984811239871c564ed7cfd376e8c31c846a6dd9fcb42a576ed97ed,2025-12-01,Shoplifting,-0.087772,51.510665,19,0
e49c0b28a0cdace00372f64aac79664156e011e65dfe6ef317070d788d1891e7,2025-12-01,Shoplifting,-0.081902,51.517296,57,1
8dc1a010137fcf24040a9291b1ed6b429a8420f3b69a564baa8fa5040f158505,2025-12-01,Shoplifting,-0.091947,51.513188,30,1
efb0b365a5da6da0b13e68d36e40bd0177cfeaf92879fcc9bd2d25eb69b4b1f2,2025-12-01,Shoplifting,-0.09446,51.512024,17,0
ecb40452dc30d5c21a9bb14465421201af08197859372f8dd86ca9df6cc76a08,2025-12-01,Shoplifting,-0.096501,51.513874,28,0
97b6637af220a5d057ccc6fed5d5ed3cffba462fd789f85f9da748ebc54832d9,2025-12-01,Shoplifting,-0.085089,51.512105,20,1
109c4989771b399ac73c4bca6e545b3fbad3daeea7b6dd6439f97da90e82b04d,2025-12-01,Shoplifting,-0.091823,51.514427,30,1
3dd1d16179ff87532f9a32fbebcf9cc0104e49c415d4bdff684f814514453f2c,2025-12-01,Shoplifting,-0.089479,51.510864,18,0
79c2d4330055c381266697becbf5f5a76414549eccd6d3b9a95b9e5cc1d2c7ae,2025-12-01,Shoplifting,-0.09407,51.513079,29,1
1256cebd7b138f1961a88fdd5206f81efa5c8fd7749eebb03ec40a324725b4ef,2025-12-01,Shoplifting,-0.088903,51.510836,19,0
741dc6aba1f37659649303ca38e2d3f303633a0877bbeb12b6ba2e4064dc53e8,2025-12-01,Shoplifting,-0.091823,51.514427,30,1
10346c660e1657f4e006cc2b50665fbad7660fe625e75a5a394952614a252560,2025-12-01,Shoplifting,-0.09407,51.513079,29,1
9c6444ae96a5a871b88f159d4533b0c4fc5f335a47cfc75f917700112ac3bd8d,2025-12-01,Shoplifting,-0.09407,51.513079,29,1
31ecd837cb5b0c89a49ff6df526bd9ba1ecfeead34437d701733bdec52f65e84,2025-12-01,Shoplifting,-0.097291,51.514626,40,1
aa32ff5e23e63a5e72f42c872d83f504acdb28484cb1400380ae81fcc9c5b850,2025-12-01,Shoplifting,-0.097291,51.514626,40,1
981cc89011eb47ac00d0f3c08db43f19797c91a58749227860732a0aae40a4d7,2025-12-01,Shoplifting,-0.085089,51.512105,20,1
2610d5f3c409731f388c34a3719b3cbe0b8d1e7e27509569d5effe89de550338,2025-12-01,Shoplifting,-0.082133,51.515222,44,1
7062c7e2f4aa015efa15db7c54d7fdbfb9ee20e37d2c2f7e98efd13ee5733ede,2025-12-01,Shoplifting,-0.09407,51.513079,29,1
9752f901c30daf0ab324cfdf3e859fd042c172d3951d7bdecb20f74573227759,2025-12-01,Shoplifting,-0.09407,51.513079,29,1
004a8b572f589f1857d48b81572cf8731aa83e165515f9660453d274bb4a724a,2025-12-01,Shoplifting,-0.085089,51.512105,20,1
7c68aed70e2b46feb965725747d466c0848531eebc1de3b1866ca6f8a0480bd2,2025-12-01,Shoplifting,-0.079883,51.517326,57,1
0e548281c0bfaaf60d029bddccb0805348ae2e1d4048cab6718be9bedda0e3ba,2025-12-01,Shoplifting,-0.097291,51.514626,40,1
28986e730370c5bbce04684b7e5f8bba0ebf417a8c6e16bc9d404e271c02707c,2025-12-01,Shoplifting,-0.097291,51.514626,40,1
b632724da7fc171dbc94ff25223d196816185ffd3531c58738ce6237b94a839d,2025-12-01,Shoplifting,-0.097291,51.514626,40,1
fdee6ac254429ad3195924fb7d2326a1e1a823fefacf0cf08495731e0e2e2884,2025-12-01,Shoplifting,-0.097291,51.514626,40,1
9e5f80b04d434530df945c2865a9ed444c1b0d399e4476e2e0ce252204148ace,2025-12-01,Shoplifting,-0.097291,51.514626,40,1
7d303661c9821254fa9fb8038ebb6cc3569f032de3b04b1609ccec0362fefee8,2025-12-01,Shoplifting,-0.078755,51.51844,57,1
23424e3bef2eee8b80ac033264c8cddfa23e75e89e66696a83806f896b58ae7a,2025-12-01,Shoplifting,-0.09407,51.513079,29,1
20fb6aa097650e25a79af95ea2928502658d123d9ef22bee04b41e21c44a6849,2025-12-01,Shoplifting,-0.091823,51.514427,30,1
8076ae76ffca3e4a37a7984eee3d271b43a4622331ae9457b5cde0ad58ec0142,2025-12-01,Shoplifting,-0.091947,51.513188,30,1
32546ea52e6b74e7b925f88b65b12eb3406302825db238c2f125d24cce9db895,2025-12-01,Shoplifting,-0.091947,51.513188,30,1
dd82a3f0be0077055a3170f08845114f9b4f7dd2d74f239f00ccb3118f8d3cd8,2025-12-01,Shoplifting,-0.09407,51.513079,29,1
1e7567fdc2f9f5273a792914a93defc81ffc2fd74c247656bd3bcaf232f997e7,2025-12-01,Shoplifting,-0.079883,51.517326,57,1
7adc0d464a1db9c911e0798cbd6f80e833748b41f8ec2a2d36d08f37e706d907,2025-12-01,Shoplifting,-0.078278,51.513666,34,1
ffb1f102eee88f5b56609041a3b751db8a8fc99a28b0bed7e035859ba91f8a5c,2025-12-01,Shoplifting,-0.096501,51.513874,28,0
80494176a371f7d8b6326e4a1f57dadfda80b4dabe37a7b08e237161fdab0b6d,2025-12-01,Shoplifting,-0.095224,51.513736,29,1
a6a886698b9658af3ccf04886958a2e988c4a07a9a088b092bcf25f05f43ced1,2025-12-01,Shoplifting,-0.089479,51.510864,18,0
063b6692077cdb192fc5f7b28c4be02907f4abb9a29c255d081727405defb360,2025-12-01,Shoplifting,-0.095924,51.513882,29,1
8645f2abd4614d3c8d9f028b4520f0c96dd001528e432229b58392bba4d5a028,2025-12-01,Shoplifting,-0.084754,51.512882,32,1
5f2e8fae1c9944c29f97f0fa7a9d608916c80f0b6b30b3fb4cbfd543261064c0,2025-12-01,Shoplifting,-0.083349,51.51483,44,1
7543c83d7e3dfd31384f1ce712f0958577c31cab33e60d817a3b70554af70ef1,2025-12-01,Shoplifting,-0.096501,51.513874,28,0
d80ef97030a819e59394647810cced87b8faa9e02ca04d8342eaee8c849b1f6e,2025-12-01,Shoplifting,-0.078278,51.513666,34,1
b8ab0f86d501eb258e147cf4d6fe3373362ab53f4307495611058bf64216a287,2025-12-01,Shoplifting,-0.085089,51.512105,20,1
b912edfe15a7bf71c233e9028ec6fd424a047b9a26a990a8e01a5d6ec339b750,2025-12-01,Shoplifting,-0.078278,51.513666,34,1
8cbff8aeff32ccf33a7784ad55d6f521b6edf8a1895525836a61ee420d4df6ef,2025-12-01,Shoplifting,-0.081902,51.517296,57,1
c010faf7550eea2af5dbb0cc94da1baa3b38eb01649c57de3e094aec421a47a5,2025-12-01,Shoplifting,-0.089479,51.510864,18,0
a38616319a6b4d4efd88f6123247c20ad15fe3b2dcb459f4c6718f799518f419,2025-12-01,Shoplifting,-0.09407,51.513079,29,1
fdcfacbb80d38bf4edb2434006a2b29af1283728920c1920b3113d7305d060b1,2025-12-01,Shoplifting,-0.09407,51.513079,29,1
9edfdb76ee898208830002d17c80f50c47b2a545a03e4d784099afd268a43811,2025-12-01,Shoplifting,-0.079883,51.517326,57,1
ac3fa0b7b5f3b350d734907b1ca717317e92e11c4f02fc9f40c74f81c6225a18,2025-12-01,Shoplifting,-0.097291,51.514626,40,1
c4d1d8881025d99193ac46f527341a8ec56b9c38a1b81fca842443cfcee17286,2025-12-01,Shoplifting,-0.079883,51.517326,57,1
16bc50e2e2e9ee2d1d787a69839729db263f8a31ec3115c4403236aa25c05d52,2025-12-01,Shoplifting,-0.081902,51.517296,57,1
f09b9d1d546ad17e0e74eece93600a00217a12395a7de713e8c6d2502506589e,2025-12-01,Shoplifting,-0.091947,51.513188,30,1
8436ed117b0199ef3f957c977a3d3f76687986730b41b22ed8acfc639d974852,2025-12-01,Shoplifting,-0.081902,51.517296,57,1
73ad2217db50a30ad4e10331e5d5b9236860888b6f3308f4c57cd4fb1277083c,2025-12-01,Theft from the person,-0.087157,51.512624,31,0
0102211409c908fdfcac8d198b9007c30ec97d43e42aff6a32abae0d8a9603ac,2025-12-01,Theft from the person,-0.095224,51.513736,29,1
187a60387c3a4c81f42fe369f058fedaf9696a986104f6b44744579640ae48da,2025-12-01,Theft from the person,-0.081902,51.517296,57,1
c6e6ecec74e65df08152eb2dd08f687f240481bf0bb3f7a3d40cd827eb427527,2025-12-01,Theft from the person,-0.087157,51.512624,31,0
c4fa61dbe3193c76379533751e5849ad5456eac2c04994e3bed0a4022dc2b813,2025-12-01,Theft from the person,-0.088785,51.517102,55,1
b8624d792c79bf30f7cee644d973d5885d948a87c8ec1435a273a2184da4e642,2025-12-01,Theft from the person,-0.082993,51.51636,44,1
b664cadb8ee6c39ebe388fd1c4a93376c40433cf0fc694edd6950956c34500c0,2025-12-01,Theft from the person,-0.081643,51.51007,21,0
32640f324cd875c87a2643ab9c0ff1744833715284ed076c7b4195aa2c3cc4ae,2025-12-01,Theft from the person,-0.079138,51.508312,9,0
0966695b7635c29b66da67d588498283a213a904350bd684c20d1a71cb3524ec,2025-12-01,Theft from the person,-0.09154,51.511896,18,0
6486ed86f3cb94e8b5dbf1beed37aa591efa4abdc250466ac88e9144aedb78bd,2025-12-01,Theft from the person,-0.088785,51.517102,55,1
919cfc6bb1db7ccf9a2cde22389f0bd9c07b5e4da3ebf4fba62de71482564a30,2025-12-01,Theft from the person,-0.086815,51.517007,55,1
53c696ee5142f7a4cb58e277179e2b6876d6f181c5b487085b797c1c0764c96d,2025-12-01,Theft from the person,-0.079907,51.517785,57,1
09f0ac5fc28822029a575887e7ff344a01bb2088ab221fc8afcc8d653c07be0d,2025-12-01,Theft from the person,-0.080769,51.520236,69,0
1664ed141497038b03d3ae995ab0a70db87897d17a25e81db04fe081316a87ee,2025-12-01,Theft from the person,-0.089208,51.509744,6,0
93aa3f4af367694ae49c8abd48fd9f58007cb1edb063a5acc9a7ff94f3b99d6b,2025-12-01,Theft from the person,-0.102272,51.511656,15,0
f494828bc175d741c020390b37a0ced370d8cd938f21baf614a091f5bf54679b,2025-12-01,Theft from the person,-0.079907,51.517785,57,1
e3cc4131beb1509ebad95c6360344cbcb53a5bc96304311494023992baca0997,2025-12-01,Theft from the person,-0.085089,51.512105,20,1
bab0520ea03851bd5a1da08fca95115587a1b515a1c171ec7d5d1ec9e4934e86,2025-12-01,Theft from the person,-0.087157,51.512624,31,0
3802b8f0076e66b0445039687b04fe7411a81ef8920306626c2cf1903dd24445,2025-12-01,Theft from the person,-0.100201,51.513286,27,1
75c7e19f7ff0a7fba2e59932e888dd9747ac92eb0c55c0f689ca6a4ca076581f,2025-12-01,Theft from the person,-0.085228,51.51119,20,1
53d652d2d6c6c18cc65102cd4dfb20d3c3b765f0f86972e9055752a9607bc281,2025-12-01,Theft from the person,-0.102134,51.513929,27,1
3511b32106e4b8d7865f4c70244157a5da44e42a9e886ba863d5248983160bce,2025-12-01,Theft from the person,-0.084754,51.512882,32,1
f44303f2eb0d48ed6d1e8dd2a3a5a2be24fec23a3bd8e85e43daf111fb5239f5,2025-12-01,Theft from the person,-0.095054,51.510559,17,0
f60a700b563bc2cb0325f070f497f2f39ede5722a84e53ea957dfa5adef872fd,2025-12-01,Theft from the person,-0.100201,51.513286,27,1
f1a1ff2bc191f8d82bce926e46ee9c1e37b3063e9ee299ac312ea2e51e552791,2025-12-01,Theft from the person,-0.077372,51.51259,34,1
0d18ffb4208a312c44bd25b9dcecede4bcd4aeaa4e209efc113260076d278299,2025-12-01,Theft from the person,-0.087157,51.512624,31,0
a7000232767230cbabdfa6f2b4ee1ec72cc803c9a57c9ac84f7d9934075a1cf3,2025-12-01,Theft from the person,-0.101906,51.511794,15,0
784cc1ee4d46eb402d04521372d023b80b3993d61ec088eefcee3e1d618af9dc,2025-12-01,Theft from the person,-0.084844,51.510725,20,1
6c870061a25d02b13941165fe6c808cac1b32257ab19fdd43ab65e569e74077f,2025-12-01,Theft from the person,-0.092633,51.509872,6,0
12631b614b2e4123a1e218995c14a11c989cf463ac4181c2fda4a7c76a3a48b5,2025-12-01,Theft from the person,-0.100201,51.513286,27,1
d5f430414a1da2965707caf60b99ce5ddcedcb46bab40ecaa42933a51e05b5d1,2025-12-01,Theft from the person,-0.085089,51.512105,20,1
522891e012448fddb2fe163e3a16f2c9b4f31e5c6761db173277074cf636ab90,2025-12-01,Theft from the person,-0.081902,51.517296,57,1
6bbd366058e393c16043037b098f9f72ce45804034eb5f07f7d52afe4077f80e,2025-12-01,Theft from the person,-0.104276,51.513712,26,0
e46564b7d90090ce24e7232ba5ac9399875e883c473b84b9bdc97f9f85eda67a,2025-12-01,Theft from the person,-0.100888,51.514448,27,1
735f6c13652cec04e3dc2d77947b471ebb3c6d3a2470232f78ca9bfd567b5cc0,2025-12-01,Theft from the person,-0.091947,51.513188,30,1
090c376a56ca1796e4e74fbb0b23528aa8146ae4ef8e4cc614a3049e6d1ae2c8,2025-12-01,Theft from the person,-0.085089,51.512105,20,1
86ebdc94ef9e42953c5a54998554ca460d5096c7786d9ea1ac8285f682d8bb60,2025-12-01,Theft from the person,-0.084844,51.5097,8,0
c3a4fce3f03a74f9e383306ad11c2eb54edeadfc55b3d1105ec7948f99d665f5,2025-12-01,Theft from the person,-0.088303,51.510728,19,0
05bb69023177ab1a566c43cb8ee664f49e134e5f8c69b04d2b8cc1b5629016b2,2025-12-01,Theft from the person,-0.07707,51.510877,22,1
72ccdf88cd9f63063643cdb7755b93a39404f5d525bbe147dadca0232b2df0da,2025-12-01,Theft from the person,-0.081113,51.516869,57,1
ef0fb83c3280f7310f7ae259ddd118e7fa87c2f25002aaf5c4a5cb4d9d71745c,2025-12-01,Theft from the person,-0.095924,51.513882,29,1
2667aea9f7e448c723f5db8ac56e8f9df4a7be69ad786afe18da835287ce7a84,2025-12-01,Theft from the person,-0.100201,51.513286,27,1
9a85be5c19ee23b941b957e12ab97a7abd5ff936c4b5ce925dc80050fad1ccc9,2025-12-01,Theft from the person,-0.09154,51.511896,18,0
8fcf48a31aa9abc5353de93be238250316c3b252d3b03c3bf66acd41c8ec825c,2025-12-01,Theft from the person,-0.081902,51.517296,57,1
891c669c6331ab11a3abc4c31e8975d2ca050ceb00e292072a52622938ee63ec,2025-12-01,Theft from the person,-0.078424,51.518093,57,1
a82baab75c4654513a6b3d9fbf7133686378367cfe8d91d012358cd63218ea15,2025-12-01,Theft from the person,-0.081902,51.517296,57,1
cb202f540c8aac9026899ed1ad6663130019f4ec4b56699c11ce672bab1a1976,2025-12-01,Theft from the person,-0.078755,51.51844,57,1
97e53f08242e55fefe8840dd716032ca3b442c3bed263bdc451bead0d921d30b,2025-12-01,Theft from the person,-0.089208,51.509744,6,0
1c5e291da98159ba4bf239314d5e2e0eb9078c32e1befa2d35bdda0a6e4d6f4d,2025-12-01,Theft from the person,-0.09154,51.511896,18,0
637b1ad6c869adc8386793a445cd9d3d80d557024adbd8de0bf1b5fe53568ac3,2025-12-01,Theft from the person,-0.09407,51.513079,29,1
f58e3a73e3a954c23020d658d78560a69abc8865d245a3ecd03b94febe93cba4,2025-12-01,Theft from the person,-0.085089,51.512105,20,1
2031365f34e25abbe2cdfe6c25fbce3695eb6621933448efbce303949ec445ce,2025-12-01,Theft from the person,-0.082993,51.51636,44,1
b4158c2c9ca98882f5f6956987f53a489ddcb90b249b00c4eba687e9ad292ea6,2025-12-01,Theft from the person,-0.089208,51.509744,6,0
540023884b6a836d438af6cfb85aba17c533a3f46cb54b5c554c80114c143433,2025-12-01,Theft from the person,-0.082993,51.51636,44,1
2b0a47772eb0775f1a578cfff4e3c2ca366266cf7a4486de3ffa3d3855445a48,2025-12-01,Theft from the person,-0.078424,51.518093,57,1
30053eb065942575c84a74d10470d99d9d475c1756f22b278b9b8a2a0b945713,2025-12-01,Theft from the person,-0.089808,51.517461,54,0
5404cb16e69bb07c32a1e4cca22dd5f19fc25b4d9e6ddd77b108b7fb31e83006,2025-12-01,Theft from the person,-0.085089,51.512105,20,1
48f913d51e65e48f0e26bd0302fcc6000b92514d79e17e9c7fc9bc06dfc8841b,2025-12-01,Theft from the person,-0.085228,51.51119,20,1
a0839cbf70932fc6b70f05821950bd3b4be00acdff84cbc2d277251740140627,2025-12-01,Theft from the person,-0.091947,51.513188,30,1
28da9c6071f44881e2d5a9957aa6e6be73ef9862d35eb421bbbc96c7ee464eee,2025-12-01,Theft from the person,-0.100201,51.513286,27,1
e66114c7828fea8291d23e2067777a4d25ad6f59f1d510514037c8df1cc22638,2025-12-01,Theft from the person,-0.091823,51.514427,30,1
19aded7ab124a6b410b13ff9c7c0cd46ace8eb460b0769043fc0f33ed80d4af5,2025-12-01,Theft from the person,-0.102272,51.511656,15,0
44d1c485b1c9ed328466ed91feb7234b6a6a62b3ea51ddeab0c17e68a59e3796,2025-12-01,Theft from the person,-0.101963,51.510761,15,0
7b459be3fccd5cca9ac356d60e310df3b9038da9c3639de25280e7211a2687d3,2025-12-01,Theft from the person,-0.079521,51.511196,21,0
bc5098104c2f59442d4af1881f749f6206535132f1f1160ad099a71628fc590e,2025-12-01,Theft from the person,-0.081512,51.518692,57,1
96e48e7febde36354f893d2171fb06ca9c87e0b807ad17051af7c6d35c079a65,2025-12-01,Theft from the person,-0.087157,51.512624,31,0
ee377cacf120ced8a0c34d5c44b6230f04dbe1c5d15f2c8e822d6507331ea0cd,2025-12-01,Theft from the person,-0.085089,51.512105,20,1
a175ea113f130878198248cfe80e76c9b55a4d20840966d403eefd6dab33f21e,2025-12-01,Vehicle crime,-0.092633,51.509872,6,0
6f727072869d8e85ab22b0c353c9df8475bca356941c50f66a5623c866d3ed5c,2025-12-01,Vehicle crime,-0.092633,51.509872,6,0
48a7b47da6352cc109ad37f4937e901ad1947d4c545da96f63a82a63464c3047,2025-12-01,Vehicle crime,-0.082993,51.51636,44,1
7bac448aad94cd36a478b9d34a05c50360210941c3608d34b1f535d8ca338555,2025-12-01,Vehicle crime,-0.079521,51.511196,21,0
ac77083c48d5b9b8c2717c6149efcd2e04ca4e2152f18b46f8140c9d4f513523,2025-12-01,Violence and sexual offences,-0.081643,51.51007,21,0
b39b35b1d28584eeb88e7c90048919bc3429ab7f380a7f6171f9a9903de67ba4,2025-12-01,Violence and sexual offences,-0.081113,51.516869,57,1
e20478b1db7b1682f4ab9a6ff3997a3ea59af83dab315d8e830994ce4087c224,2025-12-01,Violence and sexual offences,-0.097291,51.514626,40,1
25bf9130407261b91f3fafa79d690569efe9c2779bdd51bb268b229788406966,2025-12-01,Violence and sexual offences,-0.089208,51.509744,6,0
0030e3fa7a4f58ce15bf7f54c44028c5670ac8ea2dd64cec0ff93b792e9b1595,2025-12-01,Violence and sexual offences,-0.096274,51.511037,17,0
302f4b71ed25180ae2c92f2ce20b87e27ef24ea536491470a66b49ce51d8dcc3,2025-12-01,Violence and sexual offences,-0.090578,51.509722,6,0
26aab57563f9157adb263ae06c7e0c6fac8cb2a3f719a0c81305f8b7bef7014c,2025-12-01,Violence and sexual offences,-0.084844,51.5097,8,0
659287e9f91c1052813f2e8e3862450620df4d95633290509e9924ed53ac0fee,2025-12-01,Violence and sexual offences,-0.101589,51.513515,27,1
697b4bd924651c789fe9f659a9ed76fe7e198d95c2df10bfa6eca0bf33719070,2025-12-01,Violence and sexual offences,-0.09154,51.511896,18,0
065f00e5533da6e0cb0bf5b3f2ad305936e8058ac90fa132890eb3fb3ae0425d,2025-12-01,Violence and sexual offences,-0.091947,51.513188,30,1
1ad2e95b49c6c2678925e3c0d12d013400614467faa1fe832feaa5d2fc096a58,2025-12-01,Violence and sexual offences,-0.089808,51.517461,54,0
b10d63495d188f8653f342a0851a5776836bf0acc4b7663ce0b24ee6b5841c40,2025-12-01,Violence and sexual offences,-0.09154,51.511896,18,0
a092dce4a83e4736338571507c6eb9667e976115e22713e0fa9a6506997ea31b,2025-12-01,Violence and sexual offences,-0.087772,51.510665,19,0
667de01e1f5fa097011dfa4ad70b3d330ad56036005cfaf10ae540a0f9d5e634,2025-12-01,Violence and sexual offences,-0.083977,51.510441,20,1
59c0dbd881365ae01d9cc6756ac363b0daeacd945d44f9c9b31bb337ae5d1028,2025-12-01,Violence and sexual offences,-0.081512,51.518692,57,1
f6bb2fdf739bcf7eff7c893e25f88424a63828878b59a0607fe4fc589e1f9582,2025-12-01,Violence and sexual offences,-0.078059,51.509967,10,0
fdac3b3e8dd64073b6bc5a03c3810b9beb4b231478a9b059c9a862aded658090,2025-12-01,Violence and sexual offences,-0.100201,51.513286,27,1
aba6823dd03f9d47be7d32cbb239d694e53c806ba0bb22b774ac72e5eca69736,2025-12-01,Violence and sexual offences,-0.09141,51.510167,18,0
e971ecea34d7b19a7c3d4520cf3f4ab6c80617204b7505617371607586a960c6,2025-12-01,Violence and sexual offences,-0.083977,51.510441,20,1
6ac43bc1f8b6d6fea5bc9e435adc39d9cf465403d8fd53cba85b361e22338d6f,2025-12-01,Violence and sexual offences,-0.088903,51.510836,19,0
2ada5169f6c58411d060b993951f9eb2b492665e70a761f93cec7187d8fa968d,2025-12-01,Violence and sexual offences,-0.088785,51.517102,55,1
2687f2bd24d310e4f032c8a969279bf00076dc76acb65cdce2315032231f6d18,2025-12-01,Violence and sexual offences,-0.088785,51.517102,55,1
852d616d8a0789a5042c50e3264aac51884197d0dc9aa2c857396fe50b7a199a,2025-12-01,Violence and sexual offences,-0.081113,51.516869,57,1
7fcf0cfcd569c4440be1c93d093fe4c9f57862ed7350f68ba3aaa78293378e65,2025-12-01,Violence and sexual offences,-0.097291,51.514626,40,1
8e6889a50644ee560a780424bd393f1cd703fe3eac190132eca9ac98382bdcfd,2025-12-01,Violence and sexual offences,-0.081113,51.516869,57,1
8b7e6c0a769d13447a884b267dae9b66ae14e80961213f612c86e4ff921b996e,2025-12-01,Violence and sexual offences,-0.085228,51.51119,20,1
db82f489ff3de693fa19191bded00deb79abddd702cc197a63181bc60ec6e1a7,2025-12-01,Violence and sexual offences,-0.079138,51.508312,9,0
14971ae87ac7b841b59c3eadbeef6b62670edaf19bf63ae6a3a84e71d15a62b3,2025-12-01,Violence and sexual offences,-0.081113,51.516869,57,1
f367e958c474f6d5993c55b47837ebca60e478e8af9dc0b63e8c068b9609894d,2025-12-01,Violence and sexual offences,-0.083977,51.510441,20,1
bd76f729742b6827a9d5d997d7dcd8489d0c2c237e69398ed8c8584f8a42107e,2025-12-01,Violence and sexual offences,-0.088785,51.517102,55,1
3ab6f3977a1c467202485fdab5861c820d08ce4b91dd887b8d5cb6f1776da40e,2025-12-01,Violence and sexual offences,-0.087772,51.510665,19,0
c197bb8c8c80e95e58c150e12f57974d28b6ba9ab75684cc4637ecd6d88df02f,2025-12-01,Violence and sexual offences,-0.087772,51.510665,19,0
cb3ff72f678441815c23a24919d52661d95bd467865569eb05da97f8952bf986,2025-12-01,Violence and sexual offences,-0.09407,51.513079,29,1
644b26b800ebe3792fb94036d1030a21c7fb0a0016ea2f1b52bea7f43b5f9ba7,2025-12-01,Violence and sexual offences,-0.081902,51.517296,57,1
fd2408b3b05f7ac16436471ec62cde09638d195f1b90beda5deeac95f2bec6f2,2025-12-01,Violence and sexual offences,-0.096917,51.510823,16,0
e63c5a91fa1f23415b6b00c925969b4a4faf771b1b0ed0363af69c27fe4ea7d3,2025-12-01,Violence and sexual offences,-0.079907,51.517785,57,1
b761f0bfc191399b43dc15de818b21d9fbf6724f19dae3f3e5ff6c70db52ab2b,2025-12-01,Violence and sexual offences,-0.083977,51.510441,20,1
1a5fce0d01346a9e538a51a9762917ae9d7d60c04465fa6939e62401154cc6a5,2025-12-01,Violence and sexual offences,-0.091947,51.513188,30,1
94cdd22f5761ad3b603f0979feb87ad6cc459954168d188a2eb4b73da5266cfd,2025-12-01,Violence and sexual offences,-0.077959,51.511332,22,1
e3993cab9e01515ccba42b1a80276ccac7aa33f7617940778a16fb7e048eaf8c,2025-12-01,Violence and sexual offences,-0.081643,51.51007,21,0
d8e2ffd767ab67ca63d3088a90559d9d83ce2729f95c7b867b840e29393916f7,2025-12-01,Violence and sexual offences,-0.077985,51.518239,58,0
f198c1ecffb091eac26428f8ebf579bdcfad50e0324a402b82ec9d05bcc8b3a6,2025-12-01,Violence and sexual offences,-0.078424,51.518093,57,1
e74ca2d7d13b4d525378c313c5873071459a76efbfaa84acc32ab1f37f99f649,2025-12-01,Violence and sexual offences,-0.09154,51.511896,18,0
820a2fc050948b5ff649d80adb494163b8e154ebba404c0fa2e9a44f06426a49,2025-12-01,Violence and sexual offences,-0.097291,51.514626,40,1
402831a36d68b11e74eece13a576da76fea796b123cfba27249ea750fc0db82a,2025-12-01,Violence and sexual offences,-0.081113,51.516869,57,1
e2473e7977fa8385f95ad5417eda79ddebb3e97e3767df3e90c9cccb7bceef87,2025-12-01,Violence and sexual offences,-0.081113,51.516869,57,1
c1f137a43edb006a93cada7f67629b4d6c8f116e5de7b010a78b4d2f0ceddb05,2025-12-01,Violence and sexual offences,-0.079907,51.517785,57,1
ba0ee04038ef1ad83dc693e43b902aac4f11ef8d3c1d788d8dc821b2ceaddcd6,2025-12-01,Violence and sexual offences,-0.084844,51.510725,20,1
f73a7aec46c1cea78c22478ffc9c6905bc5b6b103a3fa37749f25424878dff16,2025-12-01,Violence and sexual offences,-0.081113,51.516869,57,1
6a2748acaf19b4b0f11cb507af113f1de5ed97b3c2286a33171fbb521e1793b5,2025-12-01,Violence and sexual offences,-0.078755,51.51844,57,1
911c7bc56741fa4525c3d5f2000e31c736ac606661c2f7911a9227dd36ffd7bb,2025-12-01,Violence and sexual offences,-0.079883,51.517326,57,1
342de51d315e43540634f96ab3bd237bdb3359572cb1e97f8e3f443140eaace5,2025-12-01,Violence and sexual offences,-0.095224,51.513736,29,1
8c1dfe4e1ce8cbef4ae54bfb7f9515c0e7293b53746751818fbaf32855fbadfc,2025-12-01,Violence and sexual offences,-0.081902,51.517296,57,1
b7d90fd3406b76e907f0fc562dccbce5181f939e196494f607d1a2390e9a0c2a,2025-12-01,Violence and sexual offences,-0.095764,51.512549,29,1
91cbcaef8d3150dd01fada76cac1f0e2618ecd3b1372855cb54331088dbb7f1b,2025-12-01,Violence and sexual offences,-0.100201,51.513286,27,1
ade4b6f9b7807ce371aecd94aa5e9e385c8c2f8c3b92b1d85967f53b17a9334b,2025-12-01,Violence and sexual offences,-0.100201,51.513286,27,1
bc3c6f7233c00dc4c0ffe5a17a77caed0e5e545bceff85a2aa18bca556a50845,2025-12-01,Violence and sexual offences,-0.078495,51.51777,57,1
460fffe9eaa6372d5833768f6733a6b052a97d87d2a91c9a0d958d0c2f59ec3c,2025-12-01,Violence and sexual offences,-0.081902,51.517296,57,1
bcddcd19ab68973d2a778bf1f70654357ea4c315b941449ea53cf5bd8c2f8fbf,2025-12-01,Violence and sexual offences,-0.083977,51.510441,20,1
ce3a91641b3631a9e9f7ea155d2397bb1c8dc90391a1e805b0db994c9a80a500,2025-12-01,Violence and sexual offences,-0.079907,51.517785,57,1
f018d68e55ad4b1721e6726c4e47e0182b99db13ecbe6d2073c206ff17c459cd,2025-12-01,Violence and sexual offences,-0.078477,51.509965,9,0
c083fcaee6e8584bd27c2607fda2bb5dd6e95b4d37ad18b9d39b601a4e91eb22,2025-12-01,Violence and sexual offences,-0.088785,51.517102,55,1
c37c64d159a1f1468aeba1a84c9dd2378f66e096dfa3d93eff0cfc298324c1e6,2025-12-01,Violence and sexual offences,-0.078477,51.509965,9,0
15f866bd9943d6d0463a0646ee81c506b5d6dea4e96670ed07b08c9cefa551c4,2025-12-01,Violence and sexual offences,-0.082993,51.51636,44,1
455771a2c714c6e779e1ee60669d90cf4044818275cc164c8cdeeb73b1845740,2025-12-01,Violence and sexual offences,-0.101589,51.513515,27,1
aea595e8b65f242ae7c0201a46276af36e7f2234af062906c9939f14fd79f05e,2025-12-01,Violence and sexual offences,-0.083977,51.510441,20,1
3cc9084325503d9cd8b9c8039dd9c78ef272d4fb78d8c4e40839640b847db3f0,2025-12-01,Violence and sexual offences,-0.088785,51.517102,55,1
e81df31f36aa41cfd12f97d082a318f8935aeea2c2fa94e071240d9d6d9798b8,2025-12-01,Violence and sexual offences,-0.087772,51.510665,19,0
9f1afaa94d7348b5349515781b960db63606769d1a7fa0fa219c74093869e186,2025-12-01,Violence and sexual offences,-0.080365,51.508943,9,0
968e955737e94234d9947ad11089a46ab6cdf70bb68a5bebb73ebfc229c464b7,2025-12-01,Violence and sexual offences,-0.078059,51.509967,10,0
d131e96148c3d3be5653e50ade910361eedda321f24e738b3292068c826a885c,2025-12-01,Violence and sexual offences,-0.081512,51.518692,57,1
166700fe2c4ee382f8a7eefdfa0e3dd430a7f2282c46cddd2a76f522d6eaa6c3,2025-12-01,Violence and sexual offences,-0.097291,51.514626,40,1
8830c3400832fcdf97b0dffdae5ef5ab609d044299b43b03a5a9e18336acb572,2025-12-01,Violence and sexual offences,-0.082993,51.51636,44,1
7598d809756630da52045b35ec01cd0c747e0ac889f442f1c256ca18e24b6342,2025-12-01,Violence and sexual offences,-0.091947,51.513188,30,1
7fada11d734ce58001c54fbe84916302fb93d49e7dbe6e5e4e8fe4918b93ce16,2025-12-01,Violence and sexual offences,-0.079521,51.511196,21,0
5e8abd7cd7631181ac9b3cd33edcdfc7ccbb4b18c03f1a67ab486f339158a3eb,2025-12-01,Violence and sexual offences,-0.078755,51.51844,57,1
5985dd20f38cfdf723633349cf3ec7e4c5b63f27cf4a14dc7ecbb0e7fd3fe72c,2025-12-01,Violence and sexual offences,-0.087772,51.510665,19,0
6dcd226a5cb9a66a7417b967c7b5b39742d05f9e3f7d3b422ed4590f9b1f54be,2025-12-01,Violence and sexual offences,-0.081512,51.518692,57,1
9370070d4404f9ee13910ad1a3356735d347f563ca6bc15d3b832f4799485f6f,2025-12-01,Violence and sexual offences,-0.078477,51.509965,9,0
e325cef40309159b0d8a5cd4f78c4e5a00b0072e3553e263bfdca8ea9897ca70,2025-12-01,Violence and sexual offences,-0.091947,51.513188,30,1
cbcedd3a939852d10d9872bcde4c1616f45fdf15a38e6a8a1b952c6bec81ce06,2025-12-01,Violence and sexual offences,-0.101906,51.511794,15,0
4c0e2b30a4823579171534492f11bb1c36b633478f180d224a4cecbf9c29a84a,2025-12-01,Violence and sexual offences,-0.09154,51.511896,18,0
08bfc507552c2aef29ed4d56ebeeae3d103e6b1e41855237a721b47d8101b8ae,2025-12-01,Violence and sexual offences,-0.084844,51.510725,20,1
287f59ebfeda235122065d9e05f477e0ab734f9cb4754bc8df4455c619a91d52,2025-12-01,Violence and sexual offences,-0.081113,51.516869,57,1
94563c8874d2391c1a8f7dbcad56c45b4ce871a33276a7d8bc06b2e6afd96b16,2025-12-01,Violence and sexual offences,-0.101906,51.511794,15,0
9b6bd5d82446068c6078bfaf8f0f527b421477714170a76731ecdc3359c7b677,2025-12-01,Violence and sexual offences,-0.095764,51.512549,29,1
b8f3060ad27be2f7b14b6ba49618b66adaaf7faeadf3b5b661cdb0f4efd7f651,2025-12-01,Violence and sexual offences,-0.078424,51.518093,57,1
af0937b7b74b99e98e1c8dde2cc8cb1094fc2a1199ffb185d9b9900f1489d850,2025-12-01,Violence and sexual offences,-0.077959,51.511332,22,1
98dab99dc469b017da57c045f994e217fcb7afd213b5d8d324e532be44064c29,2025-12-01,Violence and sexual offences,-0.078755,51.51844,57,1
c5df74785e3f4125ac49fb80a377690d2ea53defa3821e39f420a7a23dd1be56,2025-12-01,Violence and sexual offences,-0.086815,51.517007,55,1
ecb6674f5f4a0554cfdff4adb7889b00df129402d5169e855cca4611f50d9430,2025-12-01,Violence and sexual offences,-0.087157,51.512624,31,0
2866a7c8c8e32dc63b51fddf3d0055ec662f227e6fa92d52ce9a014eec5172a3,2025-12-01,Violence and sexual offences,-0.084844,51.510725,20,1
18852098d81f4c841af69b300bf68b8c2b44472af7ef9f641a3b0aebc0d39e6e,2025-12-01,Violence and sexual offences,-0.081643,51.51007,21,0
bc7f4db6e8403736e5055543f0dd4b3014354e3bc8efc4e89941fbd6f3eed502,2025-12-01,Violence and sexual offences,-0.079907,51.517785,57,1
55f55d4b9cdb19e3e79f99acdbaa9ce39108147241ae5a484d0df30181fa9107,2025-12-01,Violence and sexual offences,-0.077985,51.518239,58,0
b9d72dcba5a842fd08ff63b24beeba4ec9403c31d44479103865d512b870c584,2025-12-01,Violence and sexual offences,-0.080769,51.520236,69,0
7076ea363a30bc38c1b921ad04833855435f2246618b6117e75752a041f5f0f8,2025-12-01,Violence and sexual offences,-0.091823,51.514427,30,1
e08d97e7904a76636e5e742f7d686c5c884643df4ff4a43b42ba1bb5f537ef66,2025-12-01,Violence and sexual offences,-0.078278,51.513666,34,1
4ddc0fedbcd7657e294ec61be2967c5511761fe9e6aba7e0f121285fe8fc0599,2025-12-01,Violence and sexual offences,-0.084754,51.512882,32,1
48fed901c3d109a02c00166a78b4819f3d04f7cb8bd71c08a1748c341d75ca95,2025-12-01,Violence and sexual offences,-0.086815,51.517007,55,1
850872cf21caadcc54cce24a7aadae40ee7d81a64c22e6abff0384d6464ac2c1,2025-12-01,Violence and sexual offences,-0.100201,51.513286,27,1
e28498c297f6875259eb63354ea0b38d4685f89e62a177d172c05fa090f161f9,2025-12-01,Violence and sexual offences,-0.088456,51.514975,43,0
97fbce1dead11bb692674f3fc3951a27ca839674041ac5cf1452d1374c444998,2025-12-01,Violence and sexual offences,-0.095224,51.513736,29,1
dbb3e0726850a8b78bc43f2425d037dfdf1d490eb8d65c56fe00bca6c37c1102,2025-12-01,Violence and sexual offences,-0.079907,51.517785,57,1
b1109a3efb378dc42b123e6f5ffb90973b51c2c4fccc0f269092b3cc9b06a186,2025-12-01,Violence and sexual offences,-0.078278,51.513666,34,1
949334e56d1d9cdebba7abba3cca40b58403f02c2e3ade24b236e03c6be92a03,2025-12-01,Violence and sexual offences,-0.079907,51.517785,57,1
25e5c8ca8f31a7599e4d2c87cd5536b53ed96835a0dbf9be9b89b7230c5eca2b,2025-12-01,Violence and sexual offences,-0.086815,51.517007,55,1
6ec54f1f1271c4c04545dc96a928cf2c601faf61a44c5332b3fe8e27502de2dc,2025-12-01,Violence and sexual offences,-0.087157,51.512624,31,0
b5b05edfa5593d86f9d4d2fa8e153bbf774ba725404a7e8b03aafb63a1bee220,2025-12-01,Violence and sexual offences,-0.100201,51.513286,27,1
f55970584b5f478e6a36585159a33caf3ca295bac1212655ed5978cfd8815019,2025-12-01,Violence and sexual offences,-0.087157,51.512624,31,0
5bd9085401bc4935f28bac949e598cd91131767bffc0f2f470512b5e01abf459,2025-12-01,Violence and sexual offences,-0.079907,51.517785,57,1
37f32866b07e145ebd6c5ccb2f30fa2d5bac57d92450daa93d9d13a4d8103bc7,2025-12-01,Violence and sexual offences,-0.088785,51.517102,55,1
dce278b6936d6c0987e93aabdbfc2a86449d742f27ab3ee2a7986c56a87a8285,2025-12-01,Violence and sexual offences,-0.091947,51.513188,30,1
6cc42504d8c67a1bf0b85e97de2da80073b40cfc2a5d7628b53fd620e365b318,2025-12-01,Violence and sexual offences,-0.078278,51.513666,34,1
311e9ab9f69394a1d047e51cc3510806f0bb059099309f29f1ce003433410c38,2025-12-01,Violence and sexual offences,-0.081512,51.518692,57,1
05a27813d3440309028d4d15dcf5243bcbe7689274c96d02d77fe762eab4cfe2,2025-12-01,Violence and sexual offences,-0.095054,51.510559,17,0
8df8c6cb71e05a8023168e389934d470561715b66c718fa9763c236bc5fc6a3f,2025-12-01,Violence and sexual offences,-0.079907,51.517785,57,1
89771e6ca98e1fb1e24ea83291c64a4c2bfeda4a8ac4c6957ad6078853f2d5e2,2025-12-01,Violence and sexual offences,-0.079883,51.517326,57,1
57fb131b4867d6b2a534a28bec9e58ab1bf3e77513d6790e2d1f4b5e660779cc,2025-12-01,Violence and sexual offences,-0.095924,51.513882,29,1
25ba33f8b7210489e6c406a26f7549630e623f7b22432320496f61f40980bd0f,2025-12-01,Violence and sexual offences,-0.086019,51.513631,31,0
2efe59b8f2f0dc745a080f9028af0c38474cf1d6132dcc9d9db0d1ed2dde90fa,2025-12-01,Violence and sexual offences,-0.079883,51.517326,57,1
cbc1db5756c9a0ac7613cdbb1818a317da54743fcc06906d13598ebed5941a69,2025-12-01,Violence and sexual offences,-0.085228,51.51119,20,1
fe73abb297cbc968365d50dab00a889be01ea44710b4df6be0953ab6275194b7,2025-12-01,Violence and sexual offences,-0.095224,51.513736,29,1
ebaae8818baf1a111602d9f72705020d52f32efa127b2927dddf5810ed729251,2025-12-01,Violence and sexual offences,-0.091947,51.513188,30,1
033f0898a87e6a89878b4a4e0e432abedb674c68ff829bdb9fe034d3c2993147,2025-12-01,Violence and sexual offences,-0.081113,51.516869,57,1
894cfd849bada52e1edb8a3c6aec6eaafa2e20a9fe5d390d1fe9fb640490144c,2025-12-01,Violence and sexual offences,-0.078424,51.518093,57,1
0fa9a28304f1cb732005476ba86e6a26fc5afecee1c200ecd4cd12e60d968b15,2025-12-01,Violence and sexual offences,-0.091947,51.513188,30,1
57a7a72e7ff20f2e0dea548aa2b3e66eea5881c7cc5c5cda23202829e8b0d295,2025-12-01,Violence and sexual offences,-0.086815,51.517007,55,1
63db1ed0ae249524edbe38dd3675999b0317f4989d3c4100a07c328ecc61b770,2025-12-01,Violence and sexual offences,-0.083977,51.510441,20,1
0812790402c1ab4425338af7085c24b93357d6e085ef056e4987524cb9c015df,2025-12-01,Violence and sexual offences,-0.097176,51.510836,16,0
3ed06e2925cccbd5864f0149e71734dcc8dcc48f42cc471defd4b1dfcbf67e6c,2025-12-01,Violence and sexual offences,-0.088785,51.517102,55,1
5b0df35d2a73c75b896f823ed21d63de5a2f69d7c9bcddeb3da9e823f201c802,2025-12-01,Violence and sexual offences,-0.088785,51.517102,55,1
a03b74dc842442e421c91d0a85e7ea527f07f9f91ea6d89914c68a3116196c0a,2025-12-01,Violence and sexual offences,-0.088785,51.517102,55,1
28d21e47cd6bfce39abec11c8fd4ce3862a9a4b6a5f7f5919f367613125e8b24,2025-12-01,Violence and sexual offences,-0.087772,51.510665,19,0
2374e70e8979d6fcfcd2f366c4cd497852dc473cb32198f1f1fed6a503f9150c,2025-12-01,Violence and sexual offences,-0.081512,51.518692,57,1
cd67b34a60f1103f5291b540881b225a07b9b90d85f18705b3c270fb5880dae8,2025-12-01,Violence and sexual offences,-0.084754,51.512882,32,1
656d8521fe44f8712c5b5c977bc282276cf992b6cd9c65ce8a189c66175885f0,2025-12-01,Violence and sexual offences,-0.081902,51.517296,57,1
b4fe8884f8e445530784de13d509b4655660a6f8509eea2b739c33dd6b4a02e8,2025-12-01,Violence and sexual offences,-0.083977,51.510441,20,1
c69f7e2c6ff303f858c4d7cc3a4b5bed550aa9b0c6d277b694558749f7e8a23d,2025-12-01,Violence and sexual offences,-0.083349,51.51483,44,1
6afe1022c8ef971cf4743667ac01119f1a2278b0d6702be0d23602bd2cc5aca5,2025-12-01,Violence and sexual offences,-0.096501,51.513874,28,0
9f570ea6e39c8f0a250fb308a8e3ab41ee5d24fc931f274538e7000ea5fb4363,2025-12-01,Violence and sexual offences,-0.078477,51.509965,9,0
a8e82099b7cdeecb642998ee4dc346803e4b5847d362462c0e9795ae978a6b4b,2025-12-01,Other crime,-0.088785,51.517102,55,1
ac729d689672250b235ee08f71132af411f5b09c3a9664ce4b9a9a88b3aefb5b,2025-12-01,Other crime,-0.091947,51.513188,30,1
557c112b6121898cbab9bcda0e037c72e0d3a5bc6410712a239dc0d7a730c1e7,2025-12-01,Bicycle theft,-0.101359,51.5187,51,0
be4eba4ed3dcc56adfabfaaf8552abe29d87b342b2cd880d015a37f7dafa0c3a,2025-12-01,Burglary,-0.109387,51.513839,25,0
2d2326be1ccdb69d66f2de398b3f6768a8af20816ee0a07b10b1ba830598ad14,2025-12-01,Burglary,-0.10498,51.512033,14,0
ca12ec9bedbb4100aee3a7e749a9ee364f7b5a9d97578f2e3666f866dfaf7abc,2025-12-01,Burglary,-0.10498,51.512033,14,0
f6c7cc4b703845efdbd964c0e52b5a2ec0764265b6ad7a083ed9227e018b407d,2025-12-01,Burglary,-0.108017,51.514213,25,0
6ca165f83e7b5f1c4f2f2e3bf6363313af570fd65e409f7711abac502415fe1a,2025-12-01,Burglary,-0.110474,51.517193,49,0
df1254733068679420cbe5c05b9cf2251d4fbfa87d50ff97a3f2723f7e7a7310,2025-12-01,Burglary,-0.10498,51.512033,14,0
31e0ca5829ac339b191b9f8ebd4251c314278ab978f2b44752bb832e99855024,2025-12-01,Burglary,-0.108017,51.514213,25,0
3c48b90bec2777748416b324af830f8146b441ae8f3289d60cbfdf766371054a,2025-12-01,Burglary,-0.10498,51.512033,14,0
b7f693ed8707a9c437e137480d130c434488e658b7483a24bb04a37825969110,2025-12-01,Burglary,-0.108017,51.514213,25,0
81a0f973bf6eb504788ad7338ffff2ed508e5828d8616e39d62e0adec2c6f0d2,2025-12-01,Criminal damage and arson,-0.101621,51.516906,51,0
9f12d34b20f7a88f1df29713a24cd4e13a01adc9f0189a24eeb43cc1d66f5b15,2025-12-01,Criminal damage and arson,-0.105131,51.513941,26,0
216bb0c75066c5a2f63b60a2dd33558df8d005c29d72e1fd669711044d43f8e2,2025-12-01,Criminal damage and arson,-0.106076,51.517239,50,0
d2c454a8fb8529c2b6a28ed24150ac50585648829f2dbc2ddc040208748f2407,2025-12-01,Criminal damage and arson,-0.102726,51.513911,27,1
2de90149b30bb973eaed5bc9f283fbf5af5bebeb307af25c8ea34c8f8415d63b,2025-12-01,Drugs,-0.097959,51.517629,52,0
fbe49d7c2be31f81d4ed122af0b068eb63795c87667a145d76de8bd3d7852b7d,2025-12-01,Drugs,-0.106076,51.517239,50,0
bcab1d5add30d5262e4f139ca3f0e1d4625623d9d60108eb604fee673f72cbe5,2025-12-01,Drugs,-0.102726,51.513911,27,1
52e17852638af4bd1bd99e50b0f74b66a1903988bde4c95b5287bf60076ce284,2025-12-01,Other theft,-0.107201,51.514092,26,0
aaec356418e321dbc130350ce96bbf4940122786d0f1cb3366460bb9c6849a58,2025-12-01,Other theft,-0.097959,51.517629,52,0
55845af739d859fb061a2323ea8051f75a3ec5c774e4b567e3544f1035f95f1d,2025-12-01,Other theft,-0.107201,51.514092,26,0
cf2e03bca834c3a6a03532cda3a61b763a174bc10c058cb0b288edea7bdceb95,2025-12-01,Other theft,-0.101359,51.5187,51,0
adca41673520ee28c2de1cdbfe04f18c66efa9ea603a4448c6e33c242209a15d,2025-12-01,Other theft,-0.10498,51.512033,14,0
957a103f3f6b03c24af23487be20d2161befd0f02d4a195a4cfa3290f06624ce,2025-12-01,Other theft,-0.101621,51.516906,51,0
ccc481f848ac8d41d2115ba3683c8a2a4edf1b7c21bad791cf8c1162e138926d,2025-12-01,Other theft,-0.109164,51.517846,49,0
9f95fdcb0137a962afa977c80460d48938e13cc37b8a1f5c220baebe6bc785ee,2025-12-01,Public order,-0.106076,51.517239,50,0
8b582c7438cc7eb4d1c39f9a1d8d1a132b6370cd95a563ec247b4f840904ca69,2025-12-01,Public order,-0.101621,51.516906,51,0
7eed1096b1dc46a3115568f46af96dcf12575e137f47ef09a1c013b06a42b2ca,2025-12-01,Public order,-0.105131,51.513941,26,0
985d37ef4c3bbd4a8fd25096b3f85ff55ad0da7b8cbbd50781deffe664c96289,2025-12-01,Public order,-0.10845,51.514202,25,0
1d256f6ef167e53ef77cdd8fdd80909aed5a2523a6ddc88ca9646bf1abbb1816,2025-12-01,Public order,-0.101621,51.516906,51,0
b6f838092f7a34765b9bb55696247fb780e8c65bd01b2525c6ccb19e221f791d,2025-12-01,Public order,-0.101621,51.516906,51,0
7f54b5be7f21373a637b19e03090ba6de628a1cdede46bdeb62b4d97fc09d690,2025-12-01,Robbery,-0.099803,51.519026,52,0
49bea2335015bc2a053ead68dd8fe655cbc7ad2186027d3218fd8b753a152608,2025-12-01,Robbery,-0.10349,51.513897,27,1
3f61c2ce802f54433d35434863788e8d469ec1986f4c61d033629c9b75fe9a19,2025-12-01,Robbery,-0.098204,51.517984,52,0
79306578c52730232ee59f00b4cb96add677591a5e1e1b410d6370b2fdc81316,2025-12-01,Robbery,-0.112953,51.518231,48,0
51b58f65bc85fbb3735173726e6a100c748aba0b6dd1ba1d29b3b6bd4e2e52d4,2025-12-01,Robbery,-0.10349,51.513897,27,1
dc50c31890bd1f892ae1529980b8d435efbe36965f7946453cda52b916d1bb4f,2025-12-01,Shoplifting,-0.11069,51.517916,49,0
d00f71e6ee0e2aa54ea807843d2c53e008c8ab610fa01f561ca5de3056512af6,2025-12-01,Shoplifting,-0.106076,51.517239,50,0
ffd770358d63608b96358bf5efc578917d85473cb2b322f081905e96405f6194,2025-12-01,Theft from the person,-0.106076,51.517239,50,0
967d255af9de52c745b8e16e76b2a498f4c887ccf0745f8cde6ab9d3bd243c98,2025-12-01,Theft from the person,-0.102726,51.513911,27,1
80e87f2de5a30c37b6cf951a9bcbf23d71fb787c390e7383aabb703242dfab7d,2025-12-01,Theft from the person,-0.106076,51.517239,50,0
3fc3afabff3e6fe389a778dfc43c16d8487c440eabe48bc30b2710f7608164bd,2025-12-01,Theft from the person,-0.10498,51.512033,14,0
3576797efcb10fb6db4a3df7c4c68b389723f198d67a6b36ef72fcc30702b10d,2025-12-01,Theft from the person,-0.10845,51.514202,25,0
f89a27b0fbcbb05da9ea2034459baa4bd172bb0b11b88b051cb6d540c98fbf07,2025-12-01,Theft from the person,-0.10498,51.512033,14,0
e95bb8ae05acf1f819376cd6fd92afdfe2c776e1607dbdac1a4dd9994eea454c,2025-12-01,Theft from the person,-0.10498,51.512033,14,0
d9945e2a23f2f5da63ae4948260d3e3d9fe12bb11d820b529c57fab0196a11ac,2025-12-01,Theft from the person,-0.106076,51.517239,50,0
e36003b7c760103385efc74255021cc980da88efc5a18794e17a63db7bf1fbc8,2025-12-01,Theft from the person,-0.099803,51.519026,52,0
0049d32e81fab6d7e94c1299be603f42aba96c10026794b90a8155e78d7c9465,2025-12-01,Theft from the person,-0.102726,51.513911,27,1
7e7f7b09bfd4af6cb2243bd396804adb7f0b928714852516fe6c626598b1908d,2025-12-01,Vehicle crime,-0.107443,51.515534,37,0
157b2b5c515575c9365ee73fc9dc1460eb1e9b7663219ad8ebf458a754790549,2025-12-01,Violence and sexual offences,-0.109387,51.513839,25,0
ebf3726376840d1308ef1a15d7ec1191455cbbebe5b87110f14cdc21bab5c144,2025-12-01,Violence and sexual offences,-0.10845,51.514202,25,0
0adf45466202b124799c15d7bae4cf926ae19ac8eea9f4e909af54b44593b44a,2025-12-01,Violence and sexual offences,-0.106076,51.517239,50,0
81d3f54e356ceaff8ca8b4188fbc66367f2a419cc34a52ac42a849d9bf0e5e17,2025-12-01,Violence and sexual offences,-0.099803,51.519026,52,0
8a865a6fdc04711898d7f031afe40987589d3c3ccb85549fe2c28c330826e024,2025-12-01,Violence and sexual offences,-0.107201,51.514092,26,0
7e8f87c48e663f651741152d64486fcaeced8b71a58391b8fe251156874179b7,2025-12-01,Violence and sexual offences,-0.108909,51.515297,37,0
1ec338c74cbc1d8cc16fa2081c31e65391b5714e492e2506889ece07a9251df6,2025-12-01,Violence and sexual offences,-0.101621,51.516906,51,0
f7234e24d1b0cd8c7f60bf1822b34e1fbb0d44991b4686ae6f41d1b3f4910bc4,2025-12-01,Violence and sexual offences,-0.101621,51.516906,51,0
3ced9350a14d4c738c87786121585932ae4ca1db7e36bacde73d5b57a29bcadb,2025-12-01,Violence and sexual offences,-0.111296,51.516136,36,0
4f490f17797893d9151ad3c842f3e4b69a113ec99e5877c45fdbaf383c501122,2025-12-01,Violence and sexual offences,-0.109387,51.513839,25,0
6891505915da9c5938c751b597ca41bf0f9dd00f621b218b84ef0aa29444dced,2025-12-01,Violence and sexual offences,-0.112111,51.517687,48,0
1509c555d445294962bc0ba58c9931551a60267b0c458535bfc1ae5aab9b77f7,2025-12-01,Violence and sexual offences,-0.101621,51.516906,51,0
3b82a7fd295a794a2840e6c202924c07c50db3719e35dffec6949f572bee02d0,2025-12-01,Violence and sexual offences,-0.099803,51.519026,52,0
73f570864f413b291cfbfc2262e4e7feae84e9350a0996291f056af56abeb476,2025-12-01,Violence and sexual offences,-0.108027,51.511884,13,0
13819eeb0488d033fe6cddef71df6e9992cbe675721dd13e0b70af84ef21e123,2026-01-01,Bicycle theft,-0.097078,51.519045,64,0
037cd046f0618b36657110da0252e7f0dd1b36f8fdf650da3f181e396fce09b7,2026-01-01,Drugs,-0.098519,51.517332,52,0
ac13707c59783fd5f873af2594fe4b3e9fcd6f329336163e4d91dd8c2f13d16b,2026-01-01,Drugs,-0.098519,51.517332,52,0
878f062ce4fe553955f6a9f53bd6a76f1c061acbcbcef66cdb6ba4b2df637c9b,2026-01-01,Other theft,-0.097245,51.515387,40,1
637e932ea0dfc7ae084fa5eb2b7d83892368d3a6968a1f0647f03325685f7f4e,2026-01-01,Other theft,-0.098519,51.517332,52,0
c065d4c1c0d55edb945d615d1acfb02b3b7547f350dfbc4c3c3b7804838d14b8,2026-01-01,Other theft,-0.098519,51.517332,52,0
47b9e22566004d424ab591c5ff3227a1102db46b67581b06fd48748d7dc09a83,2026-01-01,Robbery,-0.097245,51.515387,40,1
ccf65f5f11e602c2b5db559096d2e459d1dc5a8ceb97420407836ed737aba754,2026-01-01,Shoplifting,-0.097245,51.515387,40,1
3924c32a577d2bd5c90d65d65b7834548a09657066375c1424c37566ac79f9e4,2026-01-01,Shoplifting,-0.097245,51.515387,40,1
970d69bf97361f71860e757bc03f014a703e81db7b00c0ddba0b38f6f1b17ae3,2026-01-01,Vehicle crime,-0.097103,51.518461,52,0
04e4c6aae8b242e18c690253e9bbd6426c405168abc1e5617209adac404a898a,2026-01-01,Vehicle crime,-0.097078,51.519045,64,0
29e4c040e9cf1133f9411bdb7f24abb13e670fcd4b78915a8bdd68375e522d7e,2026-01-01,Vehicle crime,-0.097103,51.518461,52,0
63957712d4c5fb97795892acca41f57397ee40fba49d9b7f84e85242945e1c32,2026-01-01,Bicycle theft,-0.092488,51.520598,66,0
090724bf130a60382c94af965b9ccf2adaba411c66bb72f601d290c23b9efa02,2026-01-01,Bicycle theft,-0.092488,51.520598,66,0
61aaa283e343451f996b12b3ee1ddbb45aed6fc5c5f4234c7246c35cc2af7ca7,2026-01-01,Bicycle theft,-0.09413,51.519961,65,0
aee9d6e721281c694885ff83b3abc289786017bfb2967a669380e342ede5535d,2026-01-01,Bicycle theft,-0.092488,51.520598,66,0
4571798f353659b1da0db4b692e19ab0648761eca8d0328380aad5e5670dec5f,2026-01-01,Criminal damage and arson,-0.092374,51.519517,66,0
1f188416582fe529b1835b9e4e23189e859b2a180ce1aa8077c9a5fc86cd16dd,2026-01-01,Criminal damage and arson,-0.090105,51.520001,66,0
f5a55a6baf6148c86df426a905bd7c4df840462b82550602aab783affbb8904e,2026-01-01,Criminal damage and arson,-0.093886,51.518166,53,0
21a25366204ff82dd8a76473f507460f5d84378ebc21682418ff3c3bddbed5cf,2026-01-01,Drugs,-0.092297,51.518949,54,0
443abcc5557cfb3645f26b16337f030d8928e2211ac095ac1f152d60f9f710d6,2026-01-01,Drugs,-0.093271,51.518066,53,0
06fa8ec4cae2922cb1eabe7eb31a24857cd99bcdba253f11938e200120c989e5,2026-01-01,Drugs,-0.090553,51.518948,54,0
1b1226914f75f105cd6050bf1066396dcb59422dd04834e70ea6784cd95e0564,2026-01-01,Drugs,-0.095026,51.518499,53,0
5ea6639fa41893075e03f19a75585ac81b67779c2a2a66fb847eee528a6445f8,2026-01-01,Drugs,-0.093271,51.518066,53,0
b7fa58fad757fcd717824e2aae71bbff5cfa62ca6e089c83539accf7c182b610,2026-01-01,Drugs,-0.090105,51.520001,66,0
daa63e3ad65e4cd8bba5c335e1cec2a2c9202d7fc738979e4813ea48d4e4a734,2026-01-01,Other theft,-0.092971,51.516271,41,0
ef853ef7d99ec3f3a171f4d8558ad14cec60a441bed0dc413856495871547afd,2026-01-01,Other theft,-0.090105,51.520001,66,0
7ffc1e52036d5652381195bc53ee93110e6b4b47515c59352679dafb4c3d2c3d,2026-01-01,Other theft,-0.090105,51.520001,66,0
765bc18c8f1f25edf8d89d3216df36eb89746185f27beef3f0b46c5b2a8e0ccc,2026-01-01,Other theft,-0.092971,51.516271,41,0
12874a90e65d28488ad6f1f7e1d102ce0b165bdada265e3ad80272dcb38f92ed,2026-01-01,Other theft,-0.091495,51.518145,54,0
7679ec80ce5de31259d909cca0b67ce17a2a8ae01f843f298db7c993e8c933de,2026-01-01,Other theft,-0.090553,51.518948,54,0
db26e6cfcad5ea9d9abea2e732129372341da25d02f902365fcb630092fd6947,2026-01-01,Other theft,-0.090553,51.518948,54,0
ecff61026e7179fc4905a0270ba4bb65a942bdfae05dcb6fb5a8f205915013c1,2026-01-01,Public order,-0.09413,51.519961,65,0
007031c46d0cc4aeffd5ce38bfe26d7e6c330ed34f628a2ea816388f538de1a0,2026-01-01,Public order,-0.092971,51.516271,41,0
9e367bb7d304f735283931ad5a0fd6cf428c209d81a1b63781179fae42c3e126,2026-01-01,Public order,-0.090105,51.520001,66,0
52a73a583362daba4e402e5f7aa2bc7d967a1433ace7e89bd7d399bc155573d5,2026-01-01,Public order,-0.09413,51.519961,65,0
97f9cf01256ed74f90eead6d45c839748bd914192fbba386d973171dc9b25624,2026-01-01,Shoplifting,-0.090553,51.518948,54,0
e6a355fb211686049d0534bca57f09a1df01c29cac9abbd2dc71c7a8ade0b3a5,2026-01-01,Shoplifting,-0.090553,51.518948,54,0
7a78d9810b2b2a0221a9c17c4dd6a05559db09b107e0c689f4459d1eb5cc6557,2026-01-01,Shoplifting,-0.090553,51.518948,54,0
032425e8ee518a72a4deee285d00501772d6c34a0e13af94e95e864eb9e5ba5d,2026-01-01,Shoplifting,-0.090553,51.518948,54,0
6b649e6460f6e4ff2330c8ce25a4e08019357363ca6d0f3ba808c9576f60c567,2026-01-01,Shoplifting,-0.090553,51.518948,54,0
4eb8b3b81f7abe472246688f697f286cfd5c8e95c4a9f3e77e46f264b14108ad,2026-01-01,Shoplifting,-0.090553,51.518948,54,0
40c6dee2d8689cc14beb0f1d0e750d3685f1ad035f18988cf3e70692aab10f20,2026-01-01,Violence and sexual offences,-0.090553,51.518948,54,0
e1a4c9cb93bd54bf8d4b10dabe30d8a268229125ffbe000b5213d5200fec9419,2026-01-01,Violence and sexual offences,-0.090553,51.518948,54,0
de9db8ee3be20d68865d5810074969fffc735ae32db0cc4bb4b9e2d84835047b,2026-01-01,Bicycle theft,-0.096984,51.522426,76,0
b83a3a0764d01c8bb8492e46645f5bf29d13bc017be2ec858bdf16ce775fc338,2026-01-01,Bicycle theft,-0.095053,51.523022,77,0
c6254fa0e1a2fa7b779c12d18bc74957bbdfe5f3e0fa8de2e2ef305fdef2d893,2026-01-01,Burglary,-0.096984,51.522426,76,0
fd76e564714ebebb1ce0c40ccc073f4b8cfd269ed3e0e3a372a7b213d9176f19,2026-01-01,Burglary,-0.095758,51.521667,77,0
434c5d0e467b168abdd9a2894d07235a705ff2e4601e0ee855b075270bbc4c87,2026-01-01,Burglary,-0.095758,51.521667,77,0
d81350d5051a379207cd3fab48a992875de1cc60ce69f96b39973240f7a168db,2026-01-01,Burglary,-0.096984,51.522426,76,0
47bfba16c7c5356a02dce885329e37a0ce266319ec4b9b817b6a8e0cd5a5dc62,2026-01-01,Criminal damage and arson,-0.095758,51.521667,77,0
f3ce98b59cc7d7366bdee2e35c667bbc33308d60dcb90509a1d3500749a67ac2,2026-01-01,Drugs,-0.095053,51.523022,77,0
bc65d6287cc0317a20bf2b707be35bbbca8cfda5e0e41259fabb4846cd2c0104,2026-01-01,Other theft,-0.095648,51.521198,65,0
0bdaec812bbae00652d802552fbc5363582595946a746848e58e40c755393ba0,2026-01-01,Public order,-0.095258,51.520526,65,0
725432e04df86e0039f446dd6a7fe7378741e7783bb846502d2a9245529b6405,2026-01-01,Theft from the person,-0.094759,51.521435,77,0
40f050e4214c66312e6c9ca4d4471852bf8d686314a391c1a2a3373f032db044,2026-01-01,Theft from the person,-0.096114,51.520747,65,0
0d6bd040f62189bfcbb6d12def5a026c59e9f13a71e4c078705d8b86c45cef77,2026-01-01,Violence and sexual offences,-0.095758,51.521667,77,0
bbc17f6da37224d04adca31eef1cb5d8c7d4c850088c44f05e8455ef198c1cd9,2026-01-01,Violence and sexual offences,-0.096984,51.522426,76,0
0ee0c81ba307109e961bd5d61780bb2ccd304d5f0a073c1be37ed0d508524f21,2026-01-01,Violence and sexual offences,-0.094759,51.521435,77,0
1a7f42dec77229659bc24280cb8e862581ce8e376d201d08bc8e8282a125d868,2026-01-01,Violence and sexual offences,-0.097706,51.522652,76,0
,2026-01-01,Anti-social behaviour,-0.075453,51.511965,22,1
8474305f2bf9a6a4043d3703a4a2df0b2cff4300c06964fe8b7cb02977f31ebc,2026-01-01,Bicycle theft,-0.076716,51.515178,46,0
54a9cc39b29803b7a1762fabea5002eee19791c639def72f4a6b9e99a70f9150,2026-01-01,Bicycle theft,-0.073103,51.511981,23,0
82ded290072a1706a53fc1407239e86c02cc69e3a4715b7786f4f2af5cca4f60,2026-01-01,Burglary,-0.073531,51.513813,35,0
7d7ecff1c5bd15d7d80dbd70c30cd2fcd44df9a55b96d24bfc60e09e5a936747,2026-01-01,Burglary,-0.076145,51.512642,34,1
c7034b3449c9c8dc6f267c3a2bce2cf2a64e3df5ba7e378a171d1d1635187b1c,2026-01-01,Burglary,-0.076145,51.512642,34,1
fa679e8db787ac218512de20aa4121f14f2a893c708702edde5738012ca9ec8e,2026-01-01,Drugs,-0.077511,51.515812,46,0
1fcccd7be81f81fd444019e02ae162c3e9fcb3f2f53dba38b17c07f4eb397918,2026-01-01,Drugs,-0.075401,51.511164,22,1
2a37a7a1c6682598fc7060249e188ed406bdd1787d3ad44785eae45caddcc13f,2026-01-01,Drugs,-0.075453,51.511965,22,1
dc338d28974204af6734ca43ce58021ed2ebbe97e39e7580ddb518e8915556e1,2026-01-01,Drugs,-0.076145,51.512642,34,1
33351fe1602a964fa035265144b4c778c061e6fb1d7a83de90756a6978a16af2,2026-01-01,Drugs,-0.074925,51.514924,46,0
85a8eb884227ad035964e3de189395564175f219a9c92eb99c608172fac7ab71,2026-01-01,Drugs,-0.075453,51.511965,22,1
79d9cc8b2537bcb186d57db297579c161e57808579d0565d02bf6c8836e89c3c,2026-01-01,Other theft,-0.075401,51.511164,22,1
95775cd9417a350972c672971a221a3c25d4e1da05b776596007218a3cce095a,2026-01-01,Other theft,-0.078839,51.515753,45,0
6853b5a519151ac0e43ec5a52adb500623fcb9aadc912a60bb5ff52b4e09fd8f,2026-01-01,Other theft,-0.075453,51.511965,22,1
c3fc2c726306361bf51c375dbb62904c6a64f037c9f3c8e4a4df96c8a0cc9394,2026-01-01,Other theft,-0.07508,51.512625,34,1
12753cde8306d19eaab64a803aab527e702b41f551f0abbdcc8fe9071255bfa0,2026-01-01,Other theft,-0.078839,51.515753,45,0
d1dbab313f3d9e41729dd776e297664a405c137175c7c9b5cd76f6b2a863a0fa,2026-01-01,Other theft,-0.07433,51.513647,35,0
29b7311db8b3c113db98293931dfe80190d70857c7dbfa5dfeddc368cbd3eae2,2026-01-01,Other theft,-0.07433,51.513647,35,0
66f7ea599f5d498d267adf6e627ed5ecd95b4b75a9359cda73842cd8abb25b53,2026-01-01,Possession of weapons,-0.07433,51.513647,35,0
a9b09adcd1312ad97fd8db1ace9c00fb6c11b5ce506ce6da50c197820e2c8334,2026-01-01,Public order,-0.076145,51.512642,34,1
d6d2d0f96b16d766cf15e6248eb58475add6091a71e16230c9ee8163890fbb9b,2026-01-01,Public order,-0.07508,51.512625,34,1
6a68c7d8959936c00e4b506c1820641418e37f24ac28aef62072d4d2bd5ccc49,2026-01-01,Public order,-0.078849,51.516212,45,0
aad4c16626ceca813187aa741e720186073f7d7c040b156da18bd4a9e0767dd6,2026-01-01,Robbery,-0.073067,51.511809,23,0
6754e88204dd31ee498f6cb77e97b3b1218aaf6078ede6580e7a79491854b922,2026-01-01,Robbery,-0.075401,51.511164,22,1
bb8d4602a744197bbb5dc35f8799dbaeed084578e2fa96dd14aa3548e708c754,2026-01-01,Robbery,-0.076145,51.512642,34,1
168304888c9f6061ca833ddb1ddfd08bf2513a24932b4b023ac4b93b518fc757,2026-01-01,Shoplifting,-0.075401,51.511164,22,1
cecb9c8271f03a4c0c7e49ab1dadbe7d6456e0ed617544d6cf4c4b7cd92310fc,2026-01-01,Shoplifting,-0.076145,51.512642,34,1
fa2ada083d48bef99f04baa51f1a5275cbc6aee458af35f6798ce69ad7cbcf65,2026-01-01,Shoplifting,-0.076145,51.512642,34,1
caa2e0f0ea125fea33dbd44cd9e44e2fb913b7a6ce4ec3d2562f228f47851aee,2026-01-01,Shoplifting,-0.076145,51.512642,34,1
cd7428e02956bef0234a44f22047929d73f17f2fd6eafd32f676bb978f8b801f,2026-01-01,Shoplifting,-0.076145,51.512642,34,1
30f49be4179c0fad9d35bb42d390db969859cb4ef1aa6fef031dbb74f750b045,2026-01-01,Shoplifting,-0.076145,51.512642,34,1
ef6ce08850836f12067fb2247f678270e9eb0a5a8f597ce418aa583606ae04f6,2026-01-01,Shoplifting,-0.076145,51.512642,34,1
9c64024b4a7fa1b2bd97806bd304e3ee2a41c1172011448dc5aa2df82cdd2d13,2026-01-01,Shoplifting,-0.076145,51.512642,34,1
4b5c89e3b2f5e9496ed7ef05d0c0df43e5a301b9856ff4550dc67ad23d5b9348,2026-01-01,Shoplifting,-0.076145,51.512642,34,1
c5fdde302f9c79effc95d5ac66f57b80dc4b9bdf54bed9431e054185d2368654,2026-01-01,Shoplifting,-0.076145,51.512642,34,1
deeb1e21eef73df51c7b4b53c884db5185e5703c74135dce97c6c36e3a5dd9e7,2026-01-01,Shoplifting,-0.076145,51.512642,34,1
08d27454be9d3079909a12784aae34011b6cce31070fd09f3e202f11ffe67f8f,2026-01-01,Shoplifting,-0.076145,51.512642,34,1
64ffd593784c733a9f82c99ac30a546adabc0a47f85c819103c4249edbbb51f4,2026-01-01,Shoplifting,-0.076145,51.512642,34,1
364c8c6395abf790ff3503ef0091da55e5603ad139c892be2c3eae0e2b3532f0,2026-01-01,Shoplifting,-0.076145,51.512642,34,1
c8950e0cc98ca4798b0473132e0f3ab5417a1d21dfb137286404c96126d0e144,2026-01-01,Shoplifting,-0.076145,51.512642,34,1
3c9eef79a1f4423453808c9a33af6bf9c15df464da09965b41e52ec6d7c212fb,2026-01-01,Shoplifting,-0.076145,51.512642,34,1
752fa928b5d87d989fca081ddc32caca1feed1492fcf61bedf8c0180eafa1ab3,2026-01-01,Shoplifting,-0.076145,51.512642,34,1
5e52d2fec1ab04bbbe71a2f7e4f5624e5eb6c4a3fab974e8c768181175c718fb,2026-01-01,Shoplifting,-0.076145,51.512642,34,1
b81ebed97e6976090e66376f83b9a3ff37b8d6ae6cdcdc4cb9a41f54755db752,2026-01-01,Shoplifting,-0.076145,51.512642,34,1
752d0f5055cd433d9a60225885b5f6888ba5afa03073557613f56c972b55bae0,2026-01-01,Shoplifting,-0.076145,51.512642,34,1
26944af2b79079e688acdff2ef74857e43b4168ff02b8682fa8312d1cb473b67,2026-01-01,Shoplifting,-0.076145,51.512642,34,1
a5fa9085567489115e4f1b2171ecbdcc565e818f7a95df16b70d2814dcbb0246,2026-01-01,Shoplifting,-0.076145,51.512642,34,1
ffeeac540c496510ffc5022edbbe94ebb68b032acb887bfde21bf26432330abe,2026-01-01,Shoplifting,-0.076145,51.512642,34,1
af04e3ba5d930974d681e0fae61673814498042de1d63ecf6c921af3612fa441,2026-01-01,Shoplifting,-0.076145,51.512642,34,1
5a7d31846736eb4f7202ca81e2c799eb823f395fdf8076b5996a88ddab919f49,2026-01-01,Shoplifting,-0.076145,51.512642,34,1
3c3917c70b23a5496e5f08595c076519a3ffd1dc520a2bb16d2af392e253e67a,2026-01-01,Shoplifting,-0.076145,51.512642,34,1
1b8b85911301c42d2b969f92b4023b73247f11c5e31c07c17dacdffe04b69a96,2026-01-01,Shoplifting,-0.076145,51.512642,34,1
59a433bb601ea4bd1d4bd823a39ac72a0398315daa07e001116325ec3783f293,2026-01-01,Shoplifting,-0.076145,51.512642,34,1
501684fd3352043979f747c3916915c575ddae071713df60ea9ff66a581921f7,2026-01-01,Shoplifting,-0.076145,51.512642,34,1
c9e9aba2a593448657a2981e008e48a23e9947ea6b13af7a59b625d749269d08,2026-01-01,Shoplifting,-0.075401,51.511164,22,1
1578cb7cced7a1e87c98bb24ae27386a7fb7f49b7ea8e17ff68402ffab2ef332,2026-01-01,Shoplifting,-0.076145,51.512642,34,1
e43ff59decb63ff1d121a2018a54fd35dfc92b6bcd1c65e0a6d75518e503217f,2026-01-01,Shoplifting,-0.076145,51.512642,34,1
158a832169ce7b34f1684e5b808aa02c14a7f15b045b723bd5174f639f27ef46,2026-01-01,Shoplifting,-0.074925,51.514924,46,0
bd3b03f018db41b46e3fdaef35886f972236740fcd405c32ccc4a3a8ef30ea46,2026-01-01,Shoplifting,-0.076145,51.512642,34,1
7d7cbe87966d26869706c9165e7c887947c0e4e0d7ca087fda880a7d98318c39,2026-01-01,Theft from the person,-0.078883,51.515385,45,0
583e8767f2e2d25cf74c7caf3c4d07f15eff476dee823dc2ed7e9736da7d276b,2026-01-01,Theft from the person,-0.075453,51.511965,22,1
b6ea776e7f7d94e0b09a5c3d0b77675ac0d12fa2f34232966f63628b23cd5950,2026-01-01,Vehicle crime,-0.07353,51.510405,23,0
d030a06a50e10149c6278335778c006428ce3f4f5778d1930a730c6dcd8ac0ed,2026-01-01,Vehicle crime,-0.074483,51.512066,23,0
415ce42d89cef1c1944169f99963759a54b61582b14d21e5f5ce1453cac73f55,2026-01-01,Vehicle crime,-0.074925,51.514924,46,0
c611646328574c56d48cf88aa60911388025e2853dec2a53acdb18b04a3435fd,2026-01-01,Vehicle crime,-0.073704,51.511748,23,0
adb201016837a63ccf1803c437c70ae743474b7bd7fd4c15c850a4d2c191a362,2026-01-01,Violence and sexual offences,-0.073727,51.511218,23,0
702465e50e7418fdcb8989863b6c28c587dac57d1e5b789fdba431fbac74acb5,2026-01-01,Violence and sexual offences,-0.073456,51.513542,35,0
8c2ab5dca5475db1cc91b69b8012165a87e17d941ff46c552833402ca58f8d4d,2026-01-01,Violence and sexual offences,-0.078849,51.516212,45,0
ddb722a0762f17442442bd98388e4bc9350e395ded75ba6fbf52f8e5c35baa7e,2026-01-01,Violence and sexual offences,-0.078849,51.516212,45,0
f4f0f67077028298f8405d4ad11e67adccca986725ec8f43cbd8aca9edd5b07a,2026-01-01,Violence and sexual offences,-0.076145,51.512642,34,1
5bafe3a9b6db9ae0ca046f3d27d9c185b89695b0d7a4daa3e13b06d769e2b0ea,2026-01-01,Violence and sexual offences,-0.078849,51.516212,45,0
204f71fe5afcbac577b34a0e1134455b8e37466237dbf4c97a840228421e6f8e,2026-01-01,Violence and sexual offences,-0.078849,51.516212,45,0
df21f9dd4a5d1b5a442bf5d8675027fa264e55597b545fe4c0d68635a914c91a,2026-01-01,Violence and sexual offences,-0.076145,51.512642,34,1
58270ec6466c1bad998b89aaf3f725d069dcb76287c9194ad33ab6ffecb033a7,2026-01-01,Violence and sexual offences,-0.078849,51.516212,45,0
cfc09a4c98b566bcbed434786a595ecfb1af1dbf386208047707c66d016a7739,2026-01-01,Violence and sexual offences,-0.07433,51.513647,35,0
47d48ff0d414a78701a88b34752473a49530c60b0c6fc77b8ce6ad5da20d52fe,2026-01-01,Violence and sexual offences,-0.076145,51.512642,34,1
5a230c0f9de5ff1a3a50c906735767881472d695005de6cf6f01908cc06ede6e,2026-01-01,Violence and sexual offences,-0.076145,51.512642,34,1
,2026-01-01,Anti-social behaviour,-0.087157,51.512624,31,0
,2026-01-01,Anti-social behaviour,-0.089208,51.509744,6,0
,2026-01-01,Anti-social behaviour,-0.095764,51.512549,29,1
59ea5120c9010fd8f4e0bfc454157813404943277691d895850c4c3a24d50b50,2026-01-01,Bicycle theft,-0.097291,51.514626,40,1
aa6b4095f562d6243f90b6ebcb3ee3ce73c9c316b8fe64ba0e7d8e593a754e20,2026-01-01,Bicycle theft,-0.09141,51.510167,18,0
ddae09efc651ad2b8140012c571f2b7182f381346066fd9bb319b20b995e1524,2026-01-01,Bicycle theft,-0.083349,51.51483,44,1
73a11c0a81785aef8d8de64f55fcfb665c406add0db688950659e2e611638a9d,2026-01-01,Bicycle theft,-0.088456,51.514975,43,0
1398d2dd1064d9f73aa8f00afebe2613495254faca63453e959d9a2e09d3a69e,2026-01-01,Bicycle theft,-0.079907,51.517785,57,1
069cd4787e1a1f6214c617bf2a9eb653e16938e26253656df88c6e22837d9a2d,2026-01-01,Bicycle theft,-0.0836,51.509797,8,0
60211fc6e48b3c9281d700a12ac2aaf5e391932797598bb114cd81afa78dc1ce,2026-01-01,Burglary,-0.081643,51.51007,21,0
c4bc867f0af1867ebd2a0da3351661124ab99bf0bcfce4ea7ced435d33c7b79d,2026-01-01,Burglary,-0.081643,51.51007,21,0
be82083a34cbdc70ab35882dcd5cd02c31daf7c90d085948ccec5bf29c9137f9,2026-01-01,Burglary,-0.088785,51.517102,55,1
6bd41ea2d16362ecfb9489ae2bfe40340baf4b45cad3052ca361151d7efc6de7,2026-01-01,Burglary,-0.083977,51.510441,20,1
942cf8b476a8ee51ddbaa2a065666577c7ee6e3838cc4a18c170751098d2c1bb,2026-01-01,Burglary,-0.083977,51.510441,20,1
f94eab66512e54b782904d27556cc35f9620463b7cfc48ddae4b10cb20d87675,2026-01-01,Burglary,-0.084844,51.510725,20,1
edb1a2520569ab04b43cb2906472850e5ac3a410044076312083e8b8da8ea455,2026-01-01,Burglary,-0.101906,51.511794,15,0
c767de4e6f7f0c1546d48a18f76c9a55541484bd069bffd922d73e13a5f30023,2026-01-01,Burglary,-0.085228,51.51119,20,1
1b9866ad131b954f7877d5603aef5e7010178f22bfed9df6aea5777518ffb3c5,2026-01-01,Burglary,-0.081643,51.51007,21,0
b71c426e6da06c191d36ac209ee42cf4b5854b9b4882b5617df3dde6a4aa9482,2026-01-01,Burglary,-0.078495,51.51777,57,1
4088148d6fac036bb438660eeebc3dff398d8b178b746ec07c31d4b04b53268d,2026-01-01,Burglary,-0.085228,51.51119,20,1
c18f30df8d4727cea9c1b4c576f8ee939377be0b37cbe5e4d1a2a00b6c624902,2026-01-01,Burglary,-0.084754,51.512882,32,1
1e7d2f5ee1e03532c297848cca4225d7c93adb4bfc23d73d3620b38c0acbfaae,2026-01-01,Burglary,-0.086019,51.513631,31,0
26041101796098bdbe294d00e75777057526aeff2b791f7f2290d599c8375845,2026-01-01,Burglary,-0.084844,51.5097,8,0
47ecb4961b62a4b2d7f771e24f9a94f72f8a3b09ba86a431c2af5bb1c13c23cd,2026-01-01,Burglary,-0.083977,51.510441,20,1
c8c0de6b2a6900892bdcc2442e762984213044b6fc5d48d260a830e6ed97af24,2026-01-01,Burglary,-0.081643,51.51007,21,0
c091bb317305af79268306fb8656998b6644e78b8b0fa5f0aedcb6ea6db1c4e9,2026-01-01,Burglary,-0.081643,51.51007,21,0
a39d19adb567873bd1d7f1ebb12048794429c65e016c3baae8df41a02f87e303,2026-01-01,Criminal damage and arson,-0.100888,51.514448,27,1
5c4ff5b0a3d495d2fc7631a50e0a6b766bc82da6e1f7e6737ffd6bb95641e6e2,2026-01-01,Criminal damage and arson,-0.081643,51.51007,21,0
e1976f57a45754a1c2890baedf3a08100f2c76884c354298f8267dc35e3d206c,2026-01-01,Criminal damage and arson,-0.079196,51.513789,33,0
bfdbdfef7f8af1a26009235258414a87315178234e212796b25ac8559b8ca641,2026-01-01,Criminal damage and arson,-0.081113,51.516869,57,1
0af6b632192a6ae31668bd1f02b989249a1267276fb683218a5ce097bb22caad,2026-01-01,Criminal damage and arson,-0.079907,51.517785,57,1
97b1779330cfcc6508a5006e2c00563933a4b30ee3b59043bb5045fb9029e74e,2026-01-01,Criminal damage and arson,-0.097291,51.514626,40,1
d937124a331804fcc8cf3b877fa4e2cffc8c3a344c5e10cc548799e830b97368,2026-01-01,Criminal damage and arson,-0.091947,51.513188,30,1
591736ce45e411d732a26bb1cbe064e060e1aa83265dc502aa2585ba92da1ab4,2026-01-01,Criminal damage and arson,-0.081643,51.51007,21,0
128114b1a5171cfc5baf505719f7e0b5dfcab0150db2b2ad75a9aa571020262c,2026-01-01,Criminal damage and arson,-0.091947,51.513188,30,1
ffa8cdb05172a136ffef85b7b33d1caa47f9da2a0be1153ec0c867216f39cbbd,2026-01-01,Drugs,-0.097291,51.514626,40,1
624e0dd67da4a7660942e4452770e91fdfb98a895ecf313d9b363a3abf7a802a,2026-01-01,Drugs,-0.083349,51.51483,44,1
9e0ae76043dcb2e9494be4c0d20cb220e7a6cd65de617708b4bbc58c14a44d41,2026-01-01,Drugs,-0.100201,51.513286,27,1
6dd62a0751a6155c64852c6b81ba9381efa23b40cbceef98b407faf841eaef02,2026-01-01,Drugs,-0.086019,51.513631,31,0
4335c2cfe5ce90b417f397b64c7e5f0647240868a70e8f6f1cff132524f73c2b,2026-01-01,Drugs,-0.083349,51.51483,44,1
742d59b88f28af4108d7a378919b078b2f046392b44aa9f622afcda19da9194c,2026-01-01,Drugs,-0.086019,51.513631,31,0
1279123e81021bbdca68bf71ef1b9764d7a0f5cd549515e977644d858c2abff8,2026-01-01,Drugs,-0.086815,51.517007,55,1
4fe9536eb077d1991889319e7ee82e2bf67fe6df613bbdf7f31d3ccb055e2d84,2026-01-01,Drugs,-0.081113,51.516869,57,1
2d5532b1952ff761e4f33c09bef3e0de9b03b360ec8945b0d0a423c7c9b96d65,2026-01-01,Drugs,-0.088456,51.514975,43,0
a778fdd2099ab7df36e15c31017263b8b45ef0bbb422a666a340739525e1ff77,2026-01-01,Drugs,-0.083349,51.51483,44,1
6d8c78679b092891a77a17651572a50c4b8d1808bee5d8b40f2c708f10ec5116,2026-01-01,Drugs,-0.091823,51.514427,30,1
a167e9355457ca9f480e2c19168c8db2d1d86bd12c5ca7168cfdcaeec43daed1,2026-01-01,Drugs,-0.095054,51.510559,17,0
3f2dfa1aa5fde564d0981556467d9b9aa4f22f34b24d7b7025b0ba073bab3f03,2026-01-01,Drugs,-0.079907,51.517785,57,1
f4bbb570b95ccc9c363309aa3079c95c44b5f4db551acf096d0a23db0daa81f7,2026-01-01,Drugs,-0.083349,51.51483,44,1
3191447231890a2bd22e750a1ad97b7e8ef3a7de5b14e82d07bcd69572ac1051,2026-01-01,Drugs,-0.079138,51.508312,9,0
e924e21d724d5eb1bf9bea9762c23db9e59c44c781818f51b8e177743427d838,2026-01-01,Drugs,-0.093339,51.511557,17,0
c8cb765eb8ffa4408ad75b728a3446f2df9bdda69f7a086b547c6c3917bb5acb,2026-01-01,Drugs,-0.081643,51.51007,21,0
93173414d3d84a229c27169f4a2111a2a352587b29148c223f534c76c8d1e231,2026-01-01,Drugs,-0.081902,51.517296,57,1
93cb9a1732b15cbdd05a33d454a18cebb181245a73e922dffc53aee6a9d0c81f,2026-01-01,Drugs,-0.09583,51.510967,17,0
c3b8a69f28ff2d5677da4d52ca677c4576e0039c67182dc4f68ea3c64112c278,2026-01-01,Drugs,-0.079907,51.517785,57,1
6d72f2c1b0b4fc29087cadda4d83f29cc1a43b0bfd30460073317c45169e597a,2026-01-01,Drugs,-0.09407,51.513079,29,1
7871c3e8abf2971da7a6c065628d2b65256637c8a66aaffda80db46c04012546,2026-01-01,Drugs,-0.095224,51.513736,29,1
e3bf6e5b8185b9f510fe7f79a94b0df061c312bdec5c2ff684aa7ba7df454cb8,2026-01-01,Drugs,-0.095764,51.512549,29,1
6d9b95aff56f1212cbbd1c560b4ef5f3bec3cc4e1b588438ca374aad803b04cd,2026-01-01,Drugs,-0.089808,51.517461,54,0
08b27f1494203e38d217f75373b8e63bb934f579fb06a643b4c1a998cb828cfa,2026-01-01,Drugs,-0.077985,51.518239,58,0
3eafd90745aac452c8d639e2d68b4a3d649cff01bf20ac9253f0feeddee970a5,2026-01-01,Drugs,-0.082993,51.51636,44,1
a818763da03acbc794e1021e3b4244ca718c1c5a1843adcbdda01ffe6b5ddf61,2026-01-01,Drugs,-0.094699,51.51183,17,0
add2fa1fa1c1497e882e5acd650768ccf5d95b8d6b4b7514015b18556640835e,2026-01-01,Drugs,-0.082993,51.51636,44,1
57585726849970245d313f999a08bf8a3d3ed97bbbe8d050810098c07e6dd045,2026-01-01,Drugs,-0.083349,51.51483,44,1
51b4db65a340a4073aaf8be21fa8fa421e01ccd4998345d106ef12fc1ce56f40,2026-01-01,Drugs,-0.095764,51.512549,29,1
75970d0256313cdcdf6c1b5f80b58a7139a432572f1bd243b10bf529844164b3,2026-01-01,Drugs,-0.087772,51.510665,19,0
1c361a037806a882b3f8b5b639abbc997f7bfceaf6cb7f2c557de06c8ef8ac5f,2026-01-01,Drugs,-0.100201,51.513286,27,1
d31f088af00cb747f15ef10006befb1266009c8cfa88deff06595bb1325629f6,2026-01-01,Drugs,-0.095764,51.512549,29,1
4ddf089fe15d1229e9ba7bb291dd462f88626414788b5e9db1b31bbef32417a2,2026-01-01,Drugs,-0.077563,51.517656,58,0
9c77bb8599dcf7e08fbc365a332790ae2fd43b7b8aa45871b07b8e9ef878f73c,2026-01-01,Drugs,-0.086815,51.517007,55,1
836ec64ad0e0ec23a4612e82ac6beb2a548b54b635547fbbeec822cc36d92289,2026-01-01,Drugs,-0.086019,51.513631,31,0
317dbe993a1784320aefb7416dcadade006d9a7f763c4f39b899de9c220ad77e,2026-01-01,Drugs,-0.078894,51.520951,69,0
b05d094fe1660d9167290d557e562d285106de604878af035e346495c3cc6836,2026-01-01,Other theft,-0.09407,51.513079,29,1
2497214dae47cc322a618baac305d42556a7cfd76c2cce659d791a57e5b2657b,2026-01-01,Other theft,-0.081643,51.51007,21,0
558604aa55a85260b116c5feec0dede936e375b18dcea09aa8c99360a8d3ff34,2026-01-01,Other theft,-0.08491,51.512588,32,1
bf49b63bac923c513523ad30ce5bd0d52455c0f89b47054f502e556bd53988d7,2026-01-01,Other theft,-0.09446,51.512024,17,0
a00f04998515be1d0de967465f9b03401867b220e7a5b7e5684de3b5b54c69f0,2026-01-01,Other theft,-0.101589,51.513515,27,1
cbe9ec28a5ad9168ffd77b2f15094b5b1ceae14dc2abbcfeaa86e34c9afd55e1,2026-01-01,Other theft,-0.08491,51.512588,32,1
7a31b771c6dbcfc55172a3cf4be7985926c482fefe181bd64d919bb6aa0f519b,2026-01-01,Other theft,-0.085228,51.51119,20,1
2a698bb8d252ab0cdabdceb14f4cc35d16277a3bd23c02bbbe711b2d304d2417,2026-01-01,Other theft,-0.083349,51.51483,44,1
0188797a169eb051e1ef2d6903ec05926ddf86032287ae976f9d69f798766e81,2026-01-01,Other theft,-0.078755,51.51844,57,1
39d29d77af83b46c2694aa89deb92570e905b6cf1f8c176492bb3068abe72137,2026-01-01,Other theft,-0.100888,51.514448,27,1
7fa0ed4b909afcdf4937cf2ce79d56ef6a75404792548e5db125faaf35a0a239,2026-01-01,Other theft,-0.085228,51.51119,20,1
f5707ff7159a4145d07a3fe83244d8c3c1ea1246268162de37569788faa33ee3,2026-01-01,Other theft,-0.084754,51.512882,32,1
e5459c3ebefa1c90ad7f52403d18052ff992f9bf7013af3b4439096511271874,2026-01-01,Other theft,-0.084844,51.510725,20,1
a41a57e88a591745c0fb04fc01d8e708b567df1db1d5198a540f268d98b78a74,2026-01-01,Other theft,-0.100201,51.513286,27,1
0fc3ae29780009bcb67692fee437fca5ae0af5086a35fa8041d4694c31769323,2026-01-01,Other theft,-0.088785,51.517102,55,1
e18608c1c65270bd6757e84b115b27f2960c23c2ec4e14af398075cbf808a158,2026-01-01,Other theft,-0.078059,51.509967,10,0
e8605f35839fcfd223a7c49cf7511ec01e866558e3f6e6ef3fa9eb9b06f25578,2026-01-01,Other theft,-0.079138,51.508312,9,0
7ab661b5a6690ef6833de8e6947c7ca89338a2b883cd10203ab598e6265df52c,2026-01-01,Other theft,-0.086019,51.513631,31,0
e1fd1ecb04e068360c84e37ca438e8a009b2e79c33a82335521b2935a35e2021,2026-01-01,Other theft,-0.085228,51.51119,20,1
ee2a26e516045065ce199cc3546be7c31fb879527766df0bf7d1a5b29ab4d594,2026-01-01,Other theft,-0.081902,51.517296,57,1
a97b04063f24d49d2b0d7404022a4fbb41ef21defe3290b6adaff29d630d62b0,2026-01-01,Other theft,-0.078477,51.509965,9,0
457feab5752a95f71713e0cfe951f7a40071f788d552dd80287add97ffdadf7c,2026-01-01,Other theft,-0.08491,51.512588,32,1
1d355eb3cf0e182404f280129267770f77734f0d75e417beeaf8abe27cd01118,2026-01-01,Other theft,-0.08491,51.512588,32,1
3c05417dd2843a4dbbcf145337eb22f5bef8551a83e635cb8c86cceec0b81a38,2026-01-01,Other theft,-0.08491,51.512588,32,1
9b1339ee5bcd4ed0215d456319293e07f5c7d9bfdc97aebba0979b5525f1b472,2026-01-01,Other theft,-0.09154,51.511896,18,0
cc58068f2937d606055926eff298f21d8ccd7243e312cd2a7143c0443656c556,2026-01-01,Other theft,-0.082993,51.51636,44,1
93409d4858b6da118260ff00e6ec4bd0488c46829374bcd64b52f9892ee374a4,2026-01-01,Other theft,-0.082993,51.51636,44,1
d8e388263dc9f624c0ac154828a30122d8857f554e1d37bfaeaa7a3ce824cc7c,2026-01-01,Other theft,-0.081643,51.51007,21,0
25f2f64a0bff3d9266547f8d90ea7fd592f1b84e6b97b0cdf72f16edd3fad044,2026-01-01,Other theft,-0.089479,51.510864,18,0
2a6ff4e4efd3cb5654c110e9c21e2df88e729440457f9f6267584b36b2eec614,2026-01-01,Other theft,-0.101589,51.513515,27,1
0161538a999913cedf211df236b019cdcaa10360e7aa4ab17c5a3bdbcd651646,2026-01-01,Other theft,-0.088785,51.517102,55,1
29021bd10c256c97993e457babb5c3839638b236271bd5c324420f7db6c0664d,2026-01-01,Other theft,-0.087157,51.512624,31,0
f106f175cb9a64c19a7dde36416ce8f2183a012a195b0578235645abe97771fb,2026-01-01,Other theft,-0.084754,51.512882,32,1
6899c98f73b3c3cd19ded4e059e5e2aa6dde050f97f73c6a908701d93949c314,2026-01-01,Other theft,-0.08491,51.512588,32,1
e559231c401c7f8459d00175d77e620af480dd5153b362aefcf8fdbfabfe52e7,2026-01-01,Other theft,-0.077804,51.518083,58,0
5fdb6f45865945db02a44e54cb3a2b775a6eff6d931245253660552ec7aac377,2026-01-01,Other theft,-0.084754,51.512882,32,1
046c4bece5ef5b90ce32027bc3eece5b2d6094375309e8825ae8ec1b23833941,2026-01-01,Other theft,-0.084754,51.512882,32,1
f6006b70c38377179689ea2653cb38feceaefcc08016b664b50ee58aa8c13ee5,2026-01-01,Other theft,-0.09154,51.511896,18,0
c7ee6630b209c43717670f3c8ba7a4c64e168b31de8a44b9900b74e20fc3fbc7,2026-01-01,Other theft,-0.084754,51.512882,32,1
03e6f724c34155f2179d799ff8ac3d2960ba726585232fb50ea4c098d0ecb6cc,2026-01-01,Other theft,-0.086019,51.513631,31,0
627d6e53c0635cdbb3f76866999c2299ccf2225466a87504785d21257de024b1,2026-01-01,Other theft,-0.081902,51.517296,57,1
17d2a7d416f00106f4fba2e9b9a537a5f032773a02ad9b6c1f1cc26f4cbde34e,2026-01-01,Other theft,-0.080291,51.514814,45,0
6f0a9b707052f5472691c1beb1fe227304e6f7102ce9e80dafa007fb16aff8ff,2026-01-01,Other theft,-0.081902,51.517296,57,1
2c793a329e13b996531fc060dd50514ea27b951b2a7d0e8d0c30df58ec306d3d,2026-01-01,Other theft,-0.09407,51.513079,29,1
e038c754eba1c4add6e0101258c4c87be4a474d6a6334c837eee6f04323ae52d,2026-01-01,Other theft,-0.081113,51.516869,57,1
971863b31e31cb93a0fc54bbbb194fe97d88002385c10f417a67fe0f8ad4d5d9,2026-01-01,Other theft,-0.079138,51.508312,9,0
41fe6c3fed610c2f042bb214c0b35d8737595067c8a56f0471aadf3be199d60b,2026-01-01,Other theft,-0.083977,51.510441,20,1
9ea263d0bb87c725a97ecdfe38172aa414ef2d32ce80d995d2cd7194ad9142c8,2026-01-01,Other theft,-0.092531,51.512658,30,1
90d52faf84fbcddee4c659beda5d9c40b4bdf6bc101a42deedc9032daed8c096,2026-01-01,Other theft,-0.091947,51.513188,30,1
bf3700b417742ee2a8e73c186d5ff190baaac737b6031a06589f99ab52fe38f9,2026-01-01,Other theft,-0.089208,51.509744,6,0
fd58505953328dc21f6f83c070b330ab39fd7e5d2e7bcf1fba2c7ecb2308ba71,2026-01-01,Other theft,-0.091947,51.513188,30,1
7964672bfd7135c99693155ddc71cc3397201daaf4ada818445cb66169f6fdf9,2026-01-01,Other theft,-0.07707,51.510877,22,1
b884f4967668d2b82471f080193ba3d3f992ac58de1fb705e872169c0000b708,2026-01-01,Other theft,-0.081113,51.516869,57,1
21f87881c946cc04435a2014e73db9748dabd77a5e742c63a27bbfce8fe420a0,2026-01-01,Other theft,-0.07707,51.510877,22,1
9c62fdc5c81d162077c240770b3b4b43d30b54045dba3adcb77f197779e4039b,2026-01-01,Other theft,-0.101589,51.513515,27,1
634dc34d07254d4fa60bd452c99e258e82c49df76d9cb46d7c4942da917b2ce6,2026-01-01,Other theft,-0.092036,51.511049,18,0
2eac90343d846ba5ce7d0d0a2fe38328ecabdb1694ddc0a1b1362120ee11a6ac,2026-01-01,Other theft,-0.084844,51.5097,8,0
ccadbab482aa93bf38eb852e272e1eba64aff986a3b8849ce4cd5d2ea7e2d517,2026-01-01,Other theft,-0.089208,51.509744,6,0
1ca96461d73e797c02b6806f13405e1ffebf70d369878875b16d85d29664c140,2026-01-01,Other theft,-0.081113,51.516869,57,1
e503def91403d16f5b249b0b24833315f77e3f3cf9e0657b0fb70bbb36f6fea7,2026-01-01,Other theft,-0.091947,51.513188,30,1
9aa0c90c7d7bb4b0e937e222dcf75e1b69e725963e8a569ba1a11f62db4dc6a3,2026-01-01,Other theft,-0.083977,51.510441,20,1
9a08cfc7e011057442ec2f73afa5046313e9cd188be0028ff2efb7e6924e4e49,2026-01-01,Other theft,-0.092531,51.512658,30,1
56b4acf07a9e63d0effeec934897f3095f9ca42f2b45f33c5fb8dd964e181dd2,2026-01-01,Other theft,-0.091947,51.513188,30,1
75e539e545113c68a81a9b653851e92b04ca7e843c85c6aa863721b5c87511d4,2026-01-01,Other theft,-0.084754,51.512882,32,1
b778c6b79683193d48bbcf8bf7a10b3bfd40026d3294a7c448c25ee60a724862,2026-01-01,Other theft,-0.088456,51.514975,43,0
0413152e8c9fa710e50810a10b9c66f30624cca5cde8277b43262d02f4a92dac,2026-01-01,Other theft,-0.090798,51.510328,18,0
4f140e488d12f16727ccbd073d37a9cc1eb6f8b9bd9dc9d3e5ef2fc0b83096f9,2026-01-01,Other theft,-0.081512,51.518692,57,1
a0ba8bf5817639ed6b24d4f2aa1c54f05dbab9caf87681665d89369cd2fb0d15,2026-01-01,Other theft,-0.092036,51.511049,18,0
6ba71b15fe6c338adb01d86b31ac7354a1ce4ce1427eaa61ee44900218366f6f,2026-01-01,Other theft,-0.079127,51.509607,9,0
9ae96372e2b0abf9f8f96da2c8c2615aaaaa1d8277277e4821dc0a3907bedfdf,2026-01-01,Other theft,-0.089822,51.516103,42,0
45bf685b62fab83819465919906c55db1a5cf9b87ad1d109b20ef8ee6b9a6fb1,2026-01-01,Other theft,-0.084836,51.511939,20,1
adb78b72a9087de532a856308d20c16360bf4e668ace5c968e14818aabc3ee99,2026-01-01,Other theft,-0.079521,51.511196,21,0
3a81b54c0509403550df79f4a75d378cc85be5b73a1bb461bc08bce1c37d1127,2026-01-01,Other theft,-0.080365,51.508943,9,0
10d263cc189c7494bacb6d9e09a07ffb9bbcdd1e333fb40a8f044cc2d4962699,2026-01-01,Other theft,-0.079127,51.509607,9,0
70475314299d99f1df0fee21e78c2d2335c5b72a38f95c135338f46a62c63e06,2026-01-01,Other theft,-0.086019,51.513631,31,0
e21020edc1a8b2d94f7f36372b821146ecbe65191934821cced730a2dbbb372d,2026-01-01,Other theft,-0.085228,51.51119,20,1
f110b50b0a7f1b1815bf044723c521a55b3f6772e7a8db5a1725c2b080dfca44,2026-01-01,Other theft,-0.088456,51.514975,43,0
eb531200f065be6ce90d5ff756827ece758f996fe2e953cc5c1b158ec39a221e,2026-01-01,Other theft,-0.079138,51.508312,9,0
0d9362094f36575425003914466b9896cb346f5ba87dd60cce695d98181dcbad,2026-01-01,Other theft,-0.09407,51.513079,29,1
09d5e495c24b56f0fa3d5143834a92150b4fb80a60efdd09d4f819de8382b2d9,2026-01-01,Other theft,-0.084836,51.511939,20,1
87f3387177697d220a407229fa3504a27b02612fa41e68866d9d882218f539ff,2026-01-01,Other theft,-0.084836,51.511939,20,1
04e03f5d437a3f43a477624cfcd6a88e2a4135d1a22c2d542fd02dd7ffbd0129,2026-01-01,Other theft,-0.088456,51.514975,43,0
a978a625d91218400b0316b1dd9435871614be7c445670d85ce49aa9019d833b,2026-01-01,Other theft,-0.084836,51.511939,20,1
944f55f6f8a2854de553b08cb05c2c5b71551c2aca8c40e7cc3eb6178f0ea624,2026-01-01,Other theft,-0.081113,51.516869,57,1
30058d6977d93d914e78f509af98203caf62118a2a7c450ab35e04b0169ace78,2026-01-01,Other theft,-0.086815,51.517007,55,1
39babe526944a39664b4fc84a9151305a97ba4c755bc31b1142603dfa8ac4201,2026-01-01,Other theft,-0.088303,51.510728,19,0
39215782fa333e6ea71524377bdb32f7bba6ed322db52ed70303e560013699ac,2026-01-01,Other theft,-0.080291,51.514814,45,0
574cdf84817ac352d58d362ec9735a0cd0e0886c5f923936704e513d8a8b0da5,2026-01-01,Other theft,-0.089822,51.516103,42,0
b8b2790b9dc3b4603c559963dbbec3ac9f6f781135d4d4d41da6912e86e0d69c,2026-01-01,Other theft,-0.079138,51.508312,9,0
195b7d4e68e05b345a6303b9fd7f95ba5ee0e5805671c3e8d1fae85032845b39,2026-01-01,Other theft,-0.078477,51.509965,9,0
470cd3c8e0a49545adaf702e598ecb2dfa74e0522e34b27753a8d3dfc3a7fcde,2026-01-01,Other theft,-0.077804,51.518083,58,0
eec0d0160b765c7f3d1d8558119bae2ca9aef0876446ad81d88aeaeb9bd3b249,2026-01-01,Other theft,-0.081643,51.51007,21,0
fa0cb78c802fb0f5667058f305aa0cba4ed42e541dccdd6a73ac24633af9d9cf,2026-01-01,Other theft,-0.084836,51.511939,20,1
763cd5b441cac8669f64069ac42a9c8b19acc5e8cf35f2a92ac0fd81902c53f4,2026-01-01,Other theft,-0.079521,51.511196,21,0
0ff6c8fc5328a010e715390f0e188822afefc0d2cdb6b67ac0afd56fbd14dcb5,2026-01-01,Other theft,-0.079127,51.509607,9,0
b5e3f99a5228fbb31b1084d097873e764128f69a1c191feb2daafec400d74d36,2026-01-01,Other theft,-0.086019,51.513631,31,0
3bed7f2898cc6a51f4dfe0bca3dbf0370520b5afbb8b55be8780e7864d032655,2026-01-01,Other theft,-0.084836,51.511939,20,1
c11887c0af39d2b614472e8f7b53322e62026d67ffeced411aa679f491b737de,2026-01-01,Other theft,-0.079138,51.508312,9,0
9666237032133261c104c4e9b9e97b685d0f24a1f7e289a73fb4c77e5d23f1d9,2026-01-01,Other theft,-0.082993,51.51636,44,1
0ecb9db588a2769f52086de43fdd7361b062eeea3cfcf34f2e9e46c3a394f51f,2026-01-01,Other theft,-0.077372,51.51259,34,1
77fe673892286e37c774354fd1bce3cdb78aad8e881ba97c352532c5ec8006f6,2026-01-01,Other theft,-0.084754,51.512882,32,1
abb4525fa896de7a0ea405958d2fb76b8601b023f74243ea91f478e2422c4a07,2026-01-01,Other theft,-0.081643,51.51007,21,0
5c5da55979ff21a0e32dc229b678f4e327b26ece6ffd1f4b67c77eb54c9c297b,2026-01-01,Other theft,-0.100888,51.514448,27,1
03e0d26b89b0702927c01bbc80b9f222907fb186570e07f7921c5ad56d95432d,2026-01-01,Other theft,-0.084754,51.512882,32,1
75cba5e9269725a4cc2deb9c0cdfc7e6b9ea8fa90e19ef68718d463405a7b77b,2026-01-01,Other theft,-0.090798,51.510328,18,0
b225e6dc978a5f2f6d9c064f697ae8ca9916288d384683b57f4a5a3947aed742,2026-01-01,Other theft,-0.078477,51.509965,9,0
d383393f8c50a9b794add181bcd540480346dd420bcc2fbd33a205158ed19c16,2026-01-01,Other theft,-0.089479,51.510864,18,0
33c4082d6779f58585f71ba6f081ff687dfbe42ab59eb0fb868b1abba613dce2,2026-01-01,Other theft,-0.082993,51.51636,44,1
faeb97d74606336d7620a9011b4b1d9ee772cbd626ea0cfe57d338b9fd468830,2026-01-01,Other theft,-0.078477,51.509965,9,0
44caf08ff6ef61e07aec5120e62ab2fd7945529f63c7f70f30c86f2e9ac480fd,2026-01-01,Other theft,-0.079138,51.508312,9,0
8b8e14f30f3cf188bc4e80c994f25a792dc3297b7fd72b9569a85972cb79be67,2026-01-01,Other theft,-0.084754,51.512882,32,1
7a1c3b1a31a509cd835a81f3b2a5506b10447f95bcfe46c27a9b3f07e700d74a,2026-01-01,Other theft,-0.084754,51.512882,32,1
8aa45a5b9aa0aa07d4ee58bf715bfb590f373eae301f109aada8b813b8bbbec3,2026-01-01,Other theft,-0.078477,51.509965,9,0
5f696a5ec48ebaf1cccfbc12d67a9095578911f911ef8439711d4a1e317b3c69,2026-01-01,Other theft,-0.083977,51.510441,20,1
243aa391552d008d840563c9fe05d79bd365ff652f0ffe8da548a5e13f210e9a,2026-01-01,Other theft,-0.085228,51.51119,20,1
8ef4619a950a419a690a59c6fc76b7c13d088dc3378dbb9b3aac3bed815ecc00,2026-01-01,Other theft,-0.087772,51.510665,19,0
f40aa6a8caebac27958c9d499697866f462d2cf4ca87f0d539a1f60adbb00f85,2026-01-01,Other theft,-0.084754,51.512882,32,1
34ea0d93f4f510fa7372f6dd211f14f42be6af78ef6c042267729c3d7351ff55,2026-01-01,Other theft,-0.077959,51.511332,22,1
d5c2767e1f8285090128a6ac96cc8c6dfa59d0b65471ba44b77ffafa467b77e1,2026-01-01,Other theft,-0.084754,51.512882,32,1
a474de141edf85817907bddb66f867969fbdbef8b5cef61b69536732f67a61c1,2026-01-01,Other theft,-0.081512,51.518692,57,1
827916e7c5a2ece3eb9e11e476ffa700b009bf9c1f8c20c4886227fcfa1eb269,2026-01-01,Other theft,-0.081512,51.518692,57,1
a41c537cab7af2afe7d9c4576a5576b3125181145337f64dcecc478d18de2859,2026-01-01,Other theft,-0.082133,51.515222,44,1
df71ab77c2c70a22990316fa448bd240a002564cc05ee962aa9af47204453bc0,2026-01-01,Other theft,-0.082993,51.51636,44,1
efb549913abdc0bd69f681e225f97ac8b9f00d31ab91dc9ce24f3ca929abde48,2026-01-01,Other theft,-0.079127,51.509607,9,0
b96686074c9b8fa593343681abaab652850c9fe2cf26a1fc0983607c8559edd6,2026-01-01,Other theft,-0.081643,51.51007,21,0
e88bf12770d7a2fa7cb1a9b08ebc4c5a64662c67b4707351f69aa594506d1ce6,2026-01-01,Other theft,-0.088785,51.517102,55,1
ce2b0aa978a3e1a18da529fa64794dc41009fbdbc43107a4e547d05202d0d6ac,2026-01-01,Other theft,-0.084754,51.512882,32,1
b576c9218062790469738649a83f575ef84bf001538cac7e074381dccf20712e,2026-01-01,Possession of weapons,-0.079907,51.517785,57,1
cc0eedb6439e5a0c51ec22353d144d187c3f0dd1527d5313386ddcf823b43f12,2026-01-01,Possession of weapons,-0.083349,51.51483,44,1
bb4e0a2894349835e96d5f8dd4a72d069123ee0840cd45603f012ab24b48dd29,2026-01-01,Possession of weapons,-0.101292,51.51477,39,0
2f49a936795316363b89b5a549f1580a560b8dcd5f53080e285796f8cf6bff20,2026-01-01,Public order,-0.091823,51.514427,30,1
d9a2b0b214f411b751d54f4f112387068d37f942e8b4f49b05821bb7efad0d47,2026-01-01,Public order,-0.078278,51.513666,34,1
216745a1690a339f9ad9e004f1f817b029d7c936c6cfc60cb40c9a0df371c47d,2026-01-01,Public order,-0.081902,51.517296,57,1
753712c5007d8d2fa0b0f325bc7889372e4dcc3df8266b640cfc9758c531d012,2026-01-01,Public order,-0.078278,51.513666,34,1
64b5c3794987e61804ac4a5088330f376a5c4bf99663c98afba215543ffad032,2026-01-01,Public order,-0.082993,51.51636,44,1
332f1ec157f56e6939313cf2362be3be5c0148c29283ad64b1ab6fd4972f3765,2026-01-01,Public order,-0.079907,51.517785,57,1
dc0dd516b388d6c1e05f9681aaac12cd6f7f7fd4dba733c48ecc99457538a400,2026-01-01,Public order,-0.081902,51.517296,57,1
e0679411e17e6db4c37afa96a71815feeab0649e9c082de75223073ccb045de4,2026-01-01,Public order,-0.101589,51.513515,27,1
e81891b9fb495118713f781f1e74b463fc45d75b94c4ae7bcd5247de214c893c,2026-01-01,Public order,-0.086815,51.517007,55,1
8c80c879df19547713df1a22d0fe8b17420b1e395ae3b9eea9977401f725dd7f,2026-01-01,Public order,-0.089479,51.510864,18,0
7c65e9781f578a65bbee462fcdb91d7b77d5cda70e83948d3e5f22bb99417cf3,2026-01-01,Public order,-0.078495,51.51777,57,1
592f53f4a35a78bea02703d2ba423cefc8013125f41141d7ad5759781bbfb5bc,2026-01-01,Public order,-0.081113,51.516869,57,1
31bfa4cabc049ceb914c474c9b1135548ce92b81e97e7dcec5a5e917278635e9,2026-01-01,Public order,-0.081113,51.516869,57,1
c20acbf7b994b992359a3a0f65cfa553195629c6c8eabc597e561298e397eed3,2026-01-01,Public order,-0.083349,51.51483,44,1
9b31c3b83b442df9785f6d639fef97093191ac90fd2b1850dfef512724060cd0,2026-01-01,Public order,-0.101292,51.51477,39,0
58d6cab146d79122739c64b8fdf7171d8d45699195ec0a4472f3600918d3cebb,2026-01-01,Public order,-0.079883,51.517326,57,1
147c3c7297864462856639cf28d1dce45512402d0e8fd656964c2deb1cdbad09,2026-01-01,Public order,-0.079521,51.511196,21,0
9abbcbc5c3b683bbcbb57225907236bdd4df9953b4459162736d3f53e39ce824,2026-01-01,Public order,-0.081512,51.518692,57,1
6c511b6130c3018cd4caf9dc7bdc21c0a746dfcaab61943f2d7ec12e88df033c,2026-01-01,Public order,-0.081512,51.518692,57,1
fb482f2f197cf6cebd700f7162c5c117e932c1643f22d119d2f0764a5eba1a07,2026-01-01,Public order,-0.084754,51.512882,32,1
d62c6a2d67f8a5fa83313a44c1b2637c90f1a327297e736f148d12ff75db171a,2026-01-01,Public order,-0.101906,51.511794,15,0
475f1a543780784c059edadc1b26fb39f557969e71757e5931c83a7002855bb7,2026-01-01,Public order,-0.084836,51.511939,20,1
99ad81a5c935372c7e6c88ed8f9938d421e782b6bf04f904adf6f3ae23f3c21b,2026-01-01,Public order,-0.101589,51.513515,27,1
c4a8c9f7f44ed53e3a078e5b8da40ae882580043aaf3f47a879c226ffd93b224,2026-01-01,Public order,-0.097291,51.514626,40,1
cbcce8c2ae410d08f4b3cb41835e8a805769b3b27c5b47655cd14fa90fbbad4d,2026-01-01,Public order,-0.077372,51.51259,34,1
2a29d3768df2b9a82fa07e76c0c1b5c46e5109b38c474e2cbcc293e9363538d2,2026-01-01,Public order,-0.078755,51.51844,57,1
4b33bd906a43b049f41d902f44b68c9e935595f418f1985ae723e13e4b495b86,2026-01-01,Public order,-0.089479,51.510864,18,0
76358f76183577993d274ee0a3506aeadf401513b8e986e023cc8653b6b9b6b7,2026-01-01,Public order,-0.089479,51.510864,18,0
cd7d46cb46c4696b7507dfbb73e3119a65379a5bf29c632d809a2be229592b2d,2026-01-01,Public order,-0.079907,51.517785,57,1
0765dbb9ae182989e9311634e9c30f58e4f2b1c2701d073d8d8b59c7a28b042f,2026-01-01,Public order,-0.101906,51.511794,15,0
8272ab05e7b4078226c53c481a8469be1da3d4d5ddc290ce43866c9227116cd2,2026-01-01,Public order,-0.089822,51.516103,42,0
afde89de7953e7605d7250dcdddea4b86d0cf02ab7105b689014ad9acec1841e,2026-01-01,Public order,-0.0949,51.513209,29,1
05452eb1eb4f0fbf820651bc6e111dee6083c67786fa9399c54143d0faf69239,2026-01-01,Public order,-0.079883,51.517326,57,1
4a341186a3ea3013bc5a7a053c86c5438084ccb9dd08358e6e431d27ece142e1,2026-01-01,Public order,-0.079883,51.517326,57,1
b23e1572b89e73aa8c5f41c15b7488a41793afbeff675e20827522554cd24e98,2026-01-01,Public order,-0.101906,51.511794,15,0
a29e447754b00285175f913874f8f9896332cdb74a1b9294f4489daa5790249d,2026-01-01,Robbery,-0.095054,51.510559,17,0
98cfd9779889865edbe3429bf35106239e671e495010874f627466fe89f1adca,2026-01-01,Robbery,-0.09154,51.511896,18,0
6d083b7cda4dcc68da6bf0c57c3cdf03a346807648902deff4f921bd726ad9de,2026-01-01,Robbery,-0.095054,51.510559,17,0
1440cca895b09b92dc9693477957d1b9f1be1acf1f4b6fdb8cb8d8c6eadd6fdf,2026-01-01,Robbery,-0.101906,51.511794,15,0
97c5d2b0feac52825a4198c92effc7ed2839bbefbe9608c9e13bbb4ca3f79552,2026-01-01,Robbery,-0.084844,51.5097,8,0
2aee7f6099f9a8e70c3ed5a6644b0fb8b55c21bdae5ecccb5fb22ccce048ea0f,2026-01-01,Robbery,-0.091947,51.513188,30,1
396b7af75d0ae121308da6bcb4c85405d2ed311d1ea0c9c017cabc1d615f3239,2026-01-01,Robbery,-0.091823,51.514427,30,1
59e4096bcc0f59a8e440055cb4fef7cb251b85c05051105be7a43a6e5853b1fa,2026-01-01,Shoplifting,-0.086019,51.513631,31,0
937d0284e678274200b4049e6bd2efcd7787db91f29a93340b4bae0fd8c8cf57,2026-01-01,Shoplifting,-0.083349,51.51483,44,1
14e564a5783fbb433b8373d978b6dba5c438b039bb8996d86ecbb9059760ca47,2026-01-01,Shoplifting,-0.088785,51.517102,55,1
8d9dbb1edabbffcab3ebe18a5b6b685a864925d4b3273fbcd06ef8b0cecfa416,2026-01-01,Shoplifting,-0.079907,51.517785,57,1
d90248d891b89f5bf769b7ce4a0e610f66ab1993f453f4c04460d51c9e5cd679,2026-01-01,Shoplifting,-0.086815,51.517007,55,1
ac41ae0433baedc6eb024b0e5eb4b59f0ff5c54fda0c4ec43db162d46ba28ecf,2026-01-01,Shoplifting,-0.095224,51.513736,29,1
1bc7dca630d50a6a83a89c08f493fc949a0c7be62a742614d1fa39df4d917c22,2026-01-01,Shoplifting,-0.079521,51.511196,21,0
31e5505ae8c5fe9e6e832abc0bb603ae54df115735f3cfe87572e17ba8cb90c7,2026-01-01,Shoplifting,-0.079883,51.517326,57,1
6dae294a93b2b572c41e88bb24765ee56b94c078d95f46c1ede7b5ab834cd014,2026-01-01,Shoplifting,-0.097291,51.514626,40,1
790ba381c43ff28c51fa84cfec9a3885e743842c6296b2d8b76b20e0fe5bdc59,2026-01-01,Shoplifting,-0.079883,51.517326,57,1
9c8d82482598c97e01a58c2e3173c555dc3e052a641872303126f841262d159d,2026-01-01,Shoplifting,-0.100888,51.514448,27,1
507d1c4aa192beddb4a3dec6ddf1355ec77bdd9b7356d665869bd401e49892bc,2026-01-01,Shoplifting,-0.079907,51.517785,57,1
147a254ace0d4d66abf1343cc27227b0b6002f9cd090ddbaba75df0e08f02504,2026-01-01,Shoplifting,-0.095924,51.513882,29,1
7e1f1b6568ad005e360ac63ab5656c3bd0e0e3a0c5696e839ce839d798315631,2026-01-01,Shoplifting,-0.091823,51.514427,30,1
5fac1e33563d785c861dd1432470258a7437fc08e102deb575263a991b0ecb4d,2026-01-01,Shoplifting,-0.095924,51.513882,29,1
ae4ffa6b032577252ab3edb2c23ac8ebb152eb5dd2a5dca5e708cd726a1cd202,2026-01-01,Shoplifting,-0.097291,51.514626,40,1
289b761f376f7c870d3673c3d130d13fdeb06dc9b77475acac43a116e9a1ad97,2026-01-01,Shoplifting,-0.095224,51.513736,29,1
09b20487cec063c6f15f196be16262e651129add12c956604e312676618b26e2,2026-01-01,Shoplifting,-0.084754,51.512882,32,1
9a981b4ae9ad332afe64a3242c440c68c7755d102bba06f2cfa05cabe172e7be,2026-01-01,Shoplifting,-0.097291,51.514626,40,1
f53912719b6ea76bac672236a4d2d6d75e38e13932a9cf47752790e63b48c797,2026-01-01,Shoplifting,-0.083349,51.51483,44,1
e6b4f5286a3a656121a2160001c8725734b6a2ded7691510bbef01e4a6dbb72a,2026-01-01,Shoplifting,-0.09407,51.513079,29,1
e4cda468e9175c25dc2f53b916ab2a339ee8a72f407d3da354225090f0397ca0,2026-01-01,Shoplifting,-0.086815,51.517007,55,1
fc7b5c9aef3a6eee6d63877c79f54d2024f7d9292a1eb981348e0f378e84dc81,2026-01-01,Shoplifting,-0.086815,51.517007,55,1
e59a0e004c85c0c7a9ee743309a07e80160a77728760b67b4325c01fa81c8ed1,2026-01-01,Shoplifting,-0.083349,51.51483,44,1
4c3fd95cf96161b6eb357d5730eef1d85746b431bbf5152ac72e3b7675f79924,2026-01-01,Shoplifting,-0.097291,51.514626,40,1
d3a665d89ca6d3adf77aa7e60638f894d884d5100dfa96a16bf4febf29f0837c,2026-01-01,Shoplifting,-0.089822,51.516103,42,0
4cc6ca31d9ea3816cddf424b55ca9750eb9f309564122f506ed5a58d9a11c909,2026-01-01,Shoplifting,-0.084754,51.512882,32,1
72601cd0e724cd7c7253d919e4beb7ae3d84062caac2a60988fe14948bd5c5d1,2026-01-01,Shoplifting,-0.096501,51.513874,28,0
53f95593620dadbcead2b7ead8da6cbbe5d2817234c1c59d507b6244110ff276,2026-01-01,Shoplifting,-0.095924,51.513882,29,1
e08dd978cff4af340f7d3f3f9962d45a8236350d8222327f3b790420513cdac8,2026-01-01,Shoplifting,-0.096501,51.513874,28,0
9fae41e28490031b13f798ed2d7a31e8f70cf603cfac748eb56278d4505910d1,2026-01-01,Shoplifting,-0.079883,51.517326,57,1
1cde5f5c8e3fa26c618aa84920cc165432c68e318da6475c981432b688f204a6,2026-01-01,Shoplifting,-0.09407,51.513079,29,1
d00e0f129dd709e9df4f3279b5ef7ec5bea5337a026b646342cf50b051d373bd,2026-01-01,Shoplifting,-0.091823,51.514427,30,1
e2ef7eab88ca24c2cbcb22aad7df252d3ce1711b3eee77de8b7e76ac2a5ed288,2026-01-01,Shoplifting,-0.100888,51.514448,27,1
fbf6de863ce18c4c51f3a42b77492215ea07b659c90fafbe04adb08326c13f01,2026-01-01,Shoplifting,-0.079907,51.517785,57,1
8f4e0f2e9d6cc18cd603f443ad8bf56f04e1f30e0ecc65c235011a509e302119,2026-01-01,Shoplifting,-0.095924,51.513882,29,1
bb290bf61890f86afa4ef05358c6e7046e56fb69036a7d965ca58d76a51a68cc,2026-01-01,Shoplifting,-0.081902,51.517296,57,1
790242e437f2e656b3535a678f7c0580235b4af4521a0c9d6a907da762ded796,2026-01-01,Shoplifting,-0.078278,51.513666,34,1
e32f505b20fc6413f29eb50981e1fb9788fd045054d1a28ec4f8a9fc9a6c91ba,2026-01-01,Shoplifting,-0.088903,51.510836,19,0
1c1d57becb76d8f58e30ab1977eff1d360706c2d25b9966302b36723fbab737b,2026-01-01,Shoplifting,-0.097291,51.514626,40,1
47c43bcc167dd010ca5b64a87c84f9d18442157513e21a44371f45994a8f454b,2026-01-01,Shoplifting,-0.079907,51.517785,57,1
8358be946195488bcbb62fea20248371e18d57cb52fbd1c763948a8071b5f0b2,2026-01-01,Shoplifting,-0.089822,51.516103,42,0
6b8292bce5023d88246b5e3bca65c421ba322fde6d61618f8e34a61f494903dd,2026-01-01,Shoplifting,-0.084754,51.512882,32,1
63630865e49d3cb577c64c2360326ea6df0d8e241b869ea4112d6a4e98144725,2026-01-01,Shoplifting,-0.09446,51.512024,17,0
cc11c97e2e80c15e3723fb113d161eccac8f97ab8587d10d7d64d436b9b0ce8b,2026-01-01,Shoplifting,-0.078278,51.513666,34,1
ab74144c85b78f66a4ea303879cdc7d581b5a8adf1f07f4a7dfd4f116909fac8,2026-01-01,Shoplifting,-0.084754,51.512882,32,1
77090c8ff31e1b23a4146dbfcbb475c1e2ae00bec22e1794f44e4b43f90fa5e9,2026-01-01,Shoplifting,-0.095224,51.513736,29,1
3284e7b53684416d9cb4a4db6873b2784c7b3ba1b752ce5a2a672f89d86d1fc6,2026-01-01,Shoplifting,-0.097291,51.514626,40,1
8ed25548ea26d9b8531bc65cc333964ab38978893431690ffc04874a80037adf,2026-01-01,Shoplifting,-0.085089,51.512105,20,1
7002c07a6c37a673ad1fde06d571b5ef8302e43586a83e3204a1621793fa6955,2026-01-01,Shoplifting,-0.095924,51.513882,29,1
ba845294ad160c6c895d7faa568d398da858adc0d1f86c59e938cba9fed4f7b9,2026-01-01,Shoplifting,-0.084844,51.510725,20,1
49573992d0c733fa7bd9a937fb85a80accdb06b7c315285ca40a41bf94617def,2026-01-01,Shoplifting,-0.085089,51.512105,20,1
2fc177af4fae0cbfbb9f68724bfcc93ccec08ae05d428481ab19e1a4e08438da,2026-01-01,Shoplifting,-0.095924,51.513882,29,1
a8eb0437238552f6a730fd508d58a403ea7ecdfc2d8fd64f2282d5cdc1f4ce9f,2026-01-01,Shoplifting,-0.095224,51.513736,29,1
c86720ccce105fa10920ff556e43f5f68a772fa57ca359ac418ef21319cdd3fa,2026-01-01,Shoplifting,-0.079883,51.517326,57,1
b4a86968e06bd20643ee4f5f92d0409b0c3f5d7368cccbb319dc45e25e1b2f39,2026-01-01,Shoplifting,-0.079138,51.508312,9,0
a0fcb84dfbc4524793bef50a57d93970a42877f402244c46c82a0b56d38f3af2,2026-01-01,Shoplifting,-0.079907,51.517785,57,1
4608b97b8cf3945424077ac4cb7add8c7e7f00398823439e35df55b22abf3222,2026-01-01,Shoplifting,-0.079883,51.517326,57,1
3bc67737c2c912e9004341b152d66a495eeb6307b64308d147c59b8125213d5d,2026-01-01,Shoplifting,-0.086815,51.517007,55,1
a3ca02f4365f686a6332febae648a3a893dc736be2de4cb4acd9e3c71044da7e,2026-01-01,Shoplifting,-0.095224,51.513736,29,1
9e64d1e099d49588d67c20f4503b3ab5dde96b855050071273fbfcd9e959cfcf,2026-01-01,Shoplifting,-0.079907,51.517785,57,1
ddf0df9e3e76db13a10d1abd4f197d4cc31076ad8f037af6da628149d732577c,2026-01-01,Shoplifting,-0.096501,51.513874,28,0
e89c9ccd4098a49aa53e82b0dadad835a784bc5bda2947134317682751d4c29c,2026-01-01,Shoplifting,-0.09407,51.513079,29,1
ae9babda962f2cd2be20b07dabb03c047cf72347c18f5a9f10b16d45d41d710c,2026-01-01,Shoplifting,-0.078278,51.513666,34,1
1be4039a1e2a18c1df461cab9d271e054f9ab5d5cefc91b5c28d35b51b509c21,2026-01-01,Shoplifting,-0.079907,51.517785,57,1
9e780e3491079f269c66e1e33c07aca0a6c0dffbd8b5144539146db248f4c1d9,2026-01-01,Shoplifting,-0.09407,51.513079,29,1
ff0bda5004ae8838e6c8eddb59408c228d292ca6d1e145aa9b339aea65800aca,2026-01-01,Shoplifting,-0.095924,51.513882,29,1
076fe3e1dd107a3fe95a5f77ba3eb09d4def6aab70988c22ea0f4693d0ca18fb,2026-01-01,Shoplifting,-0.09407,51.513079,29,1
ec69343bea2fcbaef96b68dc90f9803ff823ba20530e9fb1f6c2e0fca1cf7d96,2026-01-01,Shoplifting,-0.09407,51.513079,29,1
d902345a47991f1215974ef27ce01e944db2ef4e54d28e4bdb4287740dad36ea,2026-01-01,Shoplifting,-0.09407,51.513079,29,1
8df6e458cba27cb7b1791a280da245dcab9052a08ffb478fedfb81d0eb547680,2026-01-01,Shoplifting,-0.089479,51.510864,18,0
712732fb9bfb90927df3973463f68d24ac09a234b607fc899ed0d4603577f2f3,2026-01-01,Shoplifting,-0.079883,51.517326,57,1
ad581e96afee8811d2032226c1ba523d1bc83c3a77988ce831746a3ab8a1681f,2026-01-01,Shoplifting,-0.085089,51.512105,20,1
00fe9db83f078ae79ff5425e0ac472122db6c2202dbfad320299bef1729f4975,2026-01-01,Theft from the person,-0.0949,51.513209,29,1
e40e7aa5397893697d221acfa1aa09be250787ff1025f7ac6558215cc733f122,2026-01-01,Theft from the person,-0.095764,51.512549,29,1
fd6ca7297bac6a8ca78190a1eb8a7596013784219af8fa5c84ef79ec62cb8ff0,2026-01-01,Theft from the person,-0.09154,51.511896,18,0
7a7493a5156bc9d07a1dc2e4fd53feb78e204bc04aa9eeac77d439df96f459e6,2026-01-01,Theft from the person,-0.09407,51.513079,29,1
6bb964a68453beebb007330172772e63ac8109cf5c22f7dbb7993583bf8e445d,2026-01-01,Theft from the person,-0.092531,51.512658,30,1
776e24e021a0a3aee695bc69ae71c3e35c0202bb0dbe50acc11ae9855eeef037,2026-01-01,Theft from the person,-0.088785,51.517102,55,1
69fc3115a3cdea9d938db615317b0c7b48b91c01a1fdeddbf3d24c32cba330ed,2026-01-01,Theft from the person,-0.095924,51.513882,29,1
d3246dbcbca35a6a49d4487133a1ac16ac55e779bab70b7ac856ea1e281ed605,2026-01-01,Theft from the person,-0.081113,51.516869,57,1
f07c6410b547e81a610790afe8167b3aed07ec47fda8cde333323abbb4148ab7,2026-01-01,Theft from the person,-0.081512,51.518692,57,1
a643871de81e70a20c13cd5d8ba00bd5e3f4af54386bc3352247466c7d0af5e9,2026-01-01,Theft from the person,-0.09446,51.512024,17,0
0e78d984f2326c84b97f976d2f0ec109af952ce5ca84e5583ea9ae11e4740392,2026-01-01,Theft from the person,-0.081512,51.518692,57,1
c1a5df5c35919c742e89857511a5ba05cf8d512a3e922e8db7f75f9c4558c702,2026-01-01,Theft from the person,-0.101906,51.511794,15,0
2aaa9dad6ab14a3fc456f1e5809c5abf4b20414a445b63b44c9c3a02ef33ad8f,2026-01-01,Theft from the person,-0.100201,51.513286,27,1
4a384f0b75601af5830f3abae2a63f46608802b713fa8f0befe7d25e0743fde6,2026-01-01,Theft from the person,-0.081902,51.517296,57,1
932417c30995107e51acd1d35f8531e5c094643065e22b4d7bcb7290d11a835f,2026-01-01,Theft from the person,-0.089808,51.517461,54,0
2ee2e7b6c917dcd98f0ba3676bb254faec242bc56779a9e80e0e943cfbeb7b7b,2026-01-01,Theft from the person,-0.096501,51.513874,28,0
069c6b015e7ca57383a5d8fbce5efcb55aab3e5b912007c6c7b77f6fc66317c0,2026-01-01,Theft from the person,-0.085089,51.512105,20,1
67f0e22a2e644804e8525b788fe001776871f73ce02faaa6cd3570097ea2ddc8,2026-01-01,Theft from the person,-0.096501,51.513874,28,0
80aeca26b81a62a08c8885bd50c80a53535fcb96d865761e40743c545e433ec9,2026-01-01,Theft from the person,-0.081113,51.516869,57,1
1b981fc57ffc7f64b4642374e8bd38dc6dad350b86463f2647f722bdbc024304,2026-01-01,Theft from the person,-0.07912,51.514912,45,0
c56986d02d74fdafd2628217ea1036b77e31c5f9707d661ca686bbfaa65015f2,2026-01-01,Theft from the person,-0.100201,51.513286,27,1
49b62c36787831e180d0f4b7764e5fcdee0b5a08ec515b4295d0bbd9c1ee717a,2026-01-01,Theft from the person,-0.095924,51.513882,29,1
f4721ca6585e1fd6988ae8681ae39d645ad4d0eb49a304c98d264fc00671b922,2026-01-01,Theft from the person,-0.088785,51.517102,55,1
2939dd5c216ff03ed30cee21257f29e7caa5b7c9fee991577f723e802d5876a4,2026-01-01,Theft from the person,-0.095764,51.512549,29,1
1b26d2bdaac08a7bbbeb48e01792608c6528c9fe36b4b9bdaf4dc809c60bc482,2026-01-01,Theft from the person,-0.101906,51.511794,15,0
0ab26b1ec1168f1294d4b02e330a70fb9832db1aa2c0e0cda503ecf473fcf5e5,2026-01-01,Theft from the person,-0.095924,51.513882,29,1
e0405810258b64b050ad267233e2c435adc88ca51b52f869e423c6d93fd670e8,2026-01-01,Theft from the person,-0.091947,51.513188,30,1
46c11922b9c31d9e573d9536edb68138b9b6364e9acd3287f9ed1cc5e9718cf6,2026-01-01,Theft from the person,-0.089208,51.509744,6,0
9d7d0fd30eb85c15eef0735677b95449313f059fb5c512dd10f66b9924ee2d14,2026-01-01,Theft from the person,-0.101963,51.510761,15,0
f006f993236a5504db431af8274a89496802d88556b79cd41e780f488cd048d4,2026-01-01,Theft from the person,-0.077563,51.517656,58,0
ef472908fe4593eccc01791dc4be54ef596d6af7ffef54551ebca04ab4a8908e,2026-01-01,Theft from the person,-0.087772,51.510665,19,0
597b6eba1ae9480eb0885047c417cf89eaea6cd0f70c86172d335ffefe8fbb95,2026-01-01,Theft from the person,-0.101963,51.510761,15,0
941445176311a77254ec304dc4dcdd3aa3f90a606e8d70b11a104f89c9e1e176,2026-01-01,Theft from the person,-0.084844,51.510725,20,1
f1dcf25078b6534d993eff61e64cbcf3eba495702356b5511c9875455fc33416,2026-01-01,Theft from the person,-0.095924,51.513882,29,1
15208f7a63d5c6eb99cf8a9fb4d069a512be68843b2d574faa35d41fed80453d,2026-01-01,Theft from the person,-0.081902,51.517296,57,1
96c49164b474d18f8705e59ab2bc2d43d76436ace809c7e138f495def4a50336,2026-01-01,Theft from the person,-0.095924,51.513882,29,1
f3d8369841b2c405dce76d7711dabdb162bad97db8d0bf69ea833549334dcb63,2026-01-01,Theft from the person,-0.091947,51.513188,30,1
a14afac4d5bff95760d9516bcb34ee93f310ee0806f96f11e507797c8d8bfde3,2026-01-01,Theft from the person,-0.095924,51.513882,29,1
08d22f6c88c467e5c2cf90fb88470e74d554b61e95f0a26846d2aed32e408711,2026-01-01,Theft from the person,-0.092531,51.512658,30,1
9c1c81e6bf17dc9e29f935ea0d124da8bb8cf633ba1372382535d0962f0795f0,2026-01-01,Theft from the person,-0.089822,51.516103,42,0
92875bf4ed086ee77506a1de5823e2e3b2f141bab367765864bfef84d20b9ac0,2026-01-01,Theft from the person,-0.095924,51.513882,29,1
16597680fa635451ac5154b2a38e9fd39a9406a2664fd690b5d44b4f6f8f88c6,2026-01-01,Theft from the person,-0.095054,51.510559,17,0
de6a35bc6e389cf5a6f49f4ae83e58bf085358246205dfe23d2686ffbe149a84,2026-01-01,Vehicle crime,-0.0836,51.509797,8,0
e65da518c16e8d4c6fa6987dead089dd6bc394bba75628fce7508cf171f24c3d,2026-01-01,Vehicle crime,-0.092633,51.509872,6,0
bc998f67b406bda155b2533ffa3db353a1e35e858458c34b101e4c2e3f1b1068,2026-01-01,Violence and sexual offences,-0.097291,51.514626,40,1
81ea779a407c638956f313072daa718c2f54f47ec304ec2bd7dcafa8cbba36ea,2026-01-01,Violence and sexual offences,-0.081113,51.516869,57,1
cd2a572a012adc0613b90f290bb2153bb96d522c8cf29a99d38faf6b9e86dc55,2026-01-01,Violence and sexual offences,-0.083977,51.510441,20,1
7ec2d407887190649a3ed0d21aaf465f2b28a7055a2c1bde1f22fbc9876cacd7,2026-01-01,Violence and sexual offences,-0.079907,51.517785,57,1
5fd37aaf491a58bbbd23b2621d1a864b7780668583cbb3d07e0d0fe3a416b9ab,2026-01-01,Violence and sexual offences,-0.097291,51.514626,40,1
a8ee2d3599cafffb87160d3a369d158c4afc83cb6d37f91ce39567797fb7dfc9,2026-01-01,Violence and sexual offences,-0.085089,51.512105,20,1
5c38a65f7750a84a03b21f94dff981d4d3611212729c88ad07f243c0208dac9b,2026-01-01,Violence and sexual offences,-0.084754,51.512882,32,1
afc36b78f1adc23982773cfa502297f47bd8e61931cdb77f2867f3d2c36ed360,2026-01-01,Violence and sexual offences,-0.095224,51.513736,29,1
ca1518cbdb01947529ab4699d48d7d47e42992ba22db25b192549244436f574b,2026-01-01,Violence and sexual offences,-0.101292,51.51477,39,0
baf5a14f8d97006bfa46c583039f73eada4ffece9668bfe4165bdf0b7a1640cb,2026-01-01,Violence and sexual offences,-0.079907,51.517785,57,1
5d180ac203986bf4de7fd70295dc9b887ec0918482d50283d35cd6e15a18a29e,2026-01-01,Violence and sexual offences,-0.087772,51.510665,19,0
9f91dad71f8e39591613492ff18b791c23c1c277f8de82f3e96fda6b102d82bd,2026-01-01,Violence and sexual offences,-0.097291,51.514626,40,1
29b6a73e1967e9daf1cc04fed8f1d63bee85c1b51a172708717245e2cf727ebc,2026-01-01,Violence and sexual offences,-0.083977,51.510441,20,1
b7e6b5e6ee06be3b6003b2dab482ac1745225ba86e2ee86a5e1a4f39ac2774df,2026-01-01,Violence and sexual offences,-0.083977,51.510441,20,1
8a400896373abba9ecd55320bdb72607e2f9542da263ad3ad61db467c604811f,2026-01-01,Violence and sexual offences,-0.088456,51.514975,43,0
9a360dd16fd32cbbbd3f3a93432c880468cdbe221fb01fd172e97d9289487313,2026-01-01,Violence and sexual offences,-0.079907,51.517785,57,1
20d5a4c2ab570fa43a4a431c0a6c8b6cd4067a58d3af31c4c02c7abf45d67f4e,2026-01-01,Violence and sexual offences,-0.083349,51.51483,44,1
bea4563809e11356ac430bc93e837a49cbfebb8fb1950c6614bd42c82fd53316,2026-01-01,Violence and sexual offences,-0.085089,51.512105,20,1
7988c3ded6a7a4bf7a12ba0f4d72e94b6db238937bfcf53dad564f74717eb21a,2026-01-01,Violence and sexual offences,-0.087157,51.512624,31,0
844213bafd7c9773e2f00ad91bc210de8ff6544ece3c391b99e50c5038372437,2026-01-01,Violence and sexual offences,-0.082993,51.51636,44,1
17d3a7c480fd9b501faee13f48f7d66ca359c3dbb32dc52959dbf1ba1a6364d7,2026-01-01,Violence and sexual offences,-0.095054,51.510559,17,0
ad3f9999cee17494948596489e6d8a7dd9a54c00fa50032d5a50471f32fcb06b,2026-01-01,Violence and sexual offences,-0.087772,51.510665,19,0
f39c74ce5e42c33fa13de6a1153cf07dc2dfe42eda3496e28884004476b60edf,2026-01-01,Violence and sexual offences,-0.090578,51.509722,6,0
fb3cead3c1974bdf852fe05fa5214ec7462da0019532caa92b5cf0754e193dbe,2026-01-01,Violence and sexual offences,-0.081113,51.516869,57,1
b51ec23e1c482a1a8336bf2f03b66dd083341e05dbb561941027b10e5299e641,2026-01-01,Violence and sexual offences,-0.101929,51.511478,15,0
adfda778cc5c3313e3082725df890b4f44f8566cb81e6710b2c443fde0d1e051,2026-01-01,Violence and sexual offences,-0.095764,51.512549,29,1
b76287a0f0d014266d3793b64633a8346629d8f888574157f780872711ff4deb,2026-01-01,Violence and sexual offences,-0.081973,51.515948,45,0
ef93c7c15c0aea838d830a0fe4a07e23dea5fd7c65ecf6eda56f70010a330faf,2026-01-01,Violence and sexual offences,-0.087157,51.512624,31,0
3e201993ca60112751565e697a73b4934acc83ee8f675e5eb81ec85ad1803cb4,2026-01-01,Violence and sexual offences,-0.081902,51.517296,57,1
8207728d9a61ca945cecc1fb18a60ebd9c899fce42db576472fa23ddda1b33dc,2026-01-01,Violence and sexual offences,-0.083977,51.510441,20,1
e70a5049c5edbf58ae225731b5e3c331daec8f078f2b9ebbd2c8d9ae4843fdcd,2026-01-01,Violence and sexual offences,-0.095924,51.513882,29,1
c8174e4123ef53108653d47e746a11b3d80a87de87b9cc8f928a2781c7fb826e,2026-01-01,Violence and sexual offences,-0.095924,51.513882,29,1
dec42e16709a1bb0d789da474c2f1096e7d9cb2d94f55cc57677a2466d214b5e,2026-01-01,Violence and sexual offences,-0.079907,51.517785,57,1
c55a291b6454c901f649595d0879f2b510f8a5bb8056a8bc33fa6341d8000871,2026-01-01,Violence and sexual offences,-0.084844,51.5097,8,0
a60f6670a83e340659ea51c0164e89bfc898ced4e193abe381e2335216fc3aee,2026-01-01,Violence and sexual offences,-0.077959,51.511332,22,1
8a1a6c03d3e48205306755a729a642bb1f9c19c789e07b3e51a29762f1b275c7,2026-01-01,Violence and sexual offences,-0.095764,51.512549,29,1
0d2bf2c2ef3f54e50358d0ca30a0c7d92041da14ef14d23465ad83e59e1182ba,2026-01-01,Violence and sexual offences,-0.084844,51.5097,8,0
f6ea143de15e320060ff811dae281b693a513fca22931bd5da0d3f9208fcb883,2026-01-01,Violence and sexual offences,-0.081643,51.51007,21,0
abb121a81c8e46e0e1b1882ce839948a535f1e98258edadeb5d3db6aeff91cdc,2026-01-01,Violence and sexual offences,-0.095924,51.513882,29,1
0db2df7ce698a521011f244ee2bc562ee31a1190b56296592b32cab69e4b14fd,2026-01-01,Violence and sexual offences,-0.079907,51.517785,57,1
f82d245bcb3c065382e67ced6f5a36d9eabe984098d827e46f4d6edc6a8ed071,2026-01-01,Violence and sexual offences,-0.079907,51.517785,57,1
a6dcf058aa6e992c4a7e67efc894b0d98eb32cfa999ca62224d542cad01ae22a,2026-01-01,Violence and sexual offences,-0.079883,51.517326,57,1
f259233ca4463e165480db2ef368c6a0a1b98cdd2516ef40b6c944c3f69b3e8d,2026-01-01,Violence and sexual offences,-0.097291,51.514626,40,1
2e828b8883ff89eb55a297eb682c98ed49cd5618105d4d94bae73e16ffa3b138,2026-01-01,Violence and sexual offences,-0.097291,51.514626,40,1
2485eaa66730c03202b48057183711a716e503aad079b050ae0d9c0e18502128,2026-01-01,Violence and sexual offences,-0.079883,51.517326,57,1
d1856db61601cbcd1afdadd6caec3a232ed6de86312ef48991c94935c2118378,2026-01-01,Violence and sexual offences,-0.081113,51.516869,57,1
f47909d04cc8a72c39912a9b9da70da73d2b538ddb7063cf3e688b77e838a056,2026-01-01,Violence and sexual offences,-0.083349,51.51483,44,1
e54e079a9bc0f53bfa0723df5c5cfe130356ded547c1398cf57557e65b8fe2e5,2026-01-01,Violence and sexual offences,-0.084844,51.510725,20,1
270638c458865a28de15242bb7068023ea5640579d268a3e04e75305dcbcc4ea,2026-01-01,Violence and sexual offences,-0.079907,51.517785,57,1
2ad94353dad9836d8db070c3850385f7a3e8b05b4255f250d524578aeee01b77,2026-01-01,Violence and sexual offences,-0.077372,51.51259,34,1
7d25ce313fb12dfca461bd1f22263346fa0ffb5f43b776be746a9b9577a5e5e6,2026-01-01,Violence and sexual offences,-0.096917,51.510823,16,0
f99c818e6d7b7e0683c9c0e819982fb3ba5d96c97039918e097418eea25bb8ac,2026-01-01,Violence and sexual offences,-0.101292,51.51477,39,0
e4223ffbb2670e755ee3240b91223826b2efad146b76b31733d0fd46bcf45e99,2026-01-01,Violence and sexual offences,-0.081512,51.518692,57,1
70e35d644be37fa05ce572a6be2c691e647e4d2ea53017261e902972f1f60981,2026-01-01,Violence and sexual offences,-0.084836,51.511939,20,1
76ffab368fdf45fb4b36f246229eda2f696b21b93c2b0e9af2120dd046c76224,2026-01-01,Violence and sexual offences,-0.095924,51.513882,29,1
243ef5cc49c3513c7cc5f762cb60fc40655ac83730e37c8781e172ec9f3b6749,2026-01-01,Violence and sexual offences,-0.081643,51.51007,21,0
37291e45b40dfde18e3cc5aab89ead67dc8a359c87ba54a0a4aae4e847004202,2026-01-01,Violence and sexual offences,-0.083977,51.510441,20,1
fc4a66f7c9dc0c6868ea8fd5536b25b3bfc6b35559e041ba78d89420df2bffda,2026-01-01,Violence and sexual offences,-0.079883,51.517326,57,1
845f44670e5c5b38263d262f297bd3bcbd0d66f8e3c176bd68103a4c35261e0e,2026-01-01,Other crime,-0.101292,51.51477,39,0
d098707f9c4c4ba7b754ea83a92ba8f3b5ef1e8fd429946bba5326d2f531ef86,2026-01-01,Other crime,-0.092531,51.512658,30,1
69ace3d5a1c950665329a063c283349c9600fa665e20e15a42114462d55c58bd,2026-01-01,Other crime,-0.089808,51.517461,54,0
,2026-01-01,Anti-social behaviour,-0.107201,51.514092,26,0
,2026-01-01,Anti-social behaviour,-0.107443,51.515534,37,0
ce92a5513043b6105d75e64a0502359634c7b851f717c7092bdb1bdbb9d8471a,2026-01-01,Bicycle theft,-0.098017,51.519689,64,0
665b3e6d714dbdfc1b137c57c0317f558ae4c2811b58d23bff7d4a54c22fd455,2026-01-01,Burglary,-0.105131,51.513941,26,0
2465bf588c2f7a1f5478aa31dbc9cc81cd57879180f77a18058055b9deda16ac,2026-01-01,Burglary,-0.109164,51.517846,49,0
fc138cfa5889fc4a3c68605e897e4bc8fff811f563547393fead60df54003354,2026-01-01,Burglary,-0.110474,51.517193,49,0
a23603a01ab068f6d3402a0ae936e6f00f6fa030cafe5fca58c3ce6d48e0c05e,2026-01-01,Burglary,-0.110474,51.517193,49,0
e0e51326111745c08a8120f569eec090a599318af588df618f84deee7df0d621,2026-01-01,Burglary,-0.101359,51.5187,51,0
e386a12ec7cdd3b0f5ecb3b0f6fb6dafb1be7fa2ababaf7fe9c21b1502f0fbc5,2026-01-01,Burglary,-0.098397,51.519561,64,0
a37f20be94eb096ccbb2d2e486f8135afd5d6ad33e1d16a59461895babe8b618,2026-01-01,Burglary,-0.102812,51.517051,51,0
f07b66d29ac10ad9360e08991e5327fc98c2b13fa50f143494a249ffca9773ce,2026-01-01,Burglary,-0.108027,51.511884,13,0
7563300f07cd071f94d2aae29eb0bb3ad80197952212820f3ff42afc751382dd,2026-01-01,Criminal damage and arson,-0.109164,51.517846,49,0
3af596a1508d3126554b2253e022d3dcfe3b1c15bd24257babdd3fa2797d49d3,2026-01-01,Criminal damage and arson,-0.101621,51.516906,51,0
b236d2e258494649fe017bf504e56c7d10b58a8a56b0991568bce0fe25be6f6b,2026-01-01,Drugs,-0.109387,51.513839,25,0
a5c76e653fdf599e885941c9eb065f62618ed8bb3415dfe44e8f0c96e57fca71,2026-01-01,Drugs,-0.10349,51.513897,27,1
103016601f7ab35ca1254eca663d302619f354134010a54f5599635b403d5330,2026-01-01,Drugs,-0.101621,51.516906,51,0
655e57e45377077294f04bed97a2220fe267b5aae583311911c0acf2dae51a08,2026-01-01,Drugs,-0.102726,51.513911,27,1
5a66b76010eae4d376fd918dbb8a9b803ca62a7770f749289e739e94ae0209c8,2026-01-01,Drugs,-0.102812,51.517051,51,0
9f25b456d3cac4b487f26d3ad6b59e8827a6d9287a807226f2b3deb78efd1e7d,2026-01-01,Drugs,-0.106076,51.517239,50,0
6b4d8cbb1c6f056b1481d71f88dbf126f689e78eae0225e403bcf9d2852ef855,2026-01-01,Drugs,-0.106076,51.517239,50,0
a42da95b608cd62582c670e8aead466ee0f2042214801ce1d0a58a1827b26d3a,2026-01-01,Drugs,-0.105131,51.513941,26,0
8a0f36fe1ee4332317505758ded7e777b83f29af28b85ece20904c551e7015dc,2026-01-01,Other theft,-0.107201,51.514092,26,0
fa84b3441521b0f7f349f2d315cfb05d69280adfc062ab39e26a965162c3c779,2026-01-01,Other theft,-0.10498,51.512033,14,0
bd00b8352b89dcec32a29ea573244e601afd165b01926dd1167998c0ca0f4390,2026-01-01,Other theft,-0.099803,51.519026,52,0
833bc13be41839a673e016b1903314144bed961cc8ad998c0fedb4e892bc2698,2026-01-01,Other theft,-0.098017,51.519689,64,0
9fc558ebf142adc93a1d74ec4f8432d95e36a133b19461610642e51535ad7b58,2026-01-01,Other theft,-0.106076,51.517239,50,0
40c380b346d4fbaac2b95938551ef678f614bceaa0819d54fa8e7c631a3dffe2,2026-01-01,Other theft,-0.099301,51.519674,64,0
2026f3caa923de69c9012df381cec49eea77075aaeddb9546b5028c276717f7f,2026-01-01,Other theft,-0.102812,51.517051,51,0
8d9333ba63b2f9de0c6629b84f419f296620b713140d0745006342ca54cd55f5,2026-01-01,Other theft,-0.098017,51.519689,64,0
82fbb3eb61742201bd33fe0e551636cccf3b7fad57bdcffd64b1c683fefaa9ef,2026-01-01,Other theft,-0.099301,51.519674,64,0
4a1ee6939720635cb7f933abb70aab582ef832a163db814452fcab755a8830ae,2026-01-01,Other theft,-0.107201,51.514092,26,0
e0334777c1e197848a702683d3c16c4ea1c8573d22a88f25aeec34af867ba710,2026-01-01,Other theft,-0.109913,51.516806,49,0
c2161798a79eaab2a7d746a4d3bb6a49f956868e0ca5e2b005fa20ef5a784403,2026-01-01,Other theft,-0.112941,51.517484,48,0
9f73bf78d7bfb4d1df506fafc04c0ad829dae59112b18832a037a7b551bd3e40,2026-01-01,Other theft,-0.109387,51.513839,25,0
1ebfa80d2d5a561fbd1a6cb8ea03e41f761be2e53a1e98328d3ae9808b6e2988,2026-01-01,Other theft,-0.099803,51.519026,52,0
73f09a3845e77d15b21cb33e5a80ad4c7dfa928e6a1296ab8e3f61d7dbf3c85f,2026-01-01,Other theft,-0.099301,51.519674,64,0
57f8c1e18ecfd3401ec0381a3bc7398dd7f18a9d310ddd2c759f27fce8ae96f7,2026-01-01,Other theft,-0.101359,51.5187,51,0
cad36ab96e89b7af1471dc9a0be2f1ef176f9e6d4f63473df2edffb7a68ca8a4,2026-01-01,Other theft,-0.101359,51.5187,51,0
00bcc0f281c0bb1372b35d23e8ee8f39747527ca6e793b944ca9db5ab74855d9,2026-01-01,Possession of weapons,-0.101361,51.519357,63,0
954f1134d8b2072e38864af175b431f976eafa2de9fd07676573498668ca3a03,2026-01-01,Public order,-0.106076,51.517239,50,0
0fc922881e2bf06753dad2925851c5dd6fcf8c6fb1b7d8e7e6d47689b33fdae2,2026-01-01,Public order,-0.101359,51.5187,51,0
910fd4fe7519d2541e8ec60d26f64a93508d25f1109f0a3277d8129277c8424e,2026-01-01,Public order,-0.101621,51.516906,51,0
f69a4d2e44ed1bab61cc404f69850b2bac663d1a1a52b13a9819c392fad9713d,2026-01-01,Public order,-0.105909,51.513262,26,0
617916f04d15ca37c544f643d22d4d89ccaa4beacad9a81fdbe8d69af56e1beb,2026-01-01,Public order,-0.11069,51.517916,49,0
136319c31adb6c3c598ad024d4fb92913956c5cc13accf95926b3ce1cda9c03f,2026-01-01,Robbery,-0.108027,51.511884,13,0
89d9f2fc3f8550205dfed2b652fcd095909b3c9e90905d08d4eded8a5a9d0b7f,2026-01-01,Robbery,-0.112953,51.518231,48,0
3e027a50b1ef4a5ffdef46cd046d55394f89e545762b7a79bf9361d85ae379e1,2026-01-01,Robbery,-0.102812,51.517051,51,0
6d6af6f7637b34ee19e0a896e7a96d6aaed03e6aeab390a69152be19e9b5e411,2026-01-01,Robbery,-0.106076,51.517239,50,0
3845d7943e4721968118245ccf49d916c3d47b9c54d03e6070f4c4d9bdb2e138,2026-01-01,Robbery,-0.106076,51.517239,50,0
52b53fdd66d04e3d9dffbb10ba523f0b17203b4e59ee030486e9de58a79e7925,2026-01-01,Robbery,-0.112953,51.518231,48,0
c1711bc6180f52f998d72eab26aab16bcd1a84a99462682e62c95c54e88dc6b0,2026-01-01,Robbery,-0.101361,51.519357,63,0
13b8f3c26a52084a016d3266ec08c231d512506ed2a83b4c6cea72a5ac1a1411,2026-01-01,Shoplifting,-0.112941,51.517484,48,0
61e89cf7ee93e46cfaae0292d7994ff314bf27970fae3cdcf6168702e689a7e0,2026-01-01,Shoplifting,-0.112941,51.517484,48,0
1a0a75f14e08068892976d118484015f25fe89f995dd2f3bcc0e2bf6decfe1bb,2026-01-01,Shoplifting,-0.112941,51.517484,48,0
6e9cdc3eaccc65b6f4ab122fbfd5eb729d44237c80a81f1551052437e59322b8,2026-01-01,Shoplifting,-0.10498,51.512033,14,0
8f60829a346024e384e6fe7bfab5763c70f419222e2ecbfd0febe0660cf62166,2026-01-01,Shoplifting,-0.10498,51.512033,14,0
a50860d74826f08624ea29931315cffc90fd24d78e930cca90e79875682487f2,2026-01-01,Shoplifting,-0.10498,51.512033,14,0
2a197f7fe8f9a852d0423d2aa22ff97b28f599e0f0cb1fe55776a31116a92ad2,2026-01-01,Theft from the person,-0.108027,51.511884,13,0
37127f0e4f8fe3f88245a4b218352c0bcd8444454343dfe17044de872cdb6cb1,2026-01-01,Theft from the person,-0.111065,51.512302,24,0
79aa3f5626c0aac20114eb79d170f009e2622cc317189866e1c952579d4e60ca,2026-01-01,Theft from the person,-0.109297,51.515681,37,0
8454cd234fa0d5ac740ce5770d5144d1df95ee8a1c6a5e48920535db088e634d,2026-01-01,Theft from the person,-0.109387,51.513839,25,0
06d603e65e711839cc62d202afd1846220c04c5b59cefacdd0f47d2b51ddf333,2026-01-01,Theft from the person,-0.101359,51.5187,51,0
8319751a5098486888163f274b8cfe125f8535362c801aae60ffe2246340ff0d,2026-01-01,Theft from the person,-0.108027,51.511884,13,0
5b951ecc616af64809612125e8e5167f897891800f6e2806cbde6225038880c6,2026-01-01,Theft from the person,-0.103393,51.517978,51,0
8f4896427b4984dfb1a801b0c7ee3978b92cdfa20d6e56d60753aeabd5a80ca6,2026-01-01,Vehicle crime,-0.109164,51.517846,49,0
01377ae3aa9554fec095f8aadba7c7c59e7a76c8f4c562cb5092ed966e374df8,2026-01-01,Violence and sexual offences,-0.099803,51.519026,52,0
4948135cd537eb925301b4a0bcd1ac7c09331f227584ee892a9cfc01e253f138,2026-01-01,Violence and sexual offences,-0.103393,51.517978,51,0
feb9249a7a59ca115fbc362bf5b671cfa06394d13962d77559c5f4e5b14fa614,2026-01-01,Violence and sexual offences,-0.101621,51.516906,51,0
a4b9de2ceb6474c7eaa8c75ebdc70f6641aee24946959915938f291d8cad8b2c,2026-01-01,Violence and sexual offences,-0.101361,51.519357,63,0
75b224da49dc058bd3ce29b1d944274e9129402c551b8d0ff85dca243ef1de93,2026-01-01,Violence and sexual offences,-0.101359,51.5187,51,0
a44eacb2d477ca1a248d398c80757bca176683c9ad3cd49bf0f81cc916f577f7,2026-01-01,Violence and sexual offences,-0.103393,51.517978,51,0
